START DATE,START TIME,START TIME ET,SUBJECT,LOCATION,DESCRIPTION,END DATE,END DATE ET,END TIME,END TIME ET,REMINDER OFF,REMINDER ON,REMINDER DATE,REMINDER TIME,REMINDER TIME ET,SHOWTIMEAS FREE,SHOWTIMEAS BUSY
02/22/25,01:07 PM,01:07 PM,Yankees at Blue Jays,TD Ballpark - Dunedin,"Local TV: Sportsnet ----- Local Radio: SN590- Sportsnet.ca",02/22/25,02/22/25,04:07 PM,04:07 PM,FALSE,TRUE,02/22/25,12:07 PM,12:07 PM,FREE,BUSY
02/23/25,01:05 PM,01:05 PM,Blue Jays at Red Sox,JetBlue Park - Ft. Myers,"Local TV: Sportsnet ONE ----- Local Radio: SN590- Sportsnet.ca",02/23/25,02/23/25,04:05 PM,04:05 PM,FALSE,TRUE,02/23/25,12:05 PM,12:05 PM,FREE,BUSY
02/25/25,01:07 PM,01:07 PM,Cardinals at Blue Jays,TD Ballpark - Dunedin,"Local TV: Sportsnet ----- Local Radio: MLB Audio",02/25/25,02/25/25,04:07 PM,04:07 PM,FALSE,TRUE,02/25/25,12:07 PM,12:07 PM,FREE,BUSY
02/26/25,01:07 PM,01:07 PM,Phillies at Blue Jays,TD Ballpark - Dunedin,"Local TV: Sportsnet- MLBN (out-of-market only) ----- Local Radio: MLB Audio",02/26/25,02/26/25,04:07 PM,04:07 PM,FALSE,TRUE,02/26/25,12:07 PM,12:07 PM,FREE,BUSY
02/27/25,01:05 PM,01:05 PM,Blue Jays at Orioles,Ed Smith Stadium - Sarasota,"",02/27/25,02/27/25,04:05 PM,04:05 PM,FALSE,TRUE,02/27/25,12:05 PM,12:05 PM,FREE,BUSY
02/28/25,01:07 PM,01:07 PM,Tigers at Blue Jays,TD Ballpark - Dunedin,"Local TV: Sportsnet ----- Local Radio: MLB Audio",02/28/25,02/28/25,04:07 PM,04:07 PM,FALSE,TRUE,02/28/25,12:07 PM,12:07 PM,FREE,BUSY
02/28/25,06:35 PM,06:35 PM,Blue Jays at Yankees,George M. Steinbrenner Field - Tampa,"Local TV: Sportsnet",02/28/25,02/28/25,09:35 PM,09:35 PM,FALSE,TRUE,02/28/25,05:35 PM,05:35 PM,FREE,BUSY
03/01/25,01:05 PM,01:05 PM,Blue Jays at Braves,CoolToday Park - North Port,"Local Radio: SN590- Sportsnet.ca",03/01/25,03/01/25,04:05 PM,04:05 PM,FALSE,TRUE,03/01/25,12:05 PM,12:05 PM,FREE,BUSY
03/02/25,01:07 PM,01:07 PM,Phillies at Blue Jays,TD Ballpark - Dunedin,"Local TV: Sportsnet ----- Local Radio: SN590- Sportsnet.ca",03/02/25,03/02/25,04:07 PM,04:07 PM,FALSE,TRUE,03/02/25,12:07 PM,12:07 PM,FREE,BUSY
03/03/25,01:05 PM,01:05 PM,Blue Jays at Tigers,Publix Field at Joker Marchant Stadium - Lakeland,"",03/03/25,03/03/25,04:05 PM,04:05 PM,FALSE,TRUE,03/03/25,12:05 PM,12:05 PM,FREE,BUSY
03/05/25,01:05 PM,01:05 PM,Blue Jays at Pirates,LECOM Park - Bradenton,"Local TV: Sportsnet",03/05/25,03/05/25,04:05 PM,04:05 PM,FALSE,TRUE,03/05/25,12:05 PM,12:05 PM,FREE,BUSY
03/06/25,01:07 PM,01:07 PM,Red Sox at Blue Jays,TD Ballpark - Dunedin,"Local TV: Sportsnet ----- Local Radio: MLB Audio",03/06/25,03/06/25,04:07 PM,04:07 PM,FALSE,TRUE,03/06/25,12:07 PM,12:07 PM,FREE,BUSY
03/07/25,06:35 PM,06:35 PM,Blue Jays at Yankees,George M. Steinbrenner Field - Tampa,"Local TV: Sportsnet",03/07/25,03/07/25,09:35 PM,09:35 PM,FALSE,TRUE,03/07/25,05:35 PM,05:35 PM,FREE,BUSY
03/08/25,01:05 PM,01:05 PM,Blue Jays at Phillies,BayCare Ballpark - Clearwater,"Local TV: MLBN (out-of-market only)",03/08/25,03/08/25,04:05 PM,04:05 PM,FALSE,TRUE,03/08/25,12:05 PM,12:05 PM,FREE,BUSY
03/08/25,01:07 PM,01:07 PM,Tigers at Blue Jays,TD Ballpark - Dunedin,"Local TV: Sportsnet ----- Local Radio: SN590- Sportsnet.ca",03/08/25,03/08/25,04:07 PM,04:07 PM,FALSE,TRUE,03/08/25,12:07 PM,12:07 PM,FREE,BUSY
03/09/25,01:05 PM,01:05 PM,Blue Jays at Rays,Charlotte Sports Park - Port Charlotte,"Local TV: Sportsnet- MLBN (out-of-market only) ----- Local Radio: Sportsnet.ca- SN590",03/09/25,03/09/25,04:05 PM,04:05 PM,FALSE,TRUE,03/09/25,12:05 PM,12:05 PM,FREE,BUSY
03/10/25,01:07 PM,01:07 PM,Astros at Blue Jays,TD Ballpark - Dunedin,"Local TV: Sportsnet- MLBN (out-of-market only) ----- Local Radio: MLB Audio",03/10/25,03/10/25,04:07 PM,04:07 PM,FALSE,TRUE,03/10/25,12:07 PM,12:07 PM,FREE,BUSY
03/11/25,01:07 PM,01:07 PM,Twins at Blue Jays,TD Ballpark - Dunedin,"Local TV: Sportsnet ----- Local Radio: MLB Audio",03/11/25,03/11/25,04:07 PM,04:07 PM,FALSE,TRUE,03/11/25,12:07 PM,12:07 PM,FREE,BUSY
03/13/25,01:07 PM,01:07 PM,Orioles at Blue Jays,TD Ballpark - Dunedin,"Local TV: Sportsnet ----- Local Radio: MLB Audio",03/13/25,03/13/25,04:07 PM,04:07 PM,FALSE,TRUE,03/13/25,12:07 PM,12:07 PM,FREE,BUSY
03/14/25,06:05 PM,06:05 PM,Blue Jays at Astros,CACTI Park of the Palm Beaches - West Palm Beach,"",03/14/25,03/14/25,09:05 PM,09:05 PM,FALSE,TRUE,03/14/25,05:05 PM,05:05 PM,FREE,BUSY
03/15/25,01:05 PM,01:05 PM,Blue Jays at Cardinals,Roger Dean Chevrolet Stadium - Jupiter,"Local TV: Sportsnet",03/15/25,03/15/25,04:05 PM,04:05 PM,FALSE,TRUE,03/15/25,12:05 PM,12:05 PM,FREE,BUSY
03/16/25,01:07 PM,01:07 PM,Braves at Blue Jays,TD Ballpark - Dunedin,"Local TV: Sportsnet ----- Local Radio: MLB Audio",03/16/25,03/16/25,04:07 PM,04:07 PM,FALSE,TRUE,03/16/25,12:07 PM,12:07 PM,FREE,BUSY
03/17/25,01:05 PM,01:05 PM,Blue Jays at Phillies,BayCare Ballpark - Clearwater,"",03/17/25,03/17/25,04:05 PM,04:05 PM,FALSE,TRUE,03/17/25,12:05 PM,12:05 PM,FREE,BUSY
03/17/25,01:07 PM,01:07 PM,Yankees at Blue Jays,TD Ballpark - Dunedin,"Local TV: Sportsnet ----- Local Radio: MLB Audio",03/17/25,03/17/25,04:07 PM,04:07 PM,FALSE,TRUE,03/17/25,12:07 PM,12:07 PM,FREE,BUSY
03/18/25,06:05 PM,06:05 PM,Blue Jays at Orioles,Ed Smith Stadium - Sarasota,"",03/18/25,03/18/25,09:05 PM,09:05 PM,FALSE,TRUE,03/18/25,05:05 PM,05:05 PM,FREE,BUSY
03/20/25,01:07 PM,01:07 PM,Rays at Blue Jays,TD Ballpark - Dunedin,"Local TV: Sportsnet ----- Local Radio: MLB Audio",03/20/25,03/20/25,04:07 PM,04:07 PM,FALSE,TRUE,03/20/25,12:07 PM,12:07 PM,FREE,BUSY
03/21/25,01:07 PM,01:07 PM,Phillies at Blue Jays,TD Ballpark - Dunedin,"Local TV: Sportsnet ----- Local Radio: MLB Audio",03/21/25,03/21/25,04:07 PM,04:07 PM,FALSE,TRUE,03/21/25,12:07 PM,12:07 PM,FREE,BUSY
03/22/25,01:05 PM,01:05 PM,Blue Jays at Twins,Lee Health Sports Complex - Fort Myers,"Local TV: Sportsnet ONE ----- Local Radio: SN590",03/22/25,03/22/25,04:05 PM,04:05 PM,FALSE,TRUE,03/22/25,12:05 PM,12:05 PM,FREE,BUSY
03/23/25,01:07 PM,01:07 PM,Pirates at Blue Jays,TD Ballpark - Dunedin,"Local TV: Sportsnet ----- Local Radio: Sportsnet.ca- MLB Audio",03/23/25,03/23/25,04:07 PM,04:07 PM,FALSE,TRUE,03/23/25,12:07 PM,12:07 PM,FREE,BUSY
03/27/25,03:07 PM,03:07 PM,Orioles at Blue Jays,Rogers Centre - Toronto,"Local TV: Sportsnet- TVA Sports ----- Local Radio: SN590- SN APP",03/27/25,03/27/25,06:07 PM,06:07 PM,FALSE,TRUE,03/27/25,02:07 PM,02:07 PM,FREE,BUSY
03/28/25,07:07 PM,07:07 PM,Orioles at Blue Jays,Rogers Centre - Toronto,"Local TV: Apple TV+ ----- Local Radio: SN590- SN APP",03/28/25,03/28/25,10:07 PM,10:07 PM,FALSE,TRUE,03/28/25,06:07 PM,06:07 PM,FREE,BUSY
03/29/25,03:07 PM,03:07 PM,Orioles at Blue Jays,Rogers Centre - Toronto,"Local TV: Sportsnet ----- Local Radio: SN590- SN APP",03/29/25,03/29/25,06:07 PM,06:07 PM,FALSE,TRUE,03/29/25,02:07 PM,02:07 PM,FREE,BUSY
03/30/25,01:37 PM,01:37 PM,Orioles at Blue Jays,Rogers Centre - Toronto,"Local TV: Sportsnet- TVA Sports ----- Local Radio: SN590- SN APP",03/30/25,03/30/25,04:37 PM,04:37 PM,FALSE,TRUE,03/30/25,12:37 PM,12:37 PM,FREE,BUSY
03/31/25,07:07 PM,07:07 PM,Nationals at Blue Jays,Rogers Centre - Toronto,"Local TV: Sportsnet- TVA Sports ----- Local Radio: SN590- SN APP",03/31/25,03/31/25,10:07 PM,10:07 PM,FALSE,TRUE,03/31/25,06:07 PM,06:07 PM,FREE,BUSY
04/01/25,07:07 PM,07:07 PM,Nationals at Blue Jays,Rogers Centre - Toronto,"Local TV: Sportsnet- TVA Sports ----- Local Radio: SN590- SN APP",04/01/25,04/01/25,10:07 PM,10:07 PM,FALSE,TRUE,04/01/25,06:07 PM,06:07 PM,FREE,BUSY
04/02/25,03:07 PM,03:07 PM,Nationals at Blue Jays,Rogers Centre - Toronto,"Local TV: Sportsnet ----- Local Radio: SN590- SN APP",04/02/25,04/02/25,06:07 PM,06:07 PM,FALSE,TRUE,04/02/25,02:07 PM,02:07 PM,FREE,BUSY
04/04/25,03:10 PM,03:10 PM,Blue Jays at Mets,Citi Field - Flushing,"Local TV: Sportsnet ----- Local Radio: SN590- SN APP",04/04/25,04/04/25,06:10 PM,06:10 PM,FALSE,TRUE,04/04/25,02:10 PM,02:10 PM,FREE,BUSY
04/05/25,07:10 PM,07:10 PM,Blue Jays at Mets,Citi Field - Flushing,"Local TV: SN1 ----- Local Radio: SN590- SN APP",04/05/25,04/05/25,10:10 PM,10:10 PM,FALSE,TRUE,04/05/25,06:10 PM,06:10 PM,FREE,BUSY
04/06/25,01:40 PM,01:40 PM,Blue Jays at Mets,Citi Field - Flushing,"Local TV: Sportsnet ----- Local Radio: SN590- SN APP",04/06/25,04/06/25,04:40 PM,04:40 PM,FALSE,TRUE,04/06/25,12:40 PM,12:40 PM,FREE,BUSY
04/07/25,06:45 PM,06:45 PM,Blue Jays at Red Sox,Fenway Park - Boston,"Local TV: Sportsnet ----- Local Radio: SN590- SN APP",04/07/25,04/07/25,09:45 PM,09:45 PM,FALSE,TRUE,04/07/25,05:45 PM,05:45 PM,FREE,BUSY
04/08/25,06:45 PM,06:45 PM,Blue Jays at Red Sox,Fenway Park - Boston,"Local TV: Sportsnet- SN1- TVA Sports ----- Local Radio: SN590- SN APP",04/08/25,04/08/25,09:45 PM,09:45 PM,FALSE,TRUE,04/08/25,05:45 PM,05:45 PM,FREE,BUSY
04/09/25,06:45 PM,06:45 PM,Blue Jays at Red Sox,Fenway Park - Boston,"Local TV: SN1 ----- Local Radio: SN590- SN APP",04/09/25,04/09/25,09:45 PM,09:45 PM,FALSE,TRUE,04/09/25,05:45 PM,05:45 PM,FREE,BUSY
04/10/25,04:10 PM,04:10 PM,Blue Jays at Red Sox,Fenway Park - Boston,"Local TV: Sportsnet ----- Local Radio: SN590- SN APP",04/10/25,04/10/25,07:10 PM,07:10 PM,FALSE,TRUE,04/10/25,03:10 PM,03:10 PM,FREE,BUSY
04/12/25,04:05 PM,04:05 PM,Blue Jays at Orioles,Oriole Park at Camden Yards - Baltimore,"Local TV: SN1 ----- Local Radio: SN590- SN APP",04/12/25,04/12/25,07:05 PM,07:05 PM,FALSE,TRUE,04/12/25,03:05 PM,03:05 PM,FREE,BUSY
04/13/25,01:35 PM,01:35 PM,Blue Jays at Orioles,Oriole Park at Camden Yards - Baltimore,"Local TV: Sportsnet- TVA Sports ----- Local Radio: SN590- SN APP",04/13/25,04/13/25,04:35 PM,04:35 PM,FALSE,TRUE,04/13/25,12:35 PM,12:35 PM,FREE,BUSY
04/14/25,07:07 PM,07:07 PM,Braves at Blue Jays,Rogers Centre - Toronto,"Local TV: Sportsnet- SN1- TVA Sports ----- Local Radio: SN590- SN APP",04/14/25,04/14/25,10:07 PM,10:07 PM,FALSE,TRUE,04/14/25,06:07 PM,06:07 PM,FREE,BUSY
04/15/25,07:07 PM,07:07 PM,Braves at Blue Jays,Rogers Centre - Toronto,"Local TV: Sportsnet- SN1 ----- Local Radio: SN590- SN APP",04/15/25,04/15/25,10:07 PM,10:07 PM,FALSE,TRUE,04/15/25,06:07 PM,06:07 PM,FREE,BUSY
04/16/25,01:07 PM,01:07 PM,Braves at Blue Jays,Rogers Centre - Toronto,"Local TV: Sportsnet ----- Local Radio: SN590- SN APP",04/16/25,04/16/25,04:07 PM,04:07 PM,FALSE,TRUE,04/16/25,12:07 PM,12:07 PM,FREE,BUSY
04/18/25,07:07 PM,07:07 PM,Mariners at Blue Jays,Rogers Centre - Toronto,"Local TV: Apple TV+ ----- Local Radio: SN590- SN APP",04/18/25,04/18/25,10:07 PM,10:07 PM,FALSE,TRUE,04/18/25,06:07 PM,06:07 PM,FREE,BUSY
04/19/25,03:07 PM,03:07 PM,Mariners at Blue Jays,Rogers Centre - Toronto,"Local TV: SN1 ----- Local Radio: SN590- SN APP",04/19/25,04/19/25,06:07 PM,06:07 PM,FALSE,TRUE,04/19/25,02:07 PM,02:07 PM,FREE,BUSY
04/20/25,01:37 PM,01:37 PM,Mariners at Blue Jays,Rogers Centre - Toronto,"Local TV: SN1 ----- Local Radio: SN590- SN APP",04/20/25,04/20/25,04:37 PM,04:37 PM,FALSE,TRUE,04/20/25,12:37 PM,12:37 PM,FREE,BUSY
04/21/25,08:10 PM,08:10 PM,Blue Jays at Astros,Daikin Park - Houston,"Local TV: SN1 ----- Local Radio: SN590- SN APP",04/21/25,04/21/25,11:10 PM,11:10 PM,FALSE,TRUE,04/21/25,07:10 PM,07:10 PM,FREE,BUSY
04/22/25,08:10 PM,08:10 PM,Blue Jays at Astros,Daikin Park - Houston,"Local TV: SN1 ----- Local Radio: SN590- SN APP",04/22/25,04/22/25,11:10 PM,11:10 PM,FALSE,TRUE,04/22/25,07:10 PM,07:10 PM,FREE,BUSY
04/23/25,07:40 PM,07:40 PM,Blue Jays at Astros,Daikin Park - Houston,"Local TV: SN1- MLBN (out-of-market only) ----- Local Radio: SN590- SN APP",04/23/25,04/23/25,10:40 PM,10:40 PM,FALSE,TRUE,04/23/25,06:40 PM,06:40 PM,FREE,BUSY
04/25/25,07:05 PM,07:05 PM,Blue Jays at Yankees,Yankee Stadium - Bronx,"Local TV: SN1- MLBN (out-of-market only) ----- Local Radio: SN590- SN APP",04/25/25,04/25/25,10:05 PM,10:05 PM,FALSE,TRUE,04/25/25,06:05 PM,06:05 PM,FREE,BUSY
04/27/25,01:35 PM,01:35 PM,Blue Jays at Yankees,Yankee Stadium - Bronx,"Local TV: SN1- MLBN (out-of-market only) ----- Local Radio: SN590- SN APP",04/27/25,04/27/25,04:35 PM,04:35 PM,FALSE,TRUE,04/27/25,12:35 PM,12:35 PM,FREE,BUSY
04/27/25,,,Blue Jays at Yankees - Time TBD,Yankee Stadium - Bronx,"Local TV: SN1- MLBN (out-of-market only) ----- Local Radio: SN590- SN APP",04/27/25,04/27/25,,,FALSE,TRUE,04/27/25,,,FREE,BUSY
04/29/25,07:07 PM,07:07 PM,Red Sox at Blue Jays,Rogers Centre - Toronto,"Local TV: SN1- MLBN (out-of-market only) ----- Local Radio: SN590- SN APP",04/29/25,04/29/25,10:07 PM,10:07 PM,FALSE,TRUE,04/29/25,06:07 PM,06:07 PM,FREE,BUSY
04/30/25,07:07 PM,07:07 PM,Red Sox at Blue Jays,Rogers Centre - Toronto,"Local TV: SN1 ----- Local Radio: SN590- SN APP",04/30/25,04/30/25,10:07 PM,10:07 PM,FALSE,TRUE,04/30/25,06:07 PM,06:07 PM,FREE,BUSY
05/01/25,07:07 PM,07:07 PM,Red Sox at Blue Jays,Rogers Centre - Toronto,"Local TV: SN1- MLBN (out-of-market only) ----- Local Radio: SN590- SN APP",05/01/25,05/01/25,10:07 PM,10:07 PM,FALSE,TRUE,05/01/25,06:07 PM,06:07 PM,FREE,BUSY
05/02/25,07:07 PM,07:07 PM,Guardians at Blue Jays,Rogers Centre - Toronto,"Local TV: SN1 ----- Local Radio: SN590- SN APP",05/02/25,05/02/25,10:07 PM,10:07 PM,FALSE,TRUE,05/02/25,06:07 PM,06:07 PM,FREE,BUSY
05/03/25,03:07 PM,03:07 PM,Guardians at Blue Jays,Rogers Centre - Toronto,"Local TV: Sportsnet- SN1 ----- Local Radio: SN590- SN APP",05/03/25,05/03/25,06:07 PM,06:07 PM,FALSE,TRUE,05/03/25,02:07 PM,02:07 PM,FREE,BUSY
05/04/25,01:37 PM,01:37 PM,Guardians at Blue Jays,Rogers Centre - Toronto,"Local TV: Sportsnet- SN1- TVA Sports ----- Local Radio: SN590- SN APP",05/04/25,05/04/25,04:37 PM,04:37 PM,FALSE,TRUE,05/04/25,12:37 PM,12:37 PM,FREE,BUSY
05/06/25,09:38 PM,09:38 PM,Blue Jays at Angels,Angel Stadium - Anaheim,"Local TV: SN1- MLBN (out-of-market only) ----- Local Radio: SN590- SN APP",05/07/25,05/07/25,12:38 AM,12:38 AM,FALSE,TRUE,05/06/25,08:38 PM,08:38 PM,FREE,BUSY
05/07/25,09:38 PM,09:38 PM,Blue Jays at Angels,Angel Stadium - Anaheim,"Local TV: SN1 ----- Local Radio: SN590- SN APP",05/08/25,05/08/25,12:38 AM,12:38 AM,FALSE,TRUE,05/07/25,08:38 PM,08:38 PM,FREE,BUSY
05/08/25,09:38 PM,09:38 PM,Blue Jays at Angels,Angel Stadium - Anaheim,"Local TV: SN1 ----- Local Radio: SN590- SN APP",05/09/25,05/09/25,12:38 AM,12:38 AM,FALSE,TRUE,05/08/25,08:38 PM,08:38 PM,FREE,BUSY
05/09/25,09:40 PM,09:40 PM,Blue Jays at Mariners,T-Mobile Park - Seattle,"Local TV: SN1 ----- Local Radio: SN590- SN APP",05/10/25,05/10/25,12:40 AM,12:40 AM,FALSE,TRUE,05/09/25,08:40 PM,08:40 PM,FREE,BUSY
05/10/25,09:40 PM,09:40 PM,Blue Jays at Mariners,T-Mobile Park - Seattle,"Local TV: SN1- MLBN (out-of-market only) ----- Local Radio: SN590- SN APP",05/11/25,05/11/25,12:40 AM,12:40 AM,FALSE,TRUE,05/10/25,08:40 PM,08:40 PM,FREE,BUSY
05/11/25,04:10 PM,04:10 PM,Blue Jays at Mariners,T-Mobile Park - Seattle,"Local TV: SN1- TVA Sports ----- Local Radio: SN590- SN APP",05/11/25,05/11/25,07:10 PM,07:10 PM,FALSE,TRUE,05/11/25,03:10 PM,03:10 PM,FREE,BUSY
05/13/25,07:07 PM,07:07 PM,Rays at Blue Jays,Rogers Centre - Toronto,"Local TV: SN1 ----- Local Radio: SN590- SN APP",05/13/25,05/13/25,10:07 PM,10:07 PM,FALSE,TRUE,05/13/25,06:07 PM,06:07 PM,FREE,BUSY
05/14/25,07:07 PM,07:07 PM,Rays at Blue Jays,Rogers Centre - Toronto,"Local TV: SN1- MLBN (out-of-market only) ----- Local Radio: SN590- SN APP",05/14/25,05/14/25,10:07 PM,10:07 PM,FALSE,TRUE,05/14/25,06:07 PM,06:07 PM,FREE,BUSY
05/15/25,03:07 PM,03:07 PM,Rays at Blue Jays,Rogers Centre - Toronto,"Local TV: Sportsnet ----- Local Radio: SN590- SN APP",05/15/25,05/15/25,06:07 PM,06:07 PM,FALSE,TRUE,05/15/25,02:07 PM,02:07 PM,FREE,BUSY
05/16/25,07:07 PM,07:07 PM,Tigers at Blue Jays,Rogers Centre - Toronto,"Local TV: SN1- MLBN (out-of-market only) ----- Local Radio: SN590- SN APP",05/16/25,05/16/25,10:07 PM,10:07 PM,FALSE,TRUE,05/16/25,06:07 PM,06:07 PM,FREE,BUSY
05/17/25,03:07 PM,03:07 PM,Tigers at Blue Jays,Rogers Centre - Toronto,"Local TV: SN1- Sportsnet ----- Local Radio: SN590- SN APP",05/17/25,05/17/25,06:07 PM,06:07 PM,FALSE,TRUE,05/17/25,02:07 PM,02:07 PM,FREE,BUSY
05/18/25,01:37 PM,01:37 PM,Tigers at Blue Jays,Rogers Centre - Toronto,"Local TV: Sportsnet- SN1- TVA Sports ----- Local Radio: SN590- SN APP",05/18/25,05/18/25,04:37 PM,04:37 PM,FALSE,TRUE,05/18/25,12:37 PM,12:37 PM,FREE,BUSY
05/20/25,07:07 PM,07:07 PM,Padres at Blue Jays,Rogers Centre - Toronto,"Local TV: SN1 ----- Local Radio: SN590- SN APP",05/20/25,05/20/25,10:07 PM,10:07 PM,FALSE,TRUE,05/20/25,06:07 PM,06:07 PM,FREE,BUSY
05/21/25,07:07 PM,07:07 PM,Padres at Blue Jays,Rogers Centre - Toronto,"Local TV: SN1 ----- Local Radio: SN590- SN APP",05/21/25,05/21/25,10:07 PM,10:07 PM,FALSE,TRUE,05/21/25,06:07 PM,06:07 PM,FREE,BUSY
05/22/25,01:07 PM,01:07 PM,Padres at Blue Jays,Rogers Centre - Toronto,"Local TV: Sportsnet- MLBN (out-of-market only) ----- Local Radio: SN590- SN APP",05/22/25,05/22/25,04:07 PM,04:07 PM,FALSE,TRUE,05/22/25,12:07 PM,12:07 PM,FREE,BUSY
05/23/25,07:05 PM,07:05 PM,Blue Jays at Rays,George M. Steinbrenner Field - Tampa,"Local TV: SN1 ----- Local Radio: SN590- SN APP",05/23/25,05/23/25,10:05 PM,10:05 PM,FALSE,TRUE,05/23/25,06:05 PM,06:05 PM,FREE,BUSY
05/24/25,07:05 PM,07:05 PM,Blue Jays at Rays,George M. Steinbrenner Field - Tampa,"Local TV: SN1 ----- Local Radio: SN590- SN APP",05/24/25,05/24/25,10:05 PM,10:05 PM,FALSE,TRUE,05/24/25,06:05 PM,06:05 PM,FREE,BUSY
05/25/25,01:40 PM,01:40 PM,Blue Jays at Rays,George M. Steinbrenner Field - Tampa,"Local TV: SN1- TVA Sports ----- Local Radio: SN590- SN APP",05/25/25,05/25/25,04:40 PM,04:40 PM,FALSE,TRUE,05/25/25,12:40 PM,12:40 PM,FREE,BUSY
05/26/25,04:05 PM,04:05 PM,Blue Jays at Rangers,Globe Life Field - Arlington,"Local TV: Sportsnet ----- Local Radio: SN590- SN APP",05/26/25,05/26/25,07:05 PM,07:05 PM,FALSE,TRUE,05/26/25,03:05 PM,03:05 PM,FREE,BUSY
05/27/25,08:05 PM,08:05 PM,Blue Jays at Rangers,Globe Life Field - Arlington,"Local TV: SN1 ----- Local Radio: SN590- SN APP",05/27/25,05/27/25,11:05 PM,11:05 PM,FALSE,TRUE,05/27/25,07:05 PM,07:05 PM,FREE,BUSY
05/28/25,08:05 PM,08:05 PM,Blue Jays at Rangers,Globe Life Field - Arlington,"Local TV: SN1 ----- Local Radio: SN590- SN APP",05/28/25,05/28/25,11:05 PM,11:05 PM,FALSE,TRUE,05/28/25,07:05 PM,07:05 PM,FREE,BUSY
05/29/25,07:07 PM,07:07 PM,Athletics at Blue Jays,Rogers Centre - Toronto,"Local TV: SN1- MLBN (out-of-market only) ----- Local Radio: SN590- SN APP",05/29/25,05/29/25,10:07 PM,10:07 PM,FALSE,TRUE,05/29/25,06:07 PM,06:07 PM,FREE,BUSY
05/30/25,07:07 PM,07:07 PM,Athletics at Blue Jays,Rogers Centre - Toronto,"Local TV: SN1- Sportsnet ----- Local Radio: SN590- SN APP",05/30/25,05/30/25,10:07 PM,10:07 PM,FALSE,TRUE,05/30/25,06:07 PM,06:07 PM,FREE,BUSY
05/31/25,03:07 PM,03:07 PM,Athletics at Blue Jays,Rogers Centre - Toronto,"Local TV: Sportsnet- SN1- TVA Sports ----- Local Radio: SN590- SN APP",05/31/25,05/31/25,06:07 PM,06:07 PM,FALSE,TRUE,05/31/25,02:07 PM,02:07 PM,FREE,BUSY
06/01/25,01:37 PM,01:37 PM,Athletics at Blue Jays,Rogers Centre - Toronto,"Local TV: Sportsnet- TVA Sports ----- Local Radio: SN590- SN APP",06/01/25,06/01/25,04:37 PM,04:37 PM,FALSE,TRUE,06/01/25,12:37 PM,12:37 PM,FREE,BUSY
06/03/25,07:07 PM,07:07 PM,Phillies at Blue Jays,Rogers Centre - Toronto,"Local TV: Sportsnet- Sportsnet ONE- TVA Sports ----- Local Radio: SN590- SN APP",06/03/25,06/03/25,10:07 PM,10:07 PM,FALSE,TRUE,06/03/25,06:07 PM,06:07 PM,FREE,BUSY
06/04/25,07:07 PM,07:07 PM,Phillies at Blue Jays,Rogers Centre - Toronto,"Local TV: Sportsnet ONE- TVA Sports ----- Local Radio: SN590- SN APP",06/04/25,06/04/25,10:07 PM,10:07 PM,FALSE,TRUE,06/04/25,06:07 PM,06:07 PM,FREE,BUSY
06/05/25,03:07 PM,03:07 PM,Phillies at Blue Jays,Rogers Centre - Toronto,"Local TV: Sportsnet ----- Local Radio: SN590- SN APP",06/05/25,06/05/25,06:07 PM,06:07 PM,FALSE,TRUE,06/05/25,02:07 PM,02:07 PM,FREE,BUSY
06/06/25,08:10 PM,08:10 PM,Blue Jays at Twins,Target Field - Minneapolis,"Local TV: Sportsnet ONE ----- Local Radio: SN590- SN APP",06/06/25,06/06/25,11:10 PM,11:10 PM,FALSE,TRUE,06/06/25,07:10 PM,07:10 PM,FREE,BUSY
06/07/25,02:10 PM,02:10 PM,Blue Jays at Twins,Target Field - Minneapolis,"Local TV: Sportsnet- Sportsnet ONE ----- Local Radio: SN590- SN APP",06/07/25,06/07/25,05:10 PM,05:10 PM,FALSE,TRUE,06/07/25,01:10 PM,01:10 PM,FREE,BUSY
06/08/25,02:10 PM,02:10 PM,Blue Jays at Twins,Target Field - Minneapolis,"Local TV: Sportsnet- TVA Sports ----- Local Radio: SN590- SN APP",06/08/25,06/08/25,05:10 PM,05:10 PM,FALSE,TRUE,06/08/25,01:10 PM,01:10 PM,FREE,BUSY
06/09/25,07:45 PM,07:45 PM,Blue Jays at Cardinals,Busch Stadium - St. Louis,"Local TV: Sportsnet ----- Local Radio: SN590- SN APP",06/09/25,06/09/25,10:45 PM,10:45 PM,FALSE,TRUE,06/09/25,06:45 PM,06:45 PM,FREE,BUSY
06/10/25,07:45 PM,07:45 PM,Blue Jays at Cardinals,Busch Stadium - St. Louis,"Local TV: Sportsnet- TVA Sports ----- Local Radio: SN590- SN APP",06/10/25,06/10/25,10:45 PM,10:45 PM,FALSE,TRUE,06/10/25,06:45 PM,06:45 PM,FREE,BUSY
06/11/25,02:15 PM,02:15 PM,Blue Jays at Cardinals,Busch Stadium - St. Louis,"Local TV: Sportsnet ----- Local Radio: SN590- SN APP",06/11/25,06/11/25,05:15 PM,05:15 PM,FALSE,TRUE,06/11/25,01:15 PM,01:15 PM,FREE,BUSY
06/13/25,06:45 PM,06:45 PM,Blue Jays at Phillies,Citizens Bank Park - Philadelphia,"Local TV: Sportsnet- TVA Sports ----- Local Radio: SN590- SN APP",06/13/25,06/13/25,09:45 PM,09:45 PM,FALSE,TRUE,06/13/25,05:45 PM,05:45 PM,FREE,BUSY
06/14/25,04:05 PM,04:05 PM,Blue Jays at Phillies,Citizens Bank Park - Philadelphia,"Local TV: Sportsnet- TVA Sports ----- Local Radio: SN590- SN APP",06/14/25,06/14/25,07:05 PM,07:05 PM,FALSE,TRUE,06/14/25,03:05 PM,03:05 PM,FREE,BUSY
06/15/25,01:35 PM,01:35 PM,Blue Jays at Phillies,Citizens Bank Park - Philadelphia,"Local TV: Sportsnet- MLBN (out-of-market only) ----- Local Radio: SN590- SN APP",06/15/25,06/15/25,04:35 PM,04:35 PM,FALSE,TRUE,06/15/25,12:35 PM,12:35 PM,FREE,BUSY
06/17/25,07:07 PM,07:07 PM,D-backs at Blue Jays,Rogers Centre - Toronto,"Local TV: Sportsnet ONE ----- Local Radio: SN590- SN APP",06/17/25,06/17/25,10:07 PM,10:07 PM,FALSE,TRUE,06/17/25,06:07 PM,06:07 PM,FREE,BUSY
06/18/25,07:07 PM,07:07 PM,D-backs at Blue Jays,Rogers Centre - Toronto,"Local TV: Sportsnet- TVA Sports ----- Local Radio: SN590- SN APP",06/18/25,06/18/25,10:07 PM,10:07 PM,FALSE,TRUE,06/18/25,06:07 PM,06:07 PM,FREE,BUSY
06/19/25,03:07 PM,03:07 PM,D-backs at Blue Jays,Rogers Centre - Toronto,"Local TV: Sportsnet ----- Local Radio: SN590- SN APP",06/19/25,06/19/25,06:07 PM,06:07 PM,FALSE,TRUE,06/19/25,02:07 PM,02:07 PM,FREE,BUSY
06/20/25,07:07 PM,07:07 PM,White Sox at Blue Jays,Rogers Centre - Toronto,"Local TV: Sportsnet ----- Local Radio: SN590- SN APP",06/20/25,06/20/25,10:07 PM,10:07 PM,FALSE,TRUE,06/20/25,06:07 PM,06:07 PM,FREE,BUSY
06/21/25,03:07 PM,03:07 PM,White Sox at Blue Jays,Rogers Centre - Toronto,"Local TV: Sportsnet- TVA Sports ----- Local Radio: SN590- SN APP",06/21/25,06/21/25,06:07 PM,06:07 PM,FALSE,TRUE,06/21/25,02:07 PM,02:07 PM,FREE,BUSY
06/22/25,01:37 PM,01:37 PM,White Sox at Blue Jays,Rogers Centre - Toronto,"Local TV: Sportsnet- TVA Sports ----- Local Radio: SN590- SN APP",06/22/25,06/22/25,04:37 PM,04:37 PM,FALSE,TRUE,06/22/25,12:37 PM,12:37 PM,FREE,BUSY
06/24/25,06:40 PM,06:40 PM,Blue Jays at Guardians,Progressive Field - Cleveland,"Local TV: Sportsnet ----- Local Radio: SN590- SN APP",06/24/25,06/24/25,09:40 PM,09:40 PM,FALSE,TRUE,06/24/25,05:40 PM,05:40 PM,FREE,BUSY
06/25/25,06:40 PM,06:40 PM,Blue Jays at Guardians,Progressive Field - Cleveland,"Local TV: Sportsnet- TVA Sports ----- Local Radio: SN590- SN APP",06/25/25,06/25/25,09:40 PM,09:40 PM,FALSE,TRUE,06/25/25,05:40 PM,05:40 PM,FREE,BUSY
06/26/25,01:10 PM,01:10 PM,Blue Jays at Guardians,Progressive Field - Cleveland,"Local TV: Sportsnet ----- Local Radio: SN590- SN APP",06/26/25,06/26/25,04:10 PM,04:10 PM,FALSE,TRUE,06/26/25,12:10 PM,12:10 PM,FREE,BUSY
06/27/25,07:10 PM,07:10 PM,Blue Jays at Red Sox,Fenway Park - Boston,"Local TV: Sportsnet- TVA Sports ----- Local Radio: SN590- SN APP",06/27/25,06/27/25,10:10 PM,10:10 PM,FALSE,TRUE,06/27/25,06:10 PM,06:10 PM,FREE,BUSY
06/28/25,04:10 PM,04:10 PM,Blue Jays at Red Sox,Fenway Park - Boston,"Local TV: Sportsnet- TVA Sports ----- Local Radio: SN590- SN APP",06/28/25,06/28/25,07:10 PM,07:10 PM,FALSE,TRUE,06/28/25,03:10 PM,03:10 PM,FREE,BUSY
06/29/25,01:35 PM,01:35 PM,Blue Jays at Red Sox,Fenway Park - Boston,"Local TV: Sportsnet- TVA Sports ----- Local Radio: SN590- SN APP",06/29/25,06/29/25,04:35 PM,04:35 PM,FALSE,TRUE,06/29/25,12:35 PM,12:35 PM,FREE,BUSY
06/30/25,07:07 PM,07:07 PM,Yankees at Blue Jays,Rogers Centre - Toronto,"Local TV: Sportsnet- TVA Sports ----- Local Radio: SN590- SN APP",06/30/25,06/30/25,10:07 PM,10:07 PM,FALSE,TRUE,06/30/25,06:07 PM,06:07 PM,FREE,BUSY
07/01/25,03:07 PM,03:07 PM,Yankees at Blue Jays,Rogers Centre - Toronto,"Local TV: Sportsnet- MLBN (out-of-market only)- TVA Sports ----- Local Radio: SN590- SN APP",07/01/25,07/01/25,06:07 PM,06:07 PM,FALSE,TRUE,07/01/25,02:07 PM,02:07 PM,FREE,BUSY
07/02/25,07:07 PM,07:07 PM,Yankees at Blue Jays,Rogers Centre - Toronto,"Local TV: Sportsnet- TVA Sports ----- Local Radio: SN590- SN APP",07/02/25,07/02/25,10:07 PM,10:07 PM,FALSE,TRUE,07/02/25,06:07 PM,06:07 PM,FREE,BUSY
07/03/25,07:07 PM,07:07 PM,Yankees at Blue Jays,Rogers Centre - Toronto,"Local TV: Sportsnet- MLBN (out-of-market only)- TVA Sports ----- Local Radio: SN590- SN APP",07/03/25,07/03/25,10:07 PM,10:07 PM,FALSE,TRUE,07/03/25,06:07 PM,06:07 PM,FREE,BUSY
07/04/25,07:07 PM,07:07 PM,Angels at Blue Jays,Rogers Centre - Toronto,"Local TV: Apple TV+ ----- Local Radio: SN590- SN APP",07/04/25,07/04/25,10:07 PM,10:07 PM,FALSE,TRUE,07/04/25,06:07 PM,06:07 PM,FREE,BUSY
07/05/25,03:07 PM,03:07 PM,Angels at Blue Jays,Rogers Centre - Toronto,"Local TV: Sportsnet- TVA Sports ----- Local Radio: SN590- SN APP",07/05/25,07/05/25,06:07 PM,06:07 PM,FALSE,TRUE,07/05/25,02:07 PM,02:07 PM,FREE,BUSY
07/06/25,01:37 PM,01:37 PM,Angels at Blue Jays,Rogers Centre - Toronto,"Local TV: Sportsnet- TVA Sports ----- Local Radio: SN590- SN APP",07/06/25,07/06/25,04:37 PM,04:37 PM,FALSE,TRUE,07/06/25,12:37 PM,12:37 PM,FREE,BUSY
07/07/25,07:40 PM,07:40 PM,Blue Jays at White Sox,Rate Field - Chicago,"Local TV: Sportsnet- TVA Sports ----- Local Radio: SN590- SN APP",07/07/25,07/07/25,10:40 PM,10:40 PM,FALSE,TRUE,07/07/25,06:40 PM,06:40 PM,FREE,BUSY
07/08/25,07:40 PM,07:40 PM,Blue Jays at White Sox,Rate Field - Chicago,"Local TV: Sportsnet ----- Local Radio: SN590- SN APP",07/08/25,07/08/25,10:40 PM,10:40 PM,FALSE,TRUE,07/08/25,06:40 PM,06:40 PM,FREE,BUSY
07/09/25,02:10 PM,02:10 PM,Blue Jays at White Sox,Rate Field - Chicago,"Local TV: Sportsnet- MLBN (out-of-market only) ----- Local Radio: SN590- SN APP",07/09/25,07/09/25,05:10 PM,05:10 PM,FALSE,TRUE,07/09/25,01:10 PM,01:10 PM,FREE,BUSY
07/11/25,10:05 PM,10:05 PM,Blue Jays at Athletics,Sutter Health Park - Sacramento,"Local TV: Sportsnet ----- Local Radio: SN590- SN APP",07/12/25,07/12/25,01:05 AM,01:05 AM,FALSE,TRUE,07/11/25,09:05 PM,09:05 PM,FREE,BUSY
07/12/25,10:05 PM,10:05 PM,Blue Jays at Athletics,Sutter Health Park - Sacramento,"Local TV: Sportsnet- MLBN (out-of-market only) ----- Local Radio: SN590- SN APP",07/13/25,07/13/25,01:05 AM,01:05 AM,FALSE,TRUE,07/12/25,09:05 PM,09:05 PM,FREE,BUSY
07/13/25,04:05 PM,04:05 PM,Blue Jays at Athletics,Sutter Health Park - Sacramento,"Local TV: Sportsnet- TVA Sports ----- Local Radio: SN590- SN APP",07/13/25,07/13/25,07:05 PM,07:05 PM,FALSE,TRUE,07/13/25,03:05 PM,03:05 PM,FREE,BUSY
07/18/25,07:07 PM,07:07 PM,Giants at Blue Jays,Rogers Centre - Toronto,"Local TV: Sportsnet- MLBN (out-of-market only) ----- Local Radio: SN590- SN APP",07/18/25,07/18/25,10:07 PM,10:07 PM,FALSE,TRUE,07/18/25,06:07 PM,06:07 PM,FREE,BUSY
07/19/25,03:07 PM,03:07 PM,Giants at Blue Jays,Rogers Centre - Toronto,"Local TV: Sportsnet- TVA Sports ----- Local Radio: SN590- SN APP",07/19/25,07/19/25,06:07 PM,06:07 PM,FALSE,TRUE,07/19/25,02:07 PM,02:07 PM,FREE,BUSY
07/20/25,12:05 PM,12:05 PM,Giants at Blue Jays,Rogers Centre - Toronto,"Local TV: Roku- Sportsnet- TVA Sports ----- Local Radio: SN590- SN APP",07/20/25,07/20/25,03:05 PM,03:05 PM,FALSE,TRUE,07/20/25,11:05 AM,11:05 AM,FREE,BUSY
07/21/25,07:07 PM,07:07 PM,Yankees at Blue Jays,Rogers Centre - Toronto,"Local TV: Sportsnet- TVA Sports ----- Local Radio: SN590- SN APP",07/21/25,07/21/25,10:07 PM,10:07 PM,FALSE,TRUE,07/21/25,06:07 PM,06:07 PM,FREE,BUSY
07/22/25,07:07 PM,07:07 PM,Yankees at Blue Jays,Rogers Centre - Toronto,"Local TV: Sportsnet- TVA Sports ----- Local Radio: SN590- SN APP",07/22/25,07/22/25,10:07 PM,10:07 PM,FALSE,TRUE,07/22/25,06:07 PM,06:07 PM,FREE,BUSY
07/23/25,07:07 PM,07:07 PM,Yankees at Blue Jays,Rogers Centre - Toronto,"Local TV: Sportsnet- TVA Sports ----- Local Radio: SN590- SN APP",07/23/25,07/23/25,10:07 PM,10:07 PM,FALSE,TRUE,07/23/25,06:07 PM,06:07 PM,FREE,BUSY
07/24/25,06:40 PM,06:40 PM,Blue Jays at Tigers,Comerica Park - Detroit,"Local TV: Sportsnet- MLBN (out-of-market only)- TVA Sports ----- Local Radio: SN590- SN APP",07/24/25,07/24/25,09:40 PM,09:40 PM,FALSE,TRUE,07/24/25,05:40 PM,05:40 PM,FREE,BUSY
07/25/25,07:10 PM,07:10 PM,Blue Jays at Tigers,Comerica Park - Detroit,"Local TV: Sportsnet ----- Local Radio: SN590- SN APP",07/25/25,07/25/25,10:10 PM,10:10 PM,FALSE,TRUE,07/25/25,06:10 PM,06:10 PM,FREE,BUSY
07/26/25,06:10 PM,06:10 PM,Blue Jays at Tigers,Comerica Park - Detroit,"Local TV: Sportsnet- TVA Sports ----- Local Radio: SN590- SN APP",07/26/25,07/26/25,09:10 PM,09:10 PM,FALSE,TRUE,07/26/25,05:10 PM,05:10 PM,FREE,BUSY
07/27/25,01:40 PM,01:40 PM,Blue Jays at Tigers,Comerica Park - Detroit,"Local TV: Sportsnet ----- Local Radio: SN590- SN APP",07/27/25,07/27/25,04:40 PM,04:40 PM,FALSE,TRUE,07/27/25,12:40 PM,12:40 PM,FREE,BUSY
07/28/25,06:35 PM,06:35 PM,Blue Jays at Orioles,Oriole Park at Camden Yards - Baltimore,"Local TV: Sportsnet- TVA Sports ----- Local Radio: SN590- SN APP",07/28/25,07/28/25,09:35 PM,09:35 PM,FALSE,TRUE,07/28/25,05:35 PM,05:35 PM,FREE,BUSY
07/29/25,12:35 PM,12:35 PM,Blue Jays at Orioles,Oriole Park at Camden Yards - Baltimore,"Local TV: Sportsnet- MLBN (out-of-market only) ----- Local Radio: SN590- SN APP",07/29/25,07/29/25,03:35 PM,03:35 PM,FALSE,TRUE,07/29/25,11:35 AM,11:35 AM,FREE,BUSY
07/29/25,06:35 PM,06:35 PM,Blue Jays at Orioles,Oriole Park at Camden Yards - Baltimore,"Local TV: Sportsnet- TVA Sports ----- Local Radio: SN590- SN APP",07/29/25,07/29/25,09:35 PM,09:35 PM,FALSE,TRUE,07/29/25,05:35 PM,05:35 PM,FREE,BUSY
07/30/25,12:35 PM,12:35 PM,Blue Jays at Orioles,Oriole Park at Camden Yards - Baltimore,"Local TV: Sportsnet ----- Local Radio: SN590- SN APP",07/30/25,07/30/25,03:35 PM,03:35 PM,FALSE,TRUE,07/30/25,11:35 AM,11:35 AM,FREE,BUSY
08/01/25,07:07 PM,07:07 PM,Royals at Blue Jays,Rogers Centre - Toronto,"Local TV: Sportsnet ----- Local Radio: SN590- SN APP",08/01/25,08/01/25,10:07 PM,10:07 PM,FALSE,TRUE,08/01/25,06:07 PM,06:07 PM,FREE,BUSY
08/02/25,03:07 PM,03:07 PM,Royals at Blue Jays,Rogers Centre - Toronto,"Local TV: Sportsnet ----- Local Radio: SN590- SN APP",08/02/25,08/02/25,06:07 PM,06:07 PM,FALSE,TRUE,08/02/25,02:07 PM,02:07 PM,FREE,BUSY
08/03/25,01:37 PM,01:37 PM,Royals at Blue Jays,Rogers Centre - Toronto,"Local TV: Sportsnet- MLBN (out-of-market only) ----- Local Radio: SN590- SN APP",08/03/25,08/03/25,04:37 PM,04:37 PM,FALSE,TRUE,08/03/25,12:37 PM,12:37 PM,FREE,BUSY
08/04/25,08:40 PM,08:40 PM,Blue Jays at Rockies,Coors Field - Denver,"Local TV: Sportsnet ----- Local Radio: SN590- SN APP",08/04/25,08/04/25,11:40 PM,11:40 PM,FALSE,TRUE,08/04/25,07:40 PM,07:40 PM,FREE,BUSY
08/05/25,08:40 PM,08:40 PM,Blue Jays at Rockies,Coors Field - Denver,"Local TV: Sportsnet ----- Local Radio: SN590- SN APP",08/05/25,08/05/25,11:40 PM,11:40 PM,FALSE,TRUE,08/05/25,07:40 PM,07:40 PM,FREE,BUSY
08/06/25,03:10 PM,03:10 PM,Blue Jays at Rockies,Coors Field - Denver,"Local TV: Sportsnet ----- Local Radio: SN590- SN APP",08/06/25,08/06/25,06:10 PM,06:10 PM,FALSE,TRUE,08/06/25,02:10 PM,02:10 PM,FREE,BUSY
08/08/25,10:10 PM,10:10 PM,Blue Jays at Dodgers,Dodger Stadium - Los Angeles,"Local TV: Sportsnet- TVA Sports ----- Local Radio: SN590- SN APP",08/09/25,08/09/25,01:10 AM,01:10 AM,FALSE,TRUE,08/08/25,09:10 PM,09:10 PM,FREE,BUSY
08/09/25,09:10 PM,09:10 PM,Blue Jays at Dodgers,Dodger Stadium - Los Angeles,"Local TV: Sportsnet- TVA Sports ----- Local Radio: SN590- SN APP",08/10/25,08/10/25,12:10 AM,12:10 AM,FALSE,TRUE,08/09/25,08:10 PM,08:10 PM,FREE,BUSY
08/10/25,04:10 PM,04:10 PM,Blue Jays at Dodgers,Dodger Stadium - Los Angeles,"Local TV: Sportsnet- TVA Sports ----- Local Radio: SN590- SN APP",08/10/25,08/10/25,07:10 PM,07:10 PM,FALSE,TRUE,08/10/25,03:10 PM,03:10 PM,FREE,BUSY
08/12/25,07:07 PM,07:07 PM,Cubs at Blue Jays,Rogers Centre - Toronto,"Local TV: Sportsnet ----- Local Radio: SN590- SN APP",08/12/25,08/12/25,10:07 PM,10:07 PM,FALSE,TRUE,08/12/25,06:07 PM,06:07 PM,FREE,BUSY
08/13/25,07:07 PM,07:07 PM,Cubs at Blue Jays,Rogers Centre - Toronto,"Local TV: Sportsnet- TVA Sports ----- Local Radio: SN590- SN APP",08/13/25,08/13/25,10:07 PM,10:07 PM,FALSE,TRUE,08/13/25,06:07 PM,06:07 PM,FREE,BUSY
08/14/25,03:07 PM,03:07 PM,Cubs at Blue Jays,Rogers Centre - Toronto,"Local TV: Sportsnet ----- Local Radio: SN590- SN APP",08/14/25,08/14/25,06:07 PM,06:07 PM,FALSE,TRUE,08/14/25,02:07 PM,02:07 PM,FREE,BUSY
08/15/25,07:07 PM,07:07 PM,Rangers at Blue Jays,Rogers Centre - Toronto,"Local TV: Apple TV+ ----- Local Radio: SN590",08/15/25,08/15/25,10:07 PM,10:07 PM,FALSE,TRUE,08/15/25,06:07 PM,06:07 PM,FREE,BUSY
08/16/25,03:07 PM,03:07 PM,Rangers at Blue Jays,Rogers Centre - Toronto,"Local TV: Sportsnet ----- Local Radio: SN590- SN APP",08/16/25,08/16/25,06:07 PM,06:07 PM,FALSE,TRUE,08/16/25,02:07 PM,02:07 PM,FREE,BUSY
08/17/25,01:37 PM,01:37 PM,Rangers at Blue Jays,Rogers Centre - Toronto,"Local TV: Sportsnet- TVA Sports ----- Local Radio: SN590- SN APP",08/17/25,08/17/25,04:37 PM,04:37 PM,FALSE,TRUE,08/17/25,12:37 PM,12:37 PM,FREE,BUSY
08/18/25,06:40 PM,06:40 PM,Blue Jays at Pirates,PNC Park - Pittsburgh,"Local TV: Sportsnet- TVA Sports ----- Local Radio: SN590- SN APP",08/18/25,08/18/25,09:40 PM,09:40 PM,FALSE,TRUE,08/18/25,05:40 PM,05:40 PM,FREE,BUSY
08/19/25,06:40 PM,06:40 PM,Blue Jays at Pirates,PNC Park - Pittsburgh,"Local TV: Sportsnet ----- Local Radio: SN590- SN APP",08/19/25,08/19/25,09:40 PM,09:40 PM,FALSE,TRUE,08/19/25,05:40 PM,05:40 PM,FREE,BUSY
08/20/25,12:35 PM,12:35 PM,Blue Jays at Pirates,PNC Park - Pittsburgh,"Local TV: Sportsnet ----- Local Radio: SN590- SN APP",08/20/25,08/20/25,03:35 PM,03:35 PM,FALSE,TRUE,08/20/25,11:35 AM,11:35 AM,FREE,BUSY
08/22/25,07:10 PM,07:10 PM,Blue Jays at Marlins,loanDepot park - Miami,"Local TV: Sportsnet- MLBN (out-of-market only) ----- Local Radio: SN590- SN APP",08/22/25,08/22/25,10:10 PM,10:10 PM,FALSE,TRUE,08/22/25,06:10 PM,06:10 PM,FREE,BUSY
08/23/25,04:10 PM,04:10 PM,Blue Jays at Marlins,loanDepot park - Miami,"Local TV: Sportsnet- MLBN (out-of-market only) ----- Local Radio: SN590- SN APP",08/23/25,08/23/25,07:10 PM,07:10 PM,FALSE,TRUE,08/23/25,03:10 PM,03:10 PM,FREE,BUSY
08/24/25,01:40 PM,01:40 PM,Blue Jays at Marlins,loanDepot park - Miami,"Local TV: Sportsnet- TVA Sports ----- Local Radio: SN590- SN APP",08/24/25,08/24/25,04:40 PM,04:40 PM,FALSE,TRUE,08/24/25,12:40 PM,12:40 PM,FREE,BUSY
08/25/25,07:07 PM,07:07 PM,Twins at Blue Jays,Rogers Centre - Toronto,"Local TV: Sportsnet- TVA Sports ----- Local Radio: SN590- SN APP",08/25/25,08/25/25,10:07 PM,10:07 PM,FALSE,TRUE,08/25/25,06:07 PM,06:07 PM,FREE,BUSY
08/26/25,07:07 PM,07:07 PM,Twins at Blue Jays,Rogers Centre - Toronto,"Local TV: Sportsnet ----- Local Radio: SN590- SN APP",08/26/25,08/26/25,10:07 PM,10:07 PM,FALSE,TRUE,08/26/25,06:07 PM,06:07 PM,FREE,BUSY
08/27/25,07:07 PM,07:07 PM,Twins at Blue Jays,Rogers Centre - Toronto,"Local TV: Sportsnet- TVA Sports ----- Local Radio: SN590- SN APP",08/27/25,08/27/25,10:07 PM,10:07 PM,FALSE,TRUE,08/27/25,06:07 PM,06:07 PM,FREE,BUSY
08/29/25,07:07 PM,07:07 PM,Brewers at Blue Jays,Rogers Centre - Toronto,"Local TV: Sportsnet- MLBN (out-of-market only) ----- Local Radio: SN590- SN APP",08/29/25,08/29/25,10:07 PM,10:07 PM,FALSE,TRUE,08/29/25,06:07 PM,06:07 PM,FREE,BUSY
08/30/25,03:07 PM,03:07 PM,Brewers at Blue Jays,Rogers Centre - Toronto,"Local TV: Sportsnet- TVA Sports ----- Local Radio: SN590- SN APP",08/30/25,08/30/25,06:07 PM,06:07 PM,FALSE,TRUE,08/30/25,02:07 PM,02:07 PM,FREE,BUSY
08/31/25,01:37 PM,01:37 PM,Brewers at Blue Jays,Rogers Centre - Toronto,"Local TV: Sportsnet- MLBN (out-of-market only) ----- Local Radio: SN590- SN APP",08/31/25,08/31/25,04:37 PM,04:37 PM,FALSE,TRUE,08/31/25,12:37 PM,12:37 PM,FREE,BUSY
09/01/25,01:10 PM,01:10 PM,Blue Jays at Reds,Great American Ball Park - Cincinnati,"Local TV: Sportsnet- TVA Sports ----- Local Radio: SN590- SN APP",09/01/25,09/01/25,04:10 PM,04:10 PM,FALSE,TRUE,09/01/25,12:10 PM,12:10 PM,FREE,BUSY
09/02/25,06:40 PM,06:40 PM,Blue Jays at Reds,Great American Ball Park - Cincinnati,"Local TV: Sportsnet- TVA Sports ----- Local Radio: SN590- SN APP",09/02/25,09/02/25,09:40 PM,09:40 PM,FALSE,TRUE,09/02/25,05:40 PM,05:40 PM,FREE,BUSY
09/03/25,06:40 PM,06:40 PM,Blue Jays at Reds,Great American Ball Park - Cincinnati,"Local TV: Sportsnet- TVA Sports ----- Local Radio: SN590- SN APP",09/03/25,09/03/25,09:40 PM,09:40 PM,FALSE,TRUE,09/03/25,05:40 PM,05:40 PM,FREE,BUSY
09/05/25,07:05 PM,07:05 PM,Blue Jays at Yankees,Yankee Stadium - Bronx,"Local TV: Sportsnet- MLBN (out-of-market only)- TVA Sports ----- Local Radio: SN590- SN APP",09/05/25,09/05/25,10:05 PM,10:05 PM,FALSE,TRUE,09/05/25,06:05 PM,06:05 PM,FREE,BUSY
09/06/25,01:05 PM,01:05 PM,Blue Jays at Yankees,Yankee Stadium - Bronx,"Local TV: Sportsnet- MLBN (out-of-market only)- TVA Sports ----- Local Radio: SN590- SN APP",09/06/25,09/06/25,04:05 PM,04:05 PM,FALSE,TRUE,09/06/25,12:05 PM,12:05 PM,FREE,BUSY
09/07/25,01:35 PM,01:35 PM,Blue Jays at Yankees,Yankee Stadium - Bronx,"Local TV: Sportsnet- TVA Sports ----- Local Radio: SN590- SN APP",09/07/25,09/07/25,04:35 PM,04:35 PM,FALSE,TRUE,09/07/25,12:35 PM,12:35 PM,FREE,BUSY
09/09/25,07:07 PM,07:07 PM,Astros at Blue Jays,Rogers Centre - Toronto,"Local TV: Sportsnet ----- Local Radio: SN590- SN APP",09/09/25,09/09/25,10:07 PM,10:07 PM,FALSE,TRUE,09/09/25,06:07 PM,06:07 PM,FREE,BUSY
09/10/25,07:07 PM,07:07 PM,Astros at Blue Jays,Rogers Centre - Toronto,"Local TV: Sportsnet- TVA Sports ----- Local Radio: SN590- SN APP",09/10/25,09/10/25,10:07 PM,10:07 PM,FALSE,TRUE,09/10/25,06:07 PM,06:07 PM,FREE,BUSY
09/11/25,03:07 PM,03:07 PM,Astros at Blue Jays,Rogers Centre - Toronto,"Local TV: Sportsnet- MLBN (out-of-market only) ----- Local Radio: SN590- SN APP",09/11/25,09/11/25,06:07 PM,06:07 PM,FALSE,TRUE,09/11/25,02:07 PM,02:07 PM,FREE,BUSY
09/12/25,07:07 PM,07:07 PM,Orioles at Blue Jays,Rogers Centre - Toronto,"Local TV: Sportsnet ----- Local Radio: SN590- SN APP",09/12/25,09/12/25,10:07 PM,10:07 PM,FALSE,TRUE,09/12/25,06:07 PM,06:07 PM,FREE,BUSY
09/13/25,03:07 PM,03:07 PM,Orioles at Blue Jays,Rogers Centre - Toronto,"Local TV: Sportsnet ----- Local Radio: SN590- SN APP",09/13/25,09/13/25,06:07 PM,06:07 PM,FALSE,TRUE,09/13/25,02:07 PM,02:07 PM,FREE,BUSY
09/14/25,01:37 PM,01:37 PM,Orioles at Blue Jays,Rogers Centre - Toronto,"Local TV: Sportsnet- TVA Sports ----- Local Radio: SN590- SN APP",09/14/25,09/14/25,04:37 PM,04:37 PM,FALSE,TRUE,09/14/25,12:37 PM,12:37 PM,FREE,BUSY
09/15/25,07:35 PM,07:35 PM,Blue Jays at Rays,George M. Steinbrenner Field - Tampa,"Local TV: Sportsnet- TVA Sports ----- Local Radio: SN590- SN APP",09/15/25,09/15/25,10:35 PM,10:35 PM,FALSE,TRUE,09/15/25,06:35 PM,06:35 PM,FREE,BUSY
09/16/25,07:35 PM,07:35 PM,Blue Jays at Rays,George M. Steinbrenner Field - Tampa,"Local TV: Sportsnet ----- Local Radio: SN590- SN APP",09/16/25,09/16/25,10:35 PM,10:35 PM,FALSE,TRUE,09/16/25,06:35 PM,06:35 PM,FREE,BUSY
09/17/25,07:05 PM,07:05 PM,Blue Jays at Rays,George M. Steinbrenner Field - Tampa,"Local TV: Sportsnet- TVA Sports ----- Local Radio: SN590- SN APP",09/17/25,09/17/25,10:05 PM,10:05 PM,FALSE,TRUE,09/17/25,06:05 PM,06:05 PM,FREE,BUSY
09/18/25,01:10 PM,01:10 PM,Blue Jays at Rays,George M. Steinbrenner Field - Tampa,"Local TV: Sportsnet ----- Local Radio: SN590- SN APP",09/18/25,09/18/25,04:10 PM,04:10 PM,FALSE,TRUE,09/18/25,12:10 PM,12:10 PM,FREE,BUSY
09/19/25,07:40 PM,07:40 PM,Blue Jays at Royals,Kauffman Stadium - Kansas City,"Local TV: Sportsnet+- Apple TV+ ----- Local Radio: SN590- SN APP",09/19/25,09/19/25,10:40 PM,10:40 PM,FALSE,TRUE,09/19/25,06:40 PM,06:40 PM,FREE,BUSY
09/20/25,07:10 PM,07:10 PM,Blue Jays at Royals,Kauffman Stadium - Kansas City,"Local TV: Sportsnet ----- Local Radio: SN590- SN APP",09/20/25,09/20/25,10:10 PM,10:10 PM,FALSE,TRUE,09/20/25,06:10 PM,06:10 PM,FREE,BUSY
09/21/25,02:10 PM,02:10 PM,Blue Jays at Royals,Kauffman Stadium - Kansas City,"Local TV: Sportsnet ----- Local Radio: SN590- SN APP",09/21/25,09/21/25,05:10 PM,05:10 PM,FALSE,TRUE,09/21/25,01:10 PM,01:10 PM,FREE,BUSY
09/23/25,07:07 PM,07:07 PM,Red Sox at Blue Jays,Rogers Centre - Toronto,"Local TV: Sportsnet- TVA Sports ----- Local Radio: SN590- SN APP",09/23/25,09/23/25,10:07 PM,10:07 PM,FALSE,TRUE,09/23/25,06:07 PM,06:07 PM,FREE,BUSY
09/24/25,07:07 PM,07:07 PM,Red Sox at Blue Jays,Rogers Centre - Toronto,"Local TV: Sportsnet- TVA Sports ----- Local Radio: SN590- SN APP",09/24/25,09/24/25,10:07 PM,10:07 PM,FALSE,TRUE,09/24/25,06:07 PM,06:07 PM,FREE,BUSY
09/25/25,07:07 PM,07:07 PM,Red Sox at Blue Jays,Rogers Centre - Toronto,"Local TV: Sportsnet- TVA Sports ----- Local Radio: SN590- SN APP",09/25/25,09/25/25,10:07 PM,10:07 PM,FALSE,TRUE,09/25/25,06:07 PM,06:07 PM,FREE,BUSY
09/26/25,07:07 PM,07:07 PM,Rays at Blue Jays,Rogers Centre - Toronto,"Local TV: Apple TV+ ----- Local Radio: SN590- SN APP",09/26/25,09/26/25,10:07 PM,10:07 PM,FALSE,TRUE,09/26/25,06:07 PM,06:07 PM,FREE,BUSY
09/27/25,03:07 PM,03:07 PM,Rays at Blue Jays,Rogers Centre - Toronto,"Local TV: Sportsnet- TVA Sports ----- Local Radio: SN590- SN APP",09/27/25,09/27/25,06:07 PM,06:07 PM,FALSE,TRUE,09/27/25,02:07 PM,02:07 PM,FREE,BUSY
09/28/25,03:07 PM,03:07 PM,Rays at Blue Jays,Rogers Centre - Toronto,"Local TV: Sportsnet- TVA Sports ----- Local Radio: SN590- SN APP",09/28/25,09/28/25,06:07 PM,06:07 PM,FALSE,TRUE,09/28/25,02:07 PM,02:07 PM,FREE,BUSY
10/04/25,04:08 PM,04:08 PM,Yankees at Blue Jays,Rogers Centre - Toronto,"Local TV: FOX ----- Local Radio: SN590- ESPN Radio",10/04/25,10/04/25,07:08 PM,07:08 PM,FALSE,TRUE,10/04/25,03:08 PM,03:08 PM,FREE,BUSY
10/05/25,04:08 PM,04:08 PM,Yankees at Blue Jays,Rogers Centre - Toronto,"Local TV: FS1 ----- Local Radio: SN590- ESPN Radio",10/05/25,10/05/25,07:08 PM,07:08 PM,FALSE,TRUE,10/05/25,03:08 PM,03:08 PM,FREE,BUSY
10/07/25,08:08 PM,08:08 PM,Blue Jays at Yankees,Yankee Stadium - Bronx,"Local TV: FS1 ----- Local Radio: SN590- ESPN Radio",10/07/25,10/07/25,11:08 PM,11:08 PM,FALSE,TRUE,10/07/25,07:08 PM,07:08 PM,FREE,BUSY
10/08/25,07:08 PM,07:08 PM,Blue Jays at Yankees,Yankee Stadium - Bronx,"Local TV: FS1 ----- Local Radio: SN590- ESPN Radio",10/08/25,10/08/25,10:08 PM,10:08 PM,FALSE,TRUE,10/08/25,06:08 PM,06:08 PM,FREE,BUSY
10/12/25,08:03 PM,08:03 PM,Mariners at Blue Jays,Rogers Centre - Toronto,"Local TV: FOX ----- Local Radio: SN590- Univision TUDN- ESPN Radio",10/12/25,10/12/25,11:03 PM,11:03 PM,FALSE,TRUE,10/12/25,07:03 PM,07:03 PM,FREE,BUSY
10/13/25,05:03 PM,05:03 PM,Mariners at Blue Jays,Rogers Centre - Toronto,"Local TV: FOX- FS1 ----- Local Radio: SN590- Univision TUDN- ESPN Radio",10/13/25,10/13/25,08:03 PM,08:03 PM,FALSE,TRUE,10/13/25,04:03 PM,04:03 PM,FREE,BUSY
10/15/25,08:08 PM,08:08 PM,Blue Jays at Mariners,T-Mobile Park - Seattle,"Local TV: FS1 ----- Local Radio: SN590- Univision TUDN- ESPN Radio",10/15/25,10/15/25,11:08 PM,11:08 PM,FALSE,TRUE,10/15/25,07:08 PM,07:08 PM,FREE,BUSY
10/16/25,08:33 PM,08:33 PM,Blue Jays at Mariners,T-Mobile Park - Seattle,"Local TV: FS1 ----- Local Radio: SN590- Univision TUDN- ESPN Radio",10/16/25,10/16/25,11:33 PM,11:33 PM,FALSE,TRUE,10/16/25,07:33 PM,07:33 PM,FREE,BUSY
10/17/25,06:08 PM,06:08 PM,Blue Jays at Mariners,T-Mobile Park - Seattle,"Local TV: FS1 ----- Local Radio: SN590- Univision TUDN- ESPN Radio",10/17/25,10/17/25,09:08 PM,09:08 PM,FALSE,TRUE,10/17/25,05:08 PM,05:08 PM,FREE,BUSY
10/19/25,08:03 PM,08:03 PM,Mariners at Blue Jays,Rogers Centre - Toronto,"Local TV: FS1 ----- Local Radio: SN590- Univision TUDN- ESPN Radio",10/19/25,10/19/25,11:03 PM,11:03 PM,FALSE,TRUE,10/19/25,07:03 PM,07:03 PM,FREE,BUSY
10/20/25,08:10 PM,08:10 PM,Mariners at Blue Jays,Rogers Centre - Toronto,"Local TV: FOX- FS1 ----- Local Radio: SN590- Univision TUDN- ESPN Radio",10/20/25,10/20/25,11:10 PM,11:10 PM,FALSE,TRUE,10/20/25,07:10 PM,07:10 PM,FREE,BUSY
10/24/25,08:00 PM,08:00 PM,Dodgers at Blue Jays,Rogers Centre - Toronto,"Local TV: FOX ----- Local Radio: SN590- Univision TUDN- ESPN Radio",10/24/25,10/24/25,11:00 PM,11:00 PM,FALSE,TRUE,10/24/25,07:00 PM,07:00 PM,FREE,BUSY
10/25/25,08:00 PM,08:00 PM,Dodgers at Blue Jays,Rogers Centre - Toronto,"Local TV: FOX ----- Local Radio: SN590- Univision TUDN- ESPN Radio",10/25/25,10/25/25,11:00 PM,11:00 PM,FALSE,TRUE,10/25/25,07:00 PM,07:00 PM,FREE,BUSY
10/27/25,08:00 PM,08:00 PM,Blue Jays at Dodgers,Dodger Stadium - Los Angeles,"Local TV: FOX ----- Local Radio: SN590- Univision TUDN- ESPN Radio",10/27/25,10/27/25,11:00 PM,11:00 PM,FALSE,TRUE,10/27/25,07:00 PM,07:00 PM,FREE,BUSY
10/28/25,08:00 PM,08:00 PM,Blue Jays at Dodgers,Dodger Stadium - Los Angeles,"Local TV: FOX ----- Local Radio: SN590- Univision TUDN- ESPN Radio",10/28/25,10/28/25,11:00 PM,11:00 PM,FALSE,TRUE,10/28/25,07:00 PM,07:00 PM,FREE,BUSY
10/29/25,08:00 PM,08:00 PM,Blue Jays at Dodgers,Dodger Stadium - Los Angeles,"Local TV: FOX ----- Local Radio: SN590- Univision TUDN- ESPN Radio",10/29/25,10/29/25,11:00 PM,11:00 PM,FALSE,TRUE,10/29/25,07:00 PM,07:00 PM,FREE,BUSY
10/31/25,08:00 PM,08:00 PM,Dodgers at Blue Jays,Rogers Centre - Toronto,"Local TV: FOX ----- Local Radio: SN590- Univision TUDN- ESPN Radio",10/31/25,10/31/25,11:00 PM,11:00 PM,FALSE,TRUE,10/31/25,07:00 PM,07:00 PM,FREE,BUSY
11/01/25,08:00 PM,08:00 PM,Dodgers at Blue Jays,Rogers Centre - Toronto,"Local TV: FOX ----- Local Radio: SN590- Univision TUDN- ESPN Radio",11/01/25,11/01/25,11:00 PM,11:00 PM,FALSE,TRUE,11/01/25,07:00 PM,07:00 PM,FREE,BUSY
03/26/26,,,Athletics at Blue Jays - Time TBD,Rogers Centre - Toronto,"",03/26/26,03/26/26,,,FALSE,TRUE,03/26/26,,,FREE,BUSY
03/28/26,,,Athletics at Blue Jays - Time TBD,Rogers Centre - Toronto,"",03/28/26,03/28/26,,,FALSE,TRUE,03/28/26,,,FREE,BUSY
03/29/26,,,Athletics at Blue Jays - Time TBD,Rogers Centre - Toronto,"",03/29/26,03/29/26,,,FALSE,TRUE,03/29/26,,,FREE,BUSY
03/30/26,,,Rockies at Blue Jays - Time TBD,Rogers Centre - Toronto,"",03/30/26,03/30/26,,,FALSE,TRUE,03/30/26,,,FREE,BUSY
03/31/26,,,Rockies at Blue Jays - Time TBD,Rogers Centre - Toronto,"",03/31/26,03/31/26,,,FALSE,TRUE,03/31/26,,,FREE,BUSY
04/01/26,,,Rockies at Blue Jays - Time TBD,Rogers Centre - Toronto,"",04/01/26,04/01/26,,,FALSE,TRUE,04/01/26,,,FREE,BUSY
04/02/26,,,Blue Jays at White Sox - Time TBD,Rate Field - Chicago,"",04/02/26,04/02/26,,,FALSE,TRUE,04/02/26,,,FREE,BUSY
04/04/26,,,Blue Jays at White Sox - Time TBD,Rate Field - Chicago,"",04/04/26,04/04/26,,,FALSE,TRUE,04/04/26,,,FREE,BUSY
04/05/26,,,Blue Jays at White Sox - Time TBD,Rate Field - Chicago,"",04/05/26,04/05/26,,,FALSE,TRUE,04/05/26,,,FREE,BUSY
04/06/26,,,Dodgers at Blue Jays - Time TBD,Rogers Centre - Toronto,"",04/06/26,04/06/26,,,FALSE,TRUE,04/06/26,,,FREE,BUSY
04/07/26,,,Dodgers at Blue Jays - Time TBD,Rogers Centre - Toronto,"",04/07/26,04/07/26,,,FALSE,TRUE,04/07/26,,,FREE,BUSY
04/08/26,,,Dodgers at Blue Jays - Time TBD,Rogers Centre - Toronto,"",04/08/26,04/08/26,,,FALSE,TRUE,04/08/26,,,FREE,BUSY
04/10/26,,,Twins at Blue Jays - Time TBD,Rogers Centre - Toronto,"",04/10/26,04/10/26,,,FALSE,TRUE,04/10/26,,,FREE,BUSY
04/11/26,,,Twins at Blue Jays - Time TBD,Rogers Centre - Toronto,"",04/11/26,04/11/26,,,FALSE,TRUE,04/11/26,,,FREE,BUSY
04/12/26,,,Twins at Blue Jays - Time TBD,Rogers Centre - Toronto,"",04/12/26,04/12/26,,,FALSE,TRUE,04/12/26,,,FREE,BUSY
04/14/26,,,Blue Jays at Brewers - Time TBD,American Family Field - Milwaukee,"",04/14/26,04/14/26,,,FALSE,TRUE,04/14/26,,,FREE,BUSY
04/15/26,,,Blue Jays at Brewers - Time TBD,American Family Field - Milwaukee,"",04/15/26,04/15/26,,,FALSE,TRUE,04/15/26,,,FREE,BUSY
04/16/26,,,Blue Jays at Brewers - Time TBD,American Family Field - Milwaukee,"",04/16/26,04/16/26,,,FALSE,TRUE,04/16/26,,,FREE,BUSY
04/17/26,,,Blue Jays at D-backs - Time TBD,Chase Field - Phoenix,"",04/17/26,04/17/26,,,FALSE,TRUE,04/17/26,,,FREE,BUSY
04/18/26,,,Blue Jays at D-backs - Time TBD,Chase Field - Phoenix,"",04/18/26,04/18/26,,,FALSE,TRUE,04/18/26,,,FREE,BUSY
04/19/26,,,Blue Jays at D-backs - Time TBD,Chase Field - Phoenix,"",04/19/26,04/19/26,,,FALSE,TRUE,04/19/26,,,FREE,BUSY
04/20/26,,,Blue Jays at Angels - Time TBD,Angel Stadium - Anaheim,"",04/20/26,04/20/26,,,FALSE,TRUE,04/20/26,,,FREE,BUSY
04/21/26,,,Blue Jays at Angels - Time TBD,Angel Stadium - Anaheim,"",04/21/26,04/21/26,,,FALSE,TRUE,04/21/26,,,FREE,BUSY
04/22/26,,,Blue Jays at Angels - Time TBD,Angel Stadium - Anaheim,"",04/22/26,04/22/26,,,FALSE,TRUE,04/22/26,,,FREE,BUSY
04/24/26,,,Guardians at Blue Jays - Time TBD,Rogers Centre - Toronto,"",04/24/26,04/24/26,,,FALSE,TRUE,04/24/26,,,FREE,BUSY
04/25/26,,,Guardians at Blue Jays - Time TBD,Rogers Centre - Toronto,"",04/25/26,04/25/26,,,FALSE,TRUE,04/25/26,,,FREE,BUSY
04/26/26,,,Guardians at Blue Jays - Time TBD,Rogers Centre - Toronto,"",04/26/26,04/26/26,,,FALSE,TRUE,04/26/26,,,FREE,BUSY
04/27/26,,,Red Sox at Blue Jays - Time TBD,Rogers Centre - Toronto,"",04/27/26,04/27/26,,,FALSE,TRUE,04/27/26,,,FREE,BUSY
04/28/26,,,Red Sox at Blue Jays - Time TBD,Rogers Centre - Toronto,"",04/28/26,04/28/26,,,FALSE,TRUE,04/28/26,,,FREE,BUSY
04/29/26,,,Red Sox at Blue Jays - Time TBD,Rogers Centre - Toronto,"",04/29/26,04/29/26,,,FALSE,TRUE,04/29/26,,,FREE,BUSY
04/30/26,,,Blue Jays at Twins - Time TBD,Target Field - Minneapolis,"",04/30/26,04/30/26,,,FALSE,TRUE,04/30/26,,,FREE,BUSY
05/01/26,,,Blue Jays at Twins - Time TBD,Target Field - Minneapolis,"",05/01/26,05/01/26,,,FALSE,TRUE,05/01/26,,,FREE,BUSY
05/02/26,,,Blue Jays at Twins - Time TBD,Target Field - Minneapolis,"",05/02/26,05/02/26,,,FALSE,TRUE,05/02/26,,,FREE,BUSY
05/03/26,,,Blue Jays at Twins - Time TBD,Target Field - Minneapolis,"",05/03/26,05/03/26,,,FALSE,TRUE,05/03/26,,,FREE,BUSY
05/04/26,,,Blue Jays at Rays - Time TBD,George M. Steinbrenner Field - Tampa,"",05/04/26,05/04/26,,,FALSE,TRUE,05/04/26,,,FREE,BUSY
05/05/26,,,Blue Jays at Rays - Time TBD,George M. Steinbrenner Field - Tampa,"",05/05/26,05/05/26,,,FALSE,TRUE,05/05/26,,,FREE,BUSY
05/06/26,,,Blue Jays at Rays - Time TBD,George M. Steinbrenner Field - Tampa,"",05/06/26,05/06/26,,,FALSE,TRUE,05/06/26,,,FREE,BUSY
05/08/26,,,Angels at Blue Jays - Time TBD,Rogers Centre - Toronto,"",05/08/26,05/08/26,,,FALSE,TRUE,05/08/26,,,FREE,BUSY
05/09/26,,,Angels at Blue Jays - Time TBD,Rogers Centre - Toronto,"",05/09/26,05/09/26,,,FALSE,TRUE,05/09/26,,,FREE,BUSY
05/10/26,,,Angels at Blue Jays - Time TBD,Rogers Centre - Toronto,"",05/10/26,05/10/26,,,FALSE,TRUE,05/10/26,,,FREE,BUSY
05/11/26,,,Rays at Blue Jays - Time TBD,Rogers Centre - Toronto,"",05/11/26,05/11/26,,,FALSE,TRUE,05/11/26,,,FREE,BUSY
05/12/26,,,Rays at Blue Jays - Time TBD,Rogers Centre - Toronto,"",05/12/26,05/12/26,,,FALSE,TRUE,05/12/26,,,FREE,BUSY
05/13/26,,,Rays at Blue Jays - Time TBD,Rogers Centre - Toronto,"",05/13/26,05/13/26,,,FALSE,TRUE,05/13/26,,,FREE,BUSY
05/15/26,,,Blue Jays at Tigers - Time TBD,Comerica Park - Detroit,"",05/15/26,05/15/26,,,FALSE,TRUE,05/15/26,,,FREE,BUSY
05/16/26,,,Blue Jays at Tigers - Time TBD,Comerica Park - Detroit,"",05/16/26,05/16/26,,,FALSE,TRUE,05/16/26,,,FREE,BUSY
05/17/26,,,Blue Jays at Tigers - Time TBD,Comerica Park - Detroit,"",05/17/26,05/17/26,,,FALSE,TRUE,05/17/26,,,FREE,BUSY
05/18/26,,,Blue Jays at Yankees - Time TBD,Yankee Stadium - Bronx,"",05/18/26,05/18/26,,,FALSE,TRUE,05/18/26,,,FREE,BUSY
05/19/26,,,Blue Jays at Yankees - Time TBD,Yankee Stadium - Bronx,"",05/19/26,05/19/26,,,FALSE,TRUE,05/19/26,,,FREE,BUSY
05/20/26,,,Blue Jays at Yankees - Time TBD,Yankee Stadium - Bronx,"",05/20/26,05/20/26,,,FALSE,TRUE,05/20/26,,,FREE,BUSY
05/21/26,,,Blue Jays at Yankees - Time TBD,Yankee Stadium - Bronx,"",05/21/26,05/21/26,,,FALSE,TRUE,05/21/26,,,FREE,BUSY
05/22/26,,,Pirates at Blue Jays - Time TBD,Rogers Centre - Toronto,"",05/22/26,05/22/26,,,FALSE,TRUE,05/22/26,,,FREE,BUSY
05/23/26,,,Pirates at Blue Jays - Time TBD,Rogers Centre - Toronto,"",05/23/26,05/23/26,,,FALSE,TRUE,05/23/26,,,FREE,BUSY
05/24/26,,,Pirates at Blue Jays - Time TBD,Rogers Centre - Toronto,"",05/24/26,05/24/26,,,FALSE,TRUE,05/24/26,,,FREE,BUSY
05/25/26,,,Marlins at Blue Jays - Time TBD,Rogers Centre - Toronto,"",05/25/26,05/25/26,,,FALSE,TRUE,05/25/26,,,FREE,BUSY
05/26/26,,,Marlins at Blue Jays - Time TBD,Rogers Centre - Toronto,"",05/26/26,05/26/26,,,FALSE,TRUE,05/26/26,,,FREE,BUSY
05/27/26,,,Marlins at Blue Jays - Time TBD,Rogers Centre - Toronto,"",05/27/26,05/27/26,,,FALSE,TRUE,05/27/26,,,FREE,BUSY
05/28/26,,,Blue Jays at Orioles - Time TBD,Oriole Park at Camden Yards - Baltimore,"",05/28/26,05/28/26,,,FALSE,TRUE,05/28/26,,,FREE,BUSY
05/29/26,,,Blue Jays at Orioles - Time TBD,Oriole Park at Camden Yards - Baltimore,"",05/29/26,05/29/26,,,FALSE,TRUE,05/29/26,,,FREE,BUSY
05/30/26,,,Blue Jays at Orioles - Time TBD,Oriole Park at Camden Yards - Baltimore,"",05/30/26,05/30/26,,,FALSE,TRUE,05/30/26,,,FREE,BUSY
05/31/26,,,Blue Jays at Orioles - Time TBD,Oriole Park at Camden Yards - Baltimore,"",05/31/26,05/31/26,,,FALSE,TRUE,05/31/26,,,FREE,BUSY
06/02/26,,,Blue Jays at Braves - Time TBD,Truist Park - Atlanta,"",06/02/26,06/02/26,,,FALSE,TRUE,06/02/26,,,FREE,BUSY
06/03/26,,,Blue Jays at Braves - Time TBD,Truist Park - Atlanta,"",06/03/26,06/03/26,,,FALSE,TRUE,06/03/26,,,FREE,BUSY
06/04/26,,,Blue Jays at Braves - Time TBD,Truist Park - Atlanta,"",06/04/26,06/04/26,,,FALSE,TRUE,06/04/26,,,FREE,BUSY
06/05/26,,,Orioles at Blue Jays - Time TBD,Rogers Centre - Toronto,"",06/05/26,06/05/26,,,FALSE,TRUE,06/05/26,,,FREE,BUSY
06/06/26,,,Orioles at Blue Jays - Time TBD,Rogers Centre - Toronto,"",06/06/26,06/06/26,,,FALSE,TRUE,06/06/26,,,FREE,BUSY
06/07/26,,,Orioles at Blue Jays - Time TBD,Rogers Centre - Toronto,"",06/07/26,06/07/26,,,FALSE,TRUE,06/07/26,,,FREE,BUSY
06/08/26,,,Phillies at Blue Jays - Time TBD,Rogers Centre - Toronto,"",06/08/26,06/08/26,,,FALSE,TRUE,06/08/26,,,FREE,BUSY
06/09/26,,,Phillies at Blue Jays - Time TBD,Rogers Centre - Toronto,"",06/09/26,06/09/26,,,FALSE,TRUE,06/09/26,,,FREE,BUSY
06/10/26,,,Phillies at Blue Jays - Time TBD,Rogers Centre - Toronto,"",06/10/26,06/10/26,,,FALSE,TRUE,06/10/26,,,FREE,BUSY
06/12/26,,,Yankees at Blue Jays - Time TBD,Rogers Centre - Toronto,"",06/12/26,06/12/26,,,FALSE,TRUE,06/12/26,,,FREE,BUSY
06/13/26,,,Yankees at Blue Jays - Time TBD,Rogers Centre - Toronto,"",06/13/26,06/13/26,,,FALSE,TRUE,06/13/26,,,FREE,BUSY
06/14/26,,,Yankees at Blue Jays - Time TBD,Rogers Centre - Toronto,"",06/14/26,06/14/26,,,FALSE,TRUE,06/14/26,,,FREE,BUSY
06/16/26,,,Blue Jays at Red Sox - Time TBD,Fenway Park - Boston,"",06/16/26,06/16/26,,,FALSE,TRUE,06/16/26,,,FREE,BUSY
06/17/26,,,Blue Jays at Red Sox - Time TBD,Fenway Park - Boston,"",06/17/26,06/17/26,,,FALSE,TRUE,06/17/26,,,FREE,BUSY
06/18/26,,,Blue Jays at Red Sox - Time TBD,Fenway Park - Boston,"",06/18/26,06/18/26,,,FALSE,TRUE,06/18/26,,,FREE,BUSY
06/19/26,,,Blue Jays at Cubs - Time TBD,Wrigley Field - Chicago,"",06/19/26,06/19/26,,,FALSE,TRUE,06/19/26,,,FREE,BUSY
06/20/26,,,Blue Jays at Cubs - Time TBD,Wrigley Field - Chicago,"",06/20/26,06/20/26,,,FALSE,TRUE,06/20/26,,,FREE,BUSY
06/21/26,,,Blue Jays at Cubs - Time TBD,Wrigley Field - Chicago,"",06/21/26,06/21/26,,,FALSE,TRUE,06/21/26,,,FREE,BUSY
06/22/26,,,Astros at Blue Jays - Time TBD,Rogers Centre - Toronto,"",06/22/26,06/22/26,,,FALSE,TRUE,06/22/26,,,FREE,BUSY
06/23/26,,,Astros at Blue Jays - Time TBD,Rogers Centre - Toronto,"",06/23/26,06/23/26,,,FALSE,TRUE,06/23/26,,,FREE,BUSY
06/24/26,,,Astros at Blue Jays - Time TBD,Rogers Centre - Toronto,"",06/24/26,06/24/26,,,FALSE,TRUE,06/24/26,,,FREE,BUSY
06/25/26,,,Rangers at Blue Jays - Time TBD,Rogers Centre - Toronto,"",06/25/26,06/25/26,,,FALSE,TRUE,06/25/26,,,FREE,BUSY
06/26/26,,,Rangers at Blue Jays - Time TBD,Rogers Centre - Toronto,"",06/26/26,06/26/26,,,FALSE,TRUE,06/26/26,,,FREE,BUSY
06/27/26,,,Rangers at Blue Jays - Time TBD,Rogers Centre - Toronto,"",06/27/26,06/27/26,,,FALSE,TRUE,06/27/26,,,FREE,BUSY
06/28/26,,,Rangers at Blue Jays - Time TBD,Rogers Centre - Toronto,"",06/28/26,06/28/26,,,FALSE,TRUE,06/28/26,,,FREE,BUSY
06/29/26,,,Mets at Blue Jays - Time TBD,Rogers Centre - Toronto,"",06/29/26,06/29/26,,,FALSE,TRUE,06/29/26,,,FREE,BUSY
06/30/26,,,Mets at Blue Jays - Time TBD,Rogers Centre - Toronto,"",06/30/26,06/30/26,,,FALSE,TRUE,06/30/26,,,FREE,BUSY
07/01/26,,,Mets at Blue Jays - Time TBD,Rogers Centre - Toronto,"",07/01/26,07/01/26,,,FALSE,TRUE,07/01/26,,,FREE,BUSY
07/03/26,,,Blue Jays at Mariners - Time TBD,T-Mobile Park - Seattle,"",07/03/26,07/03/26,,,FALSE,TRUE,07/03/26,,,FREE,BUSY
07/04/26,,,Blue Jays at Mariners - Time TBD,T-Mobile Park - Seattle,"",07/04/26,07/04/26,,,FALSE,TRUE,07/04/26,,,FREE,BUSY
07/05/26,,,Blue Jays at Mariners - Time TBD,T-Mobile Park - Seattle,"",07/05/26,07/05/26,,,FALSE,TRUE,07/05/26,,,FREE,BUSY
07/06/26,,,Blue Jays at Giants - Time TBD,Oracle Park - San Francisco,"",07/06/26,07/06/26,,,FALSE,TRUE,07/06/26,,,FREE,BUSY
07/07/26,,,Blue Jays at Giants - Time TBD,Oracle Park - San Francisco,"",07/07/26,07/07/26,,,FALSE,TRUE,07/07/26,,,FREE,BUSY
07/08/26,,,Blue Jays at Giants - Time TBD,Oracle Park - San Francisco,"",07/08/26,07/08/26,,,FALSE,TRUE,07/08/26,,,FREE,BUSY
07/10/26,,,Blue Jays at Padres - Time TBD,Petco Park - San Diego,"",07/10/26,07/10/26,,,FALSE,TRUE,07/10/26,,,FREE,BUSY
07/11/26,,,Blue Jays at Padres - Time TBD,Petco Park - San Diego,"",07/11/26,07/11/26,,,FALSE,TRUE,07/11/26,,,FREE,BUSY
07/12/26,,,Blue Jays at Padres - Time TBD,Petco Park - San Diego,"",07/12/26,07/12/26,,,FALSE,TRUE,07/12/26,,,FREE,BUSY
07/17/26,,,White Sox at Blue Jays - Time TBD,Rogers Centre - Toronto,"",07/17/26,07/17/26,,,FALSE,TRUE,07/17/26,,,FREE,BUSY
07/18/26,,,White Sox at Blue Jays - Time TBD,Rogers Centre - Toronto,"",07/18/26,07/18/26,,,FALSE,TRUE,07/18/26,,,FREE,BUSY
07/19/26,,,White Sox at Blue Jays - Time TBD,Rogers Centre - Toronto,"",07/19/26,07/19/26,,,FALSE,TRUE,07/19/26,,,FREE,BUSY
07/20/26,,,Rays at Blue Jays - Time TBD,Rogers Centre - Toronto,"",07/20/26,07/20/26,,,FALSE,TRUE,07/20/26,,,FREE,BUSY
07/21/26,,,Rays at Blue Jays - Time TBD,Rogers Centre - Toronto,"",07/21/26,07/21/26,,,FALSE,TRUE,07/21/26,,,FREE,BUSY
07/22/26,,,Rays at Blue Jays - Time TBD,Rogers Centre - Toronto,"",07/22/26,07/22/26,,,FALSE,TRUE,07/22/26,,,FREE,BUSY
07/23/26,,,Rays at Blue Jays - Time TBD,Rogers Centre - Toronto,"",07/23/26,07/23/26,,,FALSE,TRUE,07/23/26,,,FREE,BUSY
07/24/26,,,Blue Jays at Red Sox - Time TBD,Fenway Park - Boston,"",07/24/26,07/24/26,,,FALSE,TRUE,07/24/26,,,FREE,BUSY
07/25/26,,,Blue Jays at Red Sox - Time TBD,Fenway Park - Boston,"",07/25/26,07/25/26,,,FALSE,TRUE,07/25/26,,,FREE,BUSY
07/26/26,,,Blue Jays at Red Sox - Time TBD,Fenway Park - Boston,"",07/26/26,07/26/26,,,FALSE,TRUE,07/26/26,,,FREE,BUSY
07/27/26,,,Blue Jays at Nationals - Time TBD,Nationals Park - Washington,"",07/27/26,07/27/26,,,FALSE,TRUE,07/27/26,,,FREE,BUSY
07/28/26,,,Blue Jays at Nationals - Time TBD,Nationals Park - Washington,"",07/28/26,07/28/26,,,FALSE,TRUE,07/28/26,,,FREE,BUSY
07/29/26,,,Blue Jays at Nationals - Time TBD,Nationals Park - Washington,"",07/29/26,07/29/26,,,FALSE,TRUE,07/29/26,,,FREE,BUSY
07/31/26,,,Cardinals at Blue Jays - Time TBD,Rogers Centre - Toronto,"",07/31/26,07/31/26,,,FALSE,TRUE,07/31/26,,,FREE,BUSY
08/01/26,,,Cardinals at Blue Jays - Time TBD,Rogers Centre - Toronto,"",08/01/26,08/01/26,,,FALSE,TRUE,08/01/26,,,FREE,BUSY
08/02/26,,,Cardinals at Blue Jays - Time TBD,Rogers Centre - Toronto,"",08/02/26,08/02/26,,,FALSE,TRUE,08/02/26,,,FREE,BUSY
08/03/26,,,Blue Jays at Astros - Time TBD,Daikin Park - Houston,"",08/03/26,08/03/26,,,FALSE,TRUE,08/03/26,,,FREE,BUSY
08/04/26,,,Blue Jays at Astros - Time TBD,Daikin Park - Houston,"",08/04/26,08/04/26,,,FALSE,TRUE,08/04/26,,,FREE,BUSY
08/05/26,,,Blue Jays at Astros - Time TBD,Daikin Park - Houston,"",08/05/26,08/05/26,,,FALSE,TRUE,08/05/26,,,FREE,BUSY
08/07/26,,,Blue Jays at Phillies - Time TBD,Citizens Bank Park - Philadelphia,"",08/07/26,08/07/26,,,FALSE,TRUE,08/07/26,,,FREE,BUSY
08/08/26,,,Blue Jays at Phillies - Time TBD,Citizens Bank Park - Philadelphia,"",08/08/26,08/08/26,,,FALSE,TRUE,08/08/26,,,FREE,BUSY
08/09/26,,,Blue Jays at Phillies - Time TBD,Citizens Bank Park - Philadelphia,"",08/09/26,08/09/26,,,FALSE,TRUE,08/09/26,,,FREE,BUSY
08/10/26,,,Red Sox at Blue Jays - Time TBD,Rogers Centre - Toronto,"",08/10/26,08/10/26,,,FALSE,TRUE,08/10/26,,,FREE,BUSY
08/11/26,,,Red Sox at Blue Jays - Time TBD,Rogers Centre - Toronto,"",08/11/26,08/11/26,,,FALSE,TRUE,08/11/26,,,FREE,BUSY
08/12/26,,,Red Sox at Blue Jays - Time TBD,Rogers Centre - Toronto,"",08/12/26,08/12/26,,,FALSE,TRUE,08/12/26,,,FREE,BUSY
08/13/26,,,Red Sox at Blue Jays - Time TBD,Rogers Centre - Toronto,"",08/13/26,08/13/26,,,FALSE,TRUE,08/13/26,,,FREE,BUSY
08/14/26,,,Yankees at Blue Jays - Time TBD,Rogers Centre - Toronto,"",08/14/26,08/14/26,,,FALSE,TRUE,08/14/26,,,FREE,BUSY
08/15/26,,,Yankees at Blue Jays - Time TBD,Rogers Centre - Toronto,"",08/15/26,08/15/26,,,FALSE,TRUE,08/15/26,,,FREE,BUSY
08/16/26,,,Yankees at Blue Jays - Time TBD,Rogers Centre - Toronto,"",08/16/26,08/16/26,,,FALSE,TRUE,08/16/26,,,FREE,BUSY
08/18/26,,,Blue Jays at Rays - Time TBD,George M. Steinbrenner Field - Tampa,"",08/18/26,08/18/26,,,FALSE,TRUE,08/18/26,,,FREE,BUSY
08/19/26,,,Blue Jays at Rays - Time TBD,George M. Steinbrenner Field - Tampa,"",08/19/26,08/19/26,,,FALSE,TRUE,08/19/26,,,FREE,BUSY
08/20/26,,,Blue Jays at Rays - Time TBD,George M. Steinbrenner Field - Tampa,"",08/20/26,08/20/26,,,FALSE,TRUE,08/20/26,,,FREE,BUSY
08/21/26,,,Blue Jays at Yankees - Time TBD,Yankee Stadium - Bronx,"",08/21/26,08/21/26,,,FALSE,TRUE,08/21/26,,,FREE,BUSY
08/22/26,,,Blue Jays at Yankees - Time TBD,Yankee Stadium - Bronx,"",08/22/26,08/22/26,,,FALSE,TRUE,08/22/26,,,FREE,BUSY
08/23/26,,,Blue Jays at Yankees - Time TBD,Yankee Stadium - Bronx,"",08/23/26,08/23/26,,,FALSE,TRUE,08/23/26,,,FREE,BUSY
08/25/26,,,Royals at Blue Jays - Time TBD,Rogers Centre - Toronto,"",08/25/26,08/25/26,,,FALSE,TRUE,08/25/26,,,FREE,BUSY
08/26/26,,,Royals at Blue Jays - Time TBD,Rogers Centre - Toronto,"",08/26/26,08/26/26,,,FALSE,TRUE,08/26/26,,,FREE,BUSY
08/27/26,,,Royals at Blue Jays - Time TBD,Rogers Centre - Toronto,"",08/27/26,08/27/26,,,FALSE,TRUE,08/27/26,,,FREE,BUSY
08/28/26,,,Mariners at Blue Jays - Time TBD,Rogers Centre - Toronto,"",08/28/26,08/28/26,,,FALSE,TRUE,08/28/26,,,FREE,BUSY
08/29/26,,,Mariners at Blue Jays - Time TBD,Rogers Centre - Toronto,"",08/29/26,08/29/26,,,FALSE,TRUE,08/29/26,,,FREE,BUSY
08/30/26,,,Mariners at Blue Jays - Time TBD,Rogers Centre - Toronto,"",08/30/26,08/30/26,,,FALSE,TRUE,08/30/26,,,FREE,BUSY
09/01/26,,,Blue Jays at Guardians - Time TBD,Progressive Field - Cleveland,"",09/01/26,09/01/26,,,FALSE,TRUE,09/01/26,,,FREE,BUSY
09/02/26,,,Blue Jays at Guardians - Time TBD,Progressive Field - Cleveland,"",09/02/26,09/02/26,,,FALSE,TRUE,09/02/26,,,FREE,BUSY
09/03/26,,,Blue Jays at Guardians - Time TBD,Progressive Field - Cleveland,"",09/03/26,09/03/26,,,FALSE,TRUE,09/03/26,,,FREE,BUSY
09/04/26,,,Blue Jays at Royals - Time TBD,Kauffman Stadium - Kansas City,"",09/04/26,09/04/26,,,FALSE,TRUE,09/04/26,,,FREE,BUSY
09/05/26,,,Blue Jays at Royals - Time TBD,Kauffman Stadium - Kansas City,"",09/05/26,09/05/26,,,FALSE,TRUE,09/05/26,,,FREE,BUSY
09/06/26,,,Blue Jays at Royals - Time TBD,Kauffman Stadium - Kansas City,"",09/06/26,09/06/26,,,FALSE,TRUE,09/06/26,,,FREE,BUSY
09/07/26,,,Blue Jays at Athletics - Time TBD,Sutter Health Park - Sacramento,"",09/07/26,09/07/26,,,FALSE,TRUE,09/07/26,,,FREE,BUSY
09/08/26,,,Blue Jays at Athletics - Time TBD,Sutter Health Park - Sacramento,"",09/08/26,09/08/26,,,FALSE,TRUE,09/08/26,,,FREE,BUSY
09/09/26,,,Blue Jays at Athletics - Time TBD,Sutter Health Park - Sacramento,"",09/09/26,09/09/26,,,FALSE,TRUE,09/09/26,,,FREE,BUSY
09/11/26,,,Orioles at Blue Jays - Time TBD,Rogers Centre - Toronto,"",09/11/26,09/11/26,,,FALSE,TRUE,09/11/26,,,FREE,BUSY
09/12/26,,,Orioles at Blue Jays - Time TBD,Rogers Centre - Toronto,"",09/12/26,09/12/26,,,FALSE,TRUE,09/12/26,,,FREE,BUSY
09/13/26,,,Orioles at Blue Jays - Time TBD,Rogers Centre - Toronto,"",09/13/26,09/13/26,,,FALSE,TRUE,09/13/26,,,FREE,BUSY
09/14/26,,,Tigers at Blue Jays - Time TBD,Rogers Centre - Toronto,"",09/14/26,09/14/26,,,FALSE,TRUE,09/14/26,,,FREE,BUSY
09/15/26,,,Tigers at Blue Jays - Time TBD,Rogers Centre - Toronto,"",09/15/26,09/15/26,,,FALSE,TRUE,09/15/26,,,FREE,BUSY
09/16/26,,,Tigers at Blue Jays - Time TBD,Rogers Centre - Toronto,"",09/16/26,09/16/26,,,FALSE,TRUE,09/16/26,,,FREE,BUSY
09/18/26,,,Blue Jays at Rangers - Time TBD,Globe Life Field - Arlington,"",09/18/26,09/18/26,,,FALSE,TRUE,09/18/26,,,FREE,BUSY
09/19/26,,,Blue Jays at Rangers - Time TBD,Globe Life Field - Arlington,"",09/19/26,09/19/26,,,FALSE,TRUE,09/19/26,,,FREE,BUSY
09/20/26,,,Blue Jays at Rangers - Time TBD,Globe Life Field - Arlington,"",09/20/26,09/20/26,,,FALSE,TRUE,09/20/26,,,FREE,BUSY
09/21/26,,,Blue Jays at Orioles - Time TBD,Oriole Park at Camden Yards - Baltimore,"",09/21/26,09/21/26,,,FALSE,TRUE,09/21/26,,,FREE,BUSY
09/22/26,,,Blue Jays at Orioles - Time TBD,Oriole Park at Camden Yards - Baltimore,"",09/22/26,09/22/26,,,FALSE,TRUE,09/22/26,,,FREE,BUSY
09/23/26,,,Blue Jays at Orioles - Time TBD,Oriole Park at Camden Yards - Baltimore,"",09/23/26,09/23/26,,,FALSE,TRUE,09/23/26,,,FREE,BUSY
09/25/26,,,Reds at Blue Jays - Time TBD,Rogers Centre - Toronto,"",09/25/26,09/25/26,,,FALSE,TRUE,09/25/26,,,FREE,BUSY
09/26/26,,,Reds at Blue Jays - Time TBD,Rogers Centre - Toronto,"",09/26/26,09/26/26,,,FALSE,TRUE,09/26/26,,,FREE,BUSY
09/27/26,,,Reds at Blue Jays - Time TBD,Rogers Centre - Toronto,"",09/27/26,09/27/26,,,FALSE,TRUE,09/27/26,,,FREE,BUSY
