START DATE,START TIME,START TIME ET,SUBJECT,LOCATION,DESCRIPTION,END DATE,END DATE ET,END TIME,END TIME ET,REMINDER OFF,REMINDER ON,REMINDER DATE,REMINDER TIME,REMINDER TIME ET,SHOWTIMEAS FREE,SHOWTIMEAS BUSY
02/22/25,03:05 PM,03:05 PM,Guardians at Reds,Goodyear Ballpark - Goodyear,"Local TV: Guardians TV Presented by Progressive ----- Local Radio: WTAM 1100- Guardians Radio Network",02/22/25,02/22/25,06:05 PM,06:05 PM,FALSE,TRUE,02/22/25,02:05 PM,02:05 PM,FREE,BUSY
02/23/25,01:05 PM,03:05 PM,Angels at Guardians,Goodyear Ballpark - Goodyear,"Local Radio: WTAM 1100- Guardians Radio Network",02/23/25,02/23/25,04:05 PM,06:05 PM,FALSE,TRUE,02/23/25,12:05 PM,02:05 PM,FREE,BUSY
02/24/25,03:10 PM,03:10 PM,Guardians at D-backs,Salt River Fields at Talking Stick - Scottsdale,"",02/24/25,02/24/25,06:10 PM,06:10 PM,FALSE,TRUE,02/24/25,02:10 PM,02:10 PM,FREE,BUSY
02/25/25,01:05 PM,03:05 PM,Brewers at Guardians,Goodyear Ballpark - Goodyear,"Local TV: Guardians TV Presented by Progressive",02/25/25,02/25/25,04:05 PM,06:05 PM,FALSE,TRUE,02/25/25,12:05 PM,02:05 PM,FREE,BUSY
02/26/25,01:05 PM,03:05 PM,Rangers at Guardians,Goodyear Ballpark - Goodyear,"Local Radio: WTAM 1100- Guardians Radio Network",02/26/25,02/26/25,04:05 PM,06:05 PM,FALSE,TRUE,02/26/25,12:05 PM,02:05 PM,FREE,BUSY
02/27/25,03:05 PM,03:05 PM,Guardians at White Sox,Camelback Ranch - Glendale,"",02/27/25,02/27/25,06:05 PM,06:05 PM,FALSE,TRUE,02/27/25,02:05 PM,02:05 PM,FREE,BUSY
02/28/25,01:05 PM,03:05 PM,Rockies at Guardians,Goodyear Ballpark - Goodyear,"Local Radio: WTAM 1100- Guardians Radio Network",02/28/25,02/28/25,04:05 PM,06:05 PM,FALSE,TRUE,02/28/25,12:05 PM,02:05 PM,FREE,BUSY
03/01/25,03:05 PM,03:05 PM,Guardians at Cubs,Sloan Park - Mesa,"Local Radio: WTAM 1100- Guardians Radio Network",03/01/25,03/01/25,06:05 PM,06:05 PM,FALSE,TRUE,03/01/25,02:05 PM,02:05 PM,FREE,BUSY
03/02/25,01:05 PM,03:05 PM,Brewers at Guardians,Goodyear Ballpark - Goodyear,"",03/02/25,03/02/25,04:05 PM,06:05 PM,FALSE,TRUE,03/02/25,12:05 PM,02:05 PM,FREE,BUSY
03/03/25,03:10 PM,03:10 PM,Guardians at Mariners,Peoria Stadium - Peoria,"Local Radio: WTAM 1100- Guardians Radio Network",03/03/25,03/03/25,06:10 PM,06:10 PM,FALSE,TRUE,03/03/25,02:10 PM,02:10 PM,FREE,BUSY
03/04/25,01:05 PM,03:05 PM,Angels at Guardians,Goodyear Ballpark - Goodyear,"Local Radio: WTAM 1100- Guardians Radio Network",03/04/25,03/04/25,04:05 PM,06:05 PM,FALSE,TRUE,03/04/25,12:05 PM,02:05 PM,FREE,BUSY
03/06/25,06:05 PM,08:05 PM,D-backs at Guardians,Goodyear Ballpark - Goodyear,"Local Radio: WTAM 1100- Guardians Radio Network",03/06/25,03/06/25,09:05 PM,11:05 PM,FALSE,TRUE,03/06/25,05:05 PM,07:05 PM,FREE,BUSY
03/07/25,03:05 PM,03:05 PM,Guardians at Athletics,Hohokam Stadium - Mesa,"",03/07/25,03/07/25,06:05 PM,06:05 PM,FALSE,TRUE,03/07/25,02:05 PM,02:05 PM,FREE,BUSY
03/08/25,03:10 PM,03:10 PM,Guardians at Padres,Peoria Stadium - Peoria,"Local Radio: WTAM 1100- Guardians Radio Network",03/08/25,03/08/25,06:10 PM,06:10 PM,FALSE,TRUE,03/08/25,02:10 PM,02:10 PM,FREE,BUSY
03/09/25,01:05 PM,04:05 PM,White Sox at Guardians,Goodyear Ballpark - Goodyear,"Local Radio: WTAM 1100- Guardians Radio Network",03/09/25,03/09/25,04:05 PM,07:05 PM,FALSE,TRUE,03/09/25,12:05 PM,03:05 PM,FREE,BUSY
03/10/25,01:05 PM,04:05 PM,Cubs at Guardians,Goodyear Ballpark - Goodyear,"Local Radio: MLB Audio",03/10/25,03/10/25,04:05 PM,07:05 PM,FALSE,TRUE,03/10/25,12:05 PM,03:05 PM,FREE,BUSY
03/10/25,04:05 PM,04:05 PM,Guardians at Royals,Surprise Stadium - Surprise,"",03/10/25,03/10/25,07:05 PM,07:05 PM,FALSE,TRUE,03/10/25,03:05 PM,03:05 PM,FREE,BUSY
03/11/25,04:05 PM,04:05 PM,Guardians at Dodgers,Camelback Ranch - Glendale,"",03/11/25,03/11/25,07:05 PM,07:05 PM,FALSE,TRUE,03/11/25,03:05 PM,03:05 PM,FREE,BUSY
03/12/25,01:05 PM,04:05 PM,Giants at Guardians,Goodyear Ballpark - Goodyear,"Local Radio: WTAM 1100- Guardians Radio Network",03/12/25,03/12/25,04:05 PM,07:05 PM,FALSE,TRUE,03/12/25,12:05 PM,03:05 PM,FREE,BUSY
03/13/25,03:10 PM,03:10 PM,Guardians at Rockies,Salt River Fields at Talking Stick - Scottsdale,"Local Radio: WTAM 1100- Guardians Radio Network",03/13/25,03/13/25,06:10 PM,06:10 PM,FALSE,TRUE,03/13/25,02:10 PM,02:10 PM,FREE,BUSY
03/14/25,01:05 PM,04:05 PM,Mariners at Guardians,Goodyear Ballpark - Goodyear,"Local TV: Guardians TV Presented by Progressive ----- Local Radio: WTAM 1100- Guardians Radio Network",03/14/25,03/14/25,04:05 PM,07:05 PM,FALSE,TRUE,03/14/25,12:05 PM,03:05 PM,FREE,BUSY
03/15/25,04:05 PM,04:05 PM,Guardians at Royals,Surprise Stadium - Surprise,"Local Radio: Guardians Radio Network- WTAM 1100",03/15/25,03/15/25,07:05 PM,07:05 PM,FALSE,TRUE,03/15/25,03:05 PM,03:05 PM,FREE,BUSY
03/16/25,04:10 PM,04:10 PM,Guardians at Brewers,American Family Fields of Phoenix - Phoenix,"",03/16/25,03/16/25,07:10 PM,07:10 PM,FALSE,TRUE,03/16/25,03:10 PM,03:10 PM,FREE,BUSY
03/17/25,06:05 PM,09:05 PM,Reds at Guardians,Goodyear Ballpark - Goodyear,"Local TV: Guardians TV Presented by Progressive- MLBN (out-of-market only) ----- Local Radio: WTAM 1100- Guardians Radio Network",03/17/25,03/18/25,09:05 PM,12:05 AM,FALSE,TRUE,03/17/25,05:05 PM,08:05 PM,FREE,BUSY
03/18/25,09:05 PM,09:05 PM,Guardians at Rangers,Surprise Stadium - Surprise,"Local TV: MLBN (out-of-market only)",03/19/25,03/19/25,12:05 AM,12:05 AM,FALSE,TRUE,03/18/25,08:05 PM,08:05 PM,FREE,BUSY
03/19/25,01:05 PM,04:05 PM,Athletics at Guardians,Goodyear Ballpark - Goodyear,"Local TV: Guardians TV Presented by Progressive",03/19/25,03/19/25,04:05 PM,07:05 PM,FALSE,TRUE,03/19/25,12:05 PM,03:05 PM,FREE,BUSY
03/19/25,04:10 PM,04:10 PM,Guardians at Angels,Tempe Diablo Stadium - Tempe,"Local TV: MLBN (out-of-market only)",03/19/25,03/19/25,07:10 PM,07:10 PM,FALSE,TRUE,03/19/25,03:10 PM,03:10 PM,FREE,BUSY
03/21/25,04:05 PM,04:05 PM,Guardians at Giants,Scottsdale Stadium - Scottsdale,"Local Radio: WTAM 1100- Guardians Radio Network",03/21/25,03/21/25,07:05 PM,07:05 PM,FALSE,TRUE,03/21/25,03:05 PM,03:05 PM,FREE,BUSY
03/22/25,01:05 PM,04:05 PM,Padres at Guardians,Goodyear Ballpark - Goodyear,"Local Radio: Guardians Radio Network- WTAM 1100",03/22/25,03/22/25,04:05 PM,07:05 PM,FALSE,TRUE,03/22/25,12:05 PM,03:05 PM,FREE,BUSY
03/23/25,03:05 PM,03:05 PM,Guardians at Reds,Goodyear Ballpark - Goodyear,"",03/23/25,03/23/25,06:05 PM,06:05 PM,FALSE,TRUE,03/23/25,02:05 PM,02:05 PM,FREE,BUSY
03/24/25,09:40 PM,09:40 PM,Guardians at D-backs,Chase Field - Phoenix,"",03/25/25,03/25/25,12:40 AM,12:40 AM,FALSE,TRUE,03/24/25,08:40 PM,08:40 PM,FREE,BUSY
03/25/25,03:40 PM,03:40 PM,Guardians at D-backs,Chase Field - Phoenix,"",03/25/25,03/25/25,06:40 PM,06:40 PM,FALSE,TRUE,03/25/25,02:40 PM,02:40 PM,FREE,BUSY
03/27/25,04:10 PM,04:10 PM,Guardians at Royals,Kauffman Stadium - Kansas City,"Local TV: Guardians TV Presented by Progressive ----- Local Radio: WTAM 1100- Guardians Radio Network",03/27/25,03/27/25,07:10 PM,07:10 PM,FALSE,TRUE,03/27/25,03:10 PM,03:10 PM,FREE,BUSY
03/29/25,04:10 PM,04:10 PM,Guardians at Royals,Kauffman Stadium - Kansas City,"Local TV: Guardians TV Presented by Progressive ----- Local Radio: WTAM 1100- WMMS 100.7- Guardians Radio Network",03/29/25,03/29/25,07:10 PM,07:10 PM,FALSE,TRUE,03/29/25,03:10 PM,03:10 PM,FREE,BUSY
03/30/25,02:10 PM,02:10 PM,Guardians at Royals,Kauffman Stadium - Kansas City,"Local TV: Guardians TV Presented by Progressive ----- Local Radio: WTAM 1100- Guardians Radio Network",03/30/25,03/30/25,05:10 PM,05:10 PM,FALSE,TRUE,03/30/25,01:10 PM,01:10 PM,FREE,BUSY
03/31/25,09:40 PM,09:40 PM,Guardians at Padres,Petco Park - San Diego,"Local TV: Guardians TV Presented by Progressive ----- Local Radio: WTAM 1100- WMMS 100.7- Guardians Radio Network",04/01/25,04/01/25,12:40 AM,12:40 AM,FALSE,TRUE,03/31/25,08:40 PM,08:40 PM,FREE,BUSY
04/01/25,09:40 PM,09:40 PM,Guardians at Padres,Petco Park - San Diego,"Local TV: Guardians TV Presented by Progressive ----- Local Radio: WTAM 1100- WMMS 100.7- Guardians Radio Network",04/02/25,04/02/25,12:40 AM,12:40 AM,FALSE,TRUE,04/01/25,08:40 PM,08:40 PM,FREE,BUSY
04/02/25,04:10 PM,04:10 PM,Guardians at Padres,Petco Park - San Diego,"Local TV: Guardians TV Presented by Progressive ----- Local Radio: WTAM 1100- Guardians Radio Network",04/02/25,04/02/25,07:10 PM,07:10 PM,FALSE,TRUE,04/02/25,03:10 PM,03:10 PM,FREE,BUSY
04/04/25,09:38 PM,09:38 PM,Guardians at Angels,Angel Stadium - Anaheim,"Local TV: Guardians TV Presented by Progressive ----- Local Radio: WMMS 100.7- Guardians Radio Network",04/05/25,04/05/25,12:38 AM,12:38 AM,FALSE,TRUE,04/04/25,08:38 PM,08:38 PM,FREE,BUSY
04/05/25,09:38 PM,09:38 PM,Guardians at Angels,Angel Stadium - Anaheim,"Local TV: Guardians TV Presented by Progressive ----- Local Radio: WTAM 1100- WMMS 100.7- Guardians Radio Network",04/06/25,04/06/25,12:38 AM,12:38 AM,FALSE,TRUE,04/05/25,08:38 PM,08:38 PM,FREE,BUSY
04/06/25,04:07 PM,04:07 PM,Guardians at Angels,Angel Stadium - Anaheim,"Local TV: Guardians TV Presented by Progressive ----- Local Radio: WTAM 1100- Guardians Radio Network",04/06/25,04/06/25,07:07 PM,07:07 PM,FALSE,TRUE,04/06/25,03:07 PM,03:07 PM,FREE,BUSY
04/08/25,04:10 PM,04:10 PM,White Sox at Guardians,Progressive Field - Cleveland,"Local TV: Guardians TV Presented by Progressive ----- Local Radio: WTAM 1100- WMMS 100.7- Guardians Radio Network- WARF 1350",04/08/25,04/08/25,07:10 PM,07:10 PM,FALSE,TRUE,04/08/25,03:10 PM,03:10 PM,FREE,BUSY
04/09/25,06:10 PM,06:10 PM,White Sox at Guardians,Progressive Field - Cleveland,"Local TV: Guardians TV Presented by Progressive ----- Local Radio: WTAM 1100- WMMS 100.7- Guardians Radio Network- WARF 1350",04/09/25,04/09/25,09:10 PM,09:10 PM,FALSE,TRUE,04/09/25,05:10 PM,05:10 PM,FREE,BUSY
04/10/25,01:10 PM,01:10 PM,White Sox at Guardians,Progressive Field - Cleveland,"Local TV: Guardians TV Presented by Progressive ----- Local Radio: WTAM 1100- Guardians Radio Network- WARF 1350",04/10/25,04/10/25,04:10 PM,04:10 PM,FALSE,TRUE,04/10/25,12:10 PM,12:10 PM,FREE,BUSY
04/11/25,06:10 PM,06:10 PM,Royals at Guardians,Progressive Field - Cleveland,"Local TV: Guardians TV Presented by Progressive ----- Local Radio: WMMS 100.7- Guardians Radio Network- WARF 1350",04/11/25,04/11/25,09:10 PM,09:10 PM,FALSE,TRUE,04/11/25,05:10 PM,05:10 PM,FREE,BUSY
04/12/25,06:10 PM,06:10 PM,Royals at Guardians,Progressive Field - Cleveland,"Local TV: Guardians TV Presented by Progressive ----- Local Radio: WMMS 100.7- Guardians Radio Network- WARF 1350",04/12/25,04/12/25,09:10 PM,09:10 PM,FALSE,TRUE,04/12/25,05:10 PM,05:10 PM,FREE,BUSY
04/13/25,01:40 PM,01:40 PM,Royals at Guardians,Progressive Field - Cleveland,"Local TV: Guardians TV Presented by Progressive ----- Local Radio: WTAM 1100- WMMS 100.7- Guardians Radio Network- WARF 1350",04/13/25,04/13/25,04:40 PM,04:40 PM,FALSE,TRUE,04/13/25,12:40 PM,12:40 PM,FREE,BUSY
04/15/25,07:05 PM,07:05 PM,Guardians at Orioles,Oriole Park at Camden Yards - Baltimore,"Local TV: Guardians TV Presented by Progressive- TBS (out-of-market only) ----- Local Radio: WTAM 1100- WMMS 100.7- Guardians Radio Network",04/15/25,04/15/25,10:05 PM,10:05 PM,FALSE,TRUE,04/15/25,06:05 PM,06:05 PM,FREE,BUSY
04/16/25,06:35 PM,06:35 PM,Guardians at Orioles,Oriole Park at Camden Yards - Baltimore,"Local TV: Guardians TV Presented by Progressive ----- Local Radio: WTAM 1100- WMMS 100.7- Guardians Radio Network",04/16/25,04/16/25,09:35 PM,09:35 PM,FALSE,TRUE,04/16/25,05:35 PM,05:35 PM,FREE,BUSY
04/17/25,06:35 PM,06:35 PM,Guardians at Orioles,Oriole Park at Camden Yards - Baltimore,"Local TV: Guardians TV Presented by Progressive ----- Local Radio: WTAM 1100- WMMS 100.7- Guardians Radio Network",04/17/25,04/17/25,09:35 PM,09:35 PM,FALSE,TRUE,04/17/25,05:35 PM,05:35 PM,FREE,BUSY
04/18/25,06:40 PM,06:40 PM,Guardians at Pirates,PNC Park - Pittsburgh,"Local TV: Guardians TV Presented by Progressive ----- Local Radio: WTAM 1100- WMMS 100.7- Guardians Radio Network",04/18/25,04/18/25,09:40 PM,09:40 PM,FALSE,TRUE,04/18/25,05:40 PM,05:40 PM,FREE,BUSY
04/19/25,04:05 PM,04:05 PM,Guardians at Pirates,PNC Park - Pittsburgh,"Local TV: Guardians TV Presented by Progressive ----- Local Radio: WTAM 1100- WMMS 100.7- Guardians Radio Network",04/19/25,04/19/25,07:05 PM,07:05 PM,FALSE,TRUE,04/19/25,03:05 PM,03:05 PM,FREE,BUSY
04/20/25,01:35 PM,01:35 PM,Guardians at Pirates,PNC Park - Pittsburgh,"Local TV: Guardians TV Presented by Progressive ----- Local Radio: WTAM 1100- WMMS 100.7- Guardians Radio Network",04/20/25,04/20/25,04:35 PM,04:35 PM,FALSE,TRUE,04/20/25,12:35 PM,12:35 PM,FREE,BUSY
04/21/25,06:10 PM,06:10 PM,Yankees at Guardians,Progressive Field - Cleveland,"Local TV: Guardians TV Presented by Progressive ----- Local Radio: WTAM 1100- WMMS 100.7- Guardians Radio Network- WARF 1350",04/21/25,04/21/25,09:10 PM,09:10 PM,FALSE,TRUE,04/21/25,05:10 PM,05:10 PM,FREE,BUSY
04/22/25,06:10 PM,06:10 PM,Yankees at Guardians,Progressive Field - Cleveland,"Local TV: Guardians TV Presented by Progressive ----- Local Radio: WTAM 1100- WMMS 100.7- Guardians Radio Network- WARF 1350",04/22/25,04/22/25,09:10 PM,09:10 PM,FALSE,TRUE,04/22/25,05:10 PM,05:10 PM,FREE,BUSY
04/23/25,01:10 PM,01:10 PM,Yankees at Guardians,Progressive Field - Cleveland,"Local TV: Guardians TV Presented by Progressive ----- Local Radio: WTAM 1100- Guardians Radio Network- WARF 1350",04/23/25,04/23/25,04:10 PM,04:10 PM,FALSE,TRUE,04/23/25,12:10 PM,12:10 PM,FREE,BUSY
04/26/25,01:10 PM,01:10 PM,Red Sox at Guardians,Progressive Field - Cleveland,"Local TV: Guardians TV Presented by Progressive ----- Local Radio: WTAM 1100- WMMS 100.7- Guardians Radio Network- WARF 1350",04/26/25,04/26/25,04:10 PM,04:10 PM,FALSE,TRUE,04/26/25,12:10 PM,12:10 PM,FREE,BUSY
04/26/25,06:10 PM,06:10 PM,Red Sox at Guardians,Progressive Field - Cleveland,"Local TV: Guardians TV Presented by Progressive ----- Local Radio: WTAM 1100- WMMS 100.7- Guardians Radio Network- WARF 1350",04/26/25,04/26/25,09:10 PM,09:10 PM,FALSE,TRUE,04/26/25,05:10 PM,05:10 PM,FREE,BUSY
04/27/25,01:40 PM,01:40 PM,Red Sox at Guardians,Progressive Field - Cleveland,"Local TV: Guardians TV Presented by Progressive ----- Local Radio: WTAM 1100- WMMS 100.7- Guardians Radio Network- WARF 1350",04/27/25,04/27/25,04:40 PM,04:40 PM,FALSE,TRUE,04/27/25,12:40 PM,12:40 PM,FREE,BUSY
04/28/25,06:10 PM,06:10 PM,Twins at Guardians,Progressive Field - Cleveland,"Local TV: Guardians TV Presented by Progressive ----- Local Radio: WTAM 1100- Guardians Radio Network- WARF 1350",04/28/25,04/28/25,09:10 PM,09:10 PM,FALSE,TRUE,04/28/25,05:10 PM,05:10 PM,FREE,BUSY
04/29/25,06:10 PM,06:10 PM,Twins at Guardians,Progressive Field - Cleveland,"Local TV: Guardians TV Presented by Progressive ----- Local Radio: WTAM 1100- WMMS 100.7- Guardians Radio Network- WARF 1350",04/29/25,04/29/25,09:10 PM,09:10 PM,FALSE,TRUE,04/29/25,05:10 PM,05:10 PM,FREE,BUSY
04/30/25,06:10 PM,06:10 PM,Twins at Guardians,Progressive Field - Cleveland,"Local TV: Guardians TV Presented by Progressive ----- Local Radio: WTAM 1100- WMMS 100.7- Guardians Radio Network- WARF 1350",04/30/25,04/30/25,09:10 PM,09:10 PM,FALSE,TRUE,04/30/25,05:10 PM,05:10 PM,FREE,BUSY
05/01/25,01:10 PM,01:10 PM,Twins at Guardians,Progressive Field - Cleveland,"Local TV: Guardians TV Presented by Progressive- MLBN (out-of-market only) ----- Local Radio: WTAM 1100- Guardians Radio Network- WARF 1350",05/01/25,05/01/25,04:10 PM,04:10 PM,FALSE,TRUE,05/01/25,12:10 PM,12:10 PM,FREE,BUSY
05/02/25,07:07 PM,07:07 PM,Guardians at Blue Jays,Rogers Centre - Toronto,"Local TV: Guardians TV Presented by Progressive ----- Local Radio: WTAM 1100- WMMS 100.7- Guardians Radio Network",05/02/25,05/02/25,10:07 PM,10:07 PM,FALSE,TRUE,05/02/25,06:07 PM,06:07 PM,FREE,BUSY
05/03/25,03:07 PM,03:07 PM,Guardians at Blue Jays,Rogers Centre - Toronto,"Local TV: Guardians TV Presented by Progressive ----- Local Radio: WTAM 1100- WMMS 100.7- Guardians Radio Network",05/03/25,05/03/25,06:07 PM,06:07 PM,FALSE,TRUE,05/03/25,02:07 PM,02:07 PM,FREE,BUSY
05/04/25,01:37 PM,01:37 PM,Guardians at Blue Jays,Rogers Centre - Toronto,"Local TV: Guardians TV Presented by Progressive ----- Local Radio: WTAM 1100- WMMS 100.7- Guardians Radio Network",05/04/25,05/04/25,04:37 PM,04:37 PM,FALSE,TRUE,05/04/25,12:37 PM,12:37 PM,FREE,BUSY
05/06/25,03:35 PM,03:35 PM,Guardians at Nationals,Nationals Park - Washington,"Local TV: Guardians TV Presented by Progressive ----- Local Radio: WTAM 1100- Guardians Radio Network",05/06/25,05/06/25,06:35 PM,06:35 PM,FALSE,TRUE,05/06/25,02:35 PM,02:35 PM,FREE,BUSY
05/06/25,,,Guardians at Nationals - Time TBD,Nationals Park - Washington,"Local TV: Guardians TV Presented by Progressive ----- Local Radio: WTAM 1100- WMMS 100.7- Guardians Radio Network",05/06/25,05/06/25,,,FALSE,TRUE,05/06/25,,,FREE,BUSY
05/07/25,12:05 PM,12:05 PM,Guardians at Nationals,Nationals Park - Washington,"Local TV: Guardians TV Presented by Progressive ----- Local Radio: WTAM 1100- Guardians Radio Network",05/07/25,05/07/25,03:05 PM,03:05 PM,FALSE,TRUE,05/07/25,11:05 AM,11:05 AM,FREE,BUSY
05/09/25,07:10 PM,07:10 PM,Phillies at Guardians,Progressive Field - Cleveland,"Local TV: Guardians TV Presented by Progressive ----- Local Radio: WTAM 1100- Guardians Radio Network- WARF 1350",05/09/25,05/09/25,10:10 PM,10:10 PM,FALSE,TRUE,05/09/25,06:10 PM,06:10 PM,FREE,BUSY
05/10/25,06:10 PM,06:10 PM,Phillies at Guardians,Progressive Field - Cleveland,"Local TV: Guardians TV Presented by Progressive ----- Local Radio: WTAM 1100- WMMS 100.7- Guardians Radio Network- WARF 1350",05/10/25,05/10/25,09:10 PM,09:10 PM,FALSE,TRUE,05/10/25,05:10 PM,05:10 PM,FREE,BUSY
05/11/25,07:10 PM,07:10 PM,Phillies at Guardians,Progressive Field - Cleveland,"Local TV: ESPN ----- Local Radio: WTAM 1100- WMMS 100.7- Guardians Radio Network- WARF 1350",05/11/25,05/11/25,10:10 PM,10:10 PM,FALSE,TRUE,05/11/25,06:10 PM,06:10 PM,FREE,BUSY
05/12/25,06:10 PM,06:10 PM,Brewers at Guardians,Progressive Field - Cleveland,"Local TV: Guardians TV Presented by Progressive ----- Local Radio: WTAM 1100- WMMS 100.7- Guardians Radio Network- WARF 1350",05/12/25,05/12/25,09:10 PM,09:10 PM,FALSE,TRUE,05/12/25,05:10 PM,05:10 PM,FREE,BUSY
05/13/25,06:10 PM,06:10 PM,Brewers at Guardians,Progressive Field - Cleveland,"Local TV: Guardians TV Presented by Progressive ----- Local Radio: WTAM 1100- Guardians Radio Network- WARF 1350",05/13/25,05/13/25,09:10 PM,09:10 PM,FALSE,TRUE,05/13/25,05:10 PM,05:10 PM,FREE,BUSY
05/14/25,01:10 PM,01:10 PM,Brewers at Guardians,Progressive Field - Cleveland,"Local TV: Guardians TV Presented by Progressive- MLBN (out-of-market only) ----- Local Radio: WTAM 1100- Guardians Radio Network- WARF 1350",05/14/25,05/14/25,04:10 PM,04:10 PM,FALSE,TRUE,05/14/25,12:10 PM,12:10 PM,FREE,BUSY
05/16/25,05:10 PM,05:10 PM,Guardians at Reds,Great American Ball Park - Cincinnati,"Local TV: Guardians TV Presented by Progressive ----- Local Radio: WTAM 1100- WMMS 100.7- Guardians Radio Network",05/16/25,05/16/25,08:10 PM,08:10 PM,FALSE,TRUE,05/16/25,04:10 PM,04:10 PM,FREE,BUSY
05/17/25,06:40 PM,06:40 PM,Guardians at Reds,Great American Ball Park - Cincinnati,"Local TV: Guardians TV Presented by Progressive ----- Local Radio: WTAM 1100- WMMS 100.7- Guardians Radio Network",05/17/25,05/17/25,09:40 PM,09:40 PM,FALSE,TRUE,05/17/25,05:40 PM,05:40 PM,FREE,BUSY
05/18/25,01:40 PM,01:40 PM,Guardians at Reds,Great American Ball Park - Cincinnati,"Local TV: Guardians TV Presented by Progressive- MLBN (out-of-market only) ----- Local Radio: WTAM 1100- WMMS 100.7- Guardians Radio Network",05/18/25,05/18/25,04:40 PM,04:40 PM,FALSE,TRUE,05/18/25,12:40 PM,12:40 PM,FREE,BUSY
05/21/25,01:10 PM,01:10 PM,Guardians at Twins,Target Field - Minneapolis,"Local TV: Guardians TV Presented by Progressive ----- Local Radio: WTAM 1100- WMMS 100.7- Guardians Radio Network",05/21/25,05/21/25,04:10 PM,04:10 PM,FALSE,TRUE,05/21/25,12:10 PM,12:10 PM,FREE,BUSY
05/21/25,03:55 PM,03:55 PM,Guardians at Twins,Target Field - Minneapolis,"Local TV: Guardians TV Presented by Progressive ----- Local Radio: WTAM 1100- Guardians Radio Network",05/21/25,05/21/25,06:55 PM,06:55 PM,FALSE,TRUE,05/21/25,02:55 PM,02:55 PM,FREE,BUSY
05/22/25,06:40 PM,06:40 PM,Guardians at Tigers,Comerica Park - Detroit,"Local TV: Guardians TV Presented by Progressive- MLBN (out-of-market only) ----- Local Radio: WTAM 1100- WMMS 100.7- Guardians Radio Network",05/22/25,05/22/25,09:40 PM,09:40 PM,FALSE,TRUE,05/22/25,05:40 PM,05:40 PM,FREE,BUSY
05/23/25,07:10 PM,07:10 PM,Guardians at Tigers,Comerica Park - Detroit,"Local TV: Guardians TV Presented by Progressive ----- Local Radio: WTAM 1100- WMMS 100.7- Guardians Radio Network",05/23/25,05/23/25,10:10 PM,10:10 PM,FALSE,TRUE,05/23/25,06:10 PM,06:10 PM,FREE,BUSY
05/24/25,07:15 PM,07:15 PM,Guardians at Tigers,Comerica Park - Detroit,"Local TV: FOX ----- Local Radio: WTAM 1100- WMMS 100.7- Guardians Radio Network",05/24/25,05/24/25,10:15 PM,10:15 PM,FALSE,TRUE,05/24/25,06:15 PM,06:15 PM,FREE,BUSY
05/25/25,11:35 AM,11:35 AM,Guardians at Tigers,Comerica Park - Detroit,"Local TV: Roku ----- Local Radio: WTAM 1100- WMMS 100.7- Guardians Radio Network",05/25/25,05/25/25,02:35 PM,02:35 PM,FALSE,TRUE,05/25/25,10:35 AM,10:35 AM,FREE,BUSY
05/26/25,06:10 PM,06:10 PM,Dodgers at Guardians,Progressive Field - Cleveland,"Local TV: Guardians TV Presented by Progressive ----- Local Radio: WTAM 1100- WMMS 100.7- Guardians Radio Network- WARF 1350",05/26/25,05/26/25,09:10 PM,09:10 PM,FALSE,TRUE,05/26/25,05:10 PM,05:10 PM,FREE,BUSY
05/27/25,06:10 PM,06:10 PM,Dodgers at Guardians,Progressive Field - Cleveland,"Local TV: Guardians TV Presented by Progressive ----- Local Radio: WTAM 1100- WMMS 100.7- Guardians Radio Network- WARF 1350",05/27/25,05/27/25,09:10 PM,09:10 PM,FALSE,TRUE,05/27/25,05:10 PM,05:10 PM,FREE,BUSY
05/28/25,01:10 PM,01:10 PM,Dodgers at Guardians,Progressive Field - Cleveland,"Local TV: Guardians TV Presented by Progressive- MLBN (out-of-market only) ----- Local Radio: WTAM 1100- Guardians Radio Network- WARF 1350",05/28/25,05/28/25,04:10 PM,04:10 PM,FALSE,TRUE,05/28/25,12:10 PM,12:10 PM,FREE,BUSY
05/30/25,07:10 PM,07:10 PM,Angels at Guardians,Progressive Field - Cleveland,"Local TV: Guardians TV Presented by Progressive- WKYC 3 ----- Local Radio: WTAM 1100- WMMS 100.7- Guardians Radio Network- WARF 1350",05/30/25,05/30/25,10:10 PM,10:10 PM,FALSE,TRUE,05/30/25,06:10 PM,06:10 PM,FREE,BUSY
05/31/25,04:10 PM,04:10 PM,Angels at Guardians,Progressive Field - Cleveland,"Local TV: Guardians TV Presented by Progressive ----- Local Radio: WTAM 1100- WMMS 100.7- Guardians Radio Network- WARF 1350",05/31/25,05/31/25,07:10 PM,07:10 PM,FALSE,TRUE,05/31/25,03:10 PM,03:10 PM,FREE,BUSY
06/01/25,01:40 PM,01:40 PM,Angels at Guardians,Progressive Field - Cleveland,"Local TV: Guardians TV Presented by Progressive ----- Local Radio: WTAM 1100- WMMS 100.7- Guardians Radio Network- WARF 1350",06/01/25,06/01/25,04:40 PM,04:40 PM,FALSE,TRUE,06/01/25,12:40 PM,12:40 PM,FREE,BUSY
06/03/25,07:05 PM,07:05 PM,Guardians at Yankees,Yankee Stadium - Bronx,"Local TV: Guardians TV Presented by Progressive- TBS ----- Local Radio: WTAM 1100- WMMS 100.7- Guardians Radio Network",06/03/25,06/03/25,10:05 PM,10:05 PM,FALSE,TRUE,06/03/25,06:05 PM,06:05 PM,FREE,BUSY
06/04/25,07:05 PM,07:05 PM,Guardians at Yankees,Yankee Stadium - Bronx,"Local TV: Guardians TV Presented by Progressive ----- Local Radio: WTAM 1100- WMMS 100.7- Guardians Radio Network",06/04/25,06/04/25,10:05 PM,10:05 PM,FALSE,TRUE,06/04/25,06:05 PM,06:05 PM,FREE,BUSY
06/05/25,07:05 PM,07:05 PM,Guardians at Yankees,Yankee Stadium - Bronx,"Local TV: Guardians TV Presented by Progressive- MLBN (out-of-market only) ----- Local Radio: WTAM 1100- WMMS 100.7- Guardians Radio Network",06/05/25,06/05/25,10:05 PM,10:05 PM,FALSE,TRUE,06/05/25,06:05 PM,06:05 PM,FREE,BUSY
06/06/25,07:10 PM,07:10 PM,Astros at Guardians,Progressive Field - Cleveland,"Local TV: Guardians TV Presented by Progressive- WKYC 3 ----- Local Radio: WTAM 1100- WMMS 100.7- Guardians Radio Network- WARF 1350",06/06/25,06/06/25,10:10 PM,10:10 PM,FALSE,TRUE,06/06/25,06:10 PM,06:10 PM,FREE,BUSY
06/07/25,04:10 PM,04:10 PM,Astros at Guardians,Progressive Field - Cleveland,"Local TV: Guardians TV Presented by Progressive ----- Local Radio: WTAM 1100- WMMS 100.7- Guardians Radio Network- WARF 1350",06/07/25,06/07/25,07:10 PM,07:10 PM,FALSE,TRUE,06/07/25,03:10 PM,03:10 PM,FREE,BUSY
06/08/25,01:40 PM,01:40 PM,Astros at Guardians,Progressive Field - Cleveland,"Local TV: Guardians TV Presented by Progressive- MLBN (out-of-market only) ----- Local Radio: WTAM 1100- WMMS 100.7- Guardians Radio Network- WARF 1350",06/08/25,06/08/25,04:40 PM,04:40 PM,FALSE,TRUE,06/08/25,12:40 PM,12:40 PM,FREE,BUSY
06/09/25,06:40 PM,06:40 PM,Reds at Guardians,Progressive Field - Cleveland,"Local TV: Guardians TV Presented by Progressive ----- Local Radio: WTAM 1100- WMMS 100.7- Guardians Radio Network- WARF 1350",06/09/25,06/09/25,09:40 PM,09:40 PM,FALSE,TRUE,06/09/25,05:40 PM,05:40 PM,FREE,BUSY
06/10/25,06:40 PM,06:40 PM,Reds at Guardians,Progressive Field - Cleveland,"Local TV: Guardians TV Presented by Progressive ----- Local Radio: WTAM 1100- WMMS 100.7- Guardians Radio Network- WARF 1350",06/10/25,06/10/25,09:40 PM,09:40 PM,FALSE,TRUE,06/10/25,05:40 PM,05:40 PM,FREE,BUSY
06/11/25,01:10 PM,01:10 PM,Reds at Guardians,Progressive Field - Cleveland,"Local TV: Guardians TV Presented by Progressive ----- Local Radio: WTAM 1100- Guardians Radio Network- WARF 1350",06/11/25,06/11/25,04:10 PM,04:10 PM,FALSE,TRUE,06/11/25,12:10 PM,12:10 PM,FREE,BUSY
06/13/25,10:10 PM,10:10 PM,Guardians at Mariners,T-Mobile Park - Seattle,"Local TV: Guardians TV Presented by Progressive ----- Local Radio: WTAM 1100- WMMS 100.7- Guardians Radio Network",06/14/25,06/14/25,01:10 AM,01:10 AM,FALSE,TRUE,06/13/25,09:10 PM,09:10 PM,FREE,BUSY
06/14/25,09:40 PM,09:40 PM,Guardians at Mariners,T-Mobile Park - Seattle,"Local TV: Guardians TV Presented by Progressive ----- Local Radio: WTAM 1100- WMMS 100.7- Guardians Radio Network",06/15/25,06/15/25,12:40 AM,12:40 AM,FALSE,TRUE,06/14/25,08:40 PM,08:40 PM,FREE,BUSY
06/15/25,04:10 PM,04:10 PM,Guardians at Mariners,T-Mobile Park - Seattle,"Local TV: Guardians TV Presented by Progressive- MLBN (out-of-market only) ----- Local Radio: WTAM 1100- WMMS 100.7- Guardians Radio Network",06/15/25,06/15/25,07:10 PM,07:10 PM,FALSE,TRUE,06/15/25,03:10 PM,03:10 PM,FREE,BUSY
06/17/25,09:45 PM,09:45 PM,Guardians at Giants,Oracle Park - San Francisco,"Local TV: Guardians TV Presented by Progressive ----- Local Radio: WTAM 1100- WMMS 100.7- Guardians Radio Network",06/18/25,06/18/25,12:45 AM,12:45 AM,FALSE,TRUE,06/17/25,08:45 PM,08:45 PM,FREE,BUSY
06/18/25,09:45 PM,09:45 PM,Guardians at Giants,Oracle Park - San Francisco,"Local TV: Guardians TV Presented by Progressive ----- Local Radio: WTAM 1100- WMMS 100.7- Guardians Radio Network",06/19/25,06/19/25,12:45 AM,12:45 AM,FALSE,TRUE,06/18/25,08:45 PM,08:45 PM,FREE,BUSY
06/19/25,04:05 PM,04:05 PM,Guardians at Giants,Oracle Park - San Francisco,"Local TV: Guardians TV Presented by Progressive ----- Local Radio: WTAM 1100- WMMS 100.7- Guardians Radio Network",06/19/25,06/19/25,07:05 PM,07:05 PM,FALSE,TRUE,06/19/25,03:05 PM,03:05 PM,FREE,BUSY
06/20/25,10:05 PM,10:05 PM,Guardians at Athletics,Sutter Health Park - Sacramento,"Local TV: Guardians TV Presented by Progressive ----- Local Radio: WTAM 1100- WMMS 100.7- Guardians Radio Network",06/21/25,06/21/25,01:05 AM,01:05 AM,FALSE,TRUE,06/20/25,09:05 PM,09:05 PM,FREE,BUSY
06/21/25,10:05 PM,10:05 PM,Guardians at Athletics,Sutter Health Park - Sacramento,"Local TV: Guardians TV Presented by Progressive ----- Local Radio: WTAM 1100- WMMS 100.7- Guardians Radio Network",06/22/25,06/22/25,01:05 AM,01:05 AM,FALSE,TRUE,06/21/25,09:05 PM,09:05 PM,FREE,BUSY
06/22/25,04:05 PM,04:05 PM,Guardians at Athletics,Sutter Health Park - Sacramento,"Local TV: Guardians TV Presented by Progressive ----- Local Radio: WTAM 1100- WMMS 100.7- Guardians Radio Network",06/22/25,06/22/25,07:05 PM,07:05 PM,FALSE,TRUE,06/22/25,03:05 PM,03:05 PM,FREE,BUSY
06/24/25,06:40 PM,06:40 PM,Blue Jays at Guardians,Progressive Field - Cleveland,"Local TV: Guardians TV Presented by Progressive- WKYC 3 ----- Local Radio: WTAM 1100- WMMS 100.7- Guardians Radio Network- WARF 1350",06/24/25,06/24/25,09:40 PM,09:40 PM,FALSE,TRUE,06/24/25,05:40 PM,05:40 PM,FREE,BUSY
06/25/25,06:40 PM,06:40 PM,Blue Jays at Guardians,Progressive Field - Cleveland,"Local TV: Guardians TV Presented by Progressive ----- Local Radio: WTAM 1100- WMMS 100.7- Guardians Radio Network- WARF 1350",06/25/25,06/25/25,09:40 PM,09:40 PM,FALSE,TRUE,06/25/25,05:40 PM,05:40 PM,FREE,BUSY
06/26/25,01:10 PM,01:10 PM,Blue Jays at Guardians,Progressive Field - Cleveland,"Local TV: Guardians TV Presented by Progressive ----- Local Radio: WTAM 1100- Guardians Radio Network- WARF 1350",06/26/25,06/26/25,04:10 PM,04:10 PM,FALSE,TRUE,06/26/25,12:10 PM,12:10 PM,FREE,BUSY
06/27/25,07:10 PM,07:10 PM,Cardinals at Guardians,Progressive Field - Cleveland,"Local TV: Apple TV+ ----- Local Radio: WTAM 1100- WMMS 100.7- Guardians Radio Network- WARF 1350",06/27/25,06/27/25,10:10 PM,10:10 PM,FALSE,TRUE,06/27/25,06:10 PM,06:10 PM,FREE,BUSY
06/28/25,04:10 PM,04:10 PM,Cardinals at Guardians,Progressive Field - Cleveland,"Local TV: Guardians TV Presented by Progressive ----- Local Radio: WTAM 1100- WMMS 100.7- Guardians Radio Network- WARF 1350",06/28/25,06/28/25,07:10 PM,07:10 PM,FALSE,TRUE,06/28/25,03:10 PM,03:10 PM,FREE,BUSY
06/29/25,12:05 PM,12:05 PM,Cardinals at Guardians,Progressive Field - Cleveland,"Local TV: Roku ----- Local Radio: WTAM 1100- WMMS 100.7- Guardians Radio Network- WARF 1350",06/29/25,06/29/25,03:05 PM,03:05 PM,FALSE,TRUE,06/29/25,11:05 AM,11:05 AM,FREE,BUSY
07/01/25,08:05 PM,08:05 PM,Guardians at Cubs,Wrigley Field - Chicago,"Local TV: Guardians TV Presented by Progressive- TBS ----- Local Radio: WTAM 1100- WMMS 100.7- Guardians Radio Network",07/01/25,07/01/25,11:05 PM,11:05 PM,FALSE,TRUE,07/01/25,07:05 PM,07:05 PM,FREE,BUSY
07/02/25,08:05 PM,08:05 PM,Guardians at Cubs,Wrigley Field - Chicago,"Local TV: ESPN ----- Local Radio: WTAM 1100- WMMS 100.7- Guardians Radio Network",07/02/25,07/02/25,11:05 PM,11:05 PM,FALSE,TRUE,07/02/25,07:05 PM,07:05 PM,FREE,BUSY
07/03/25,08:05 PM,08:05 PM,Guardians at Cubs,Wrigley Field - Chicago,"Local TV: Guardians TV Presented by Progressive- MLBN ----- Local Radio: WTAM 1100- WMMS 100.7- Guardians Radio Network",07/03/25,07/03/25,11:05 PM,11:05 PM,FALSE,TRUE,07/03/25,07:05 PM,07:05 PM,FREE,BUSY
07/04/25,07:10 PM,07:10 PM,Tigers at Guardians,Progressive Field - Cleveland,"Local TV: Guardians TV Presented by Progressive- WKYC 3 ----- Local Radio: WTAM 1100- WMMS 100.7- Guardians Radio Network- WARF 1350",07/04/25,07/04/25,10:10 PM,10:10 PM,FALSE,TRUE,07/04/25,06:10 PM,06:10 PM,FREE,BUSY
07/05/25,07:15 PM,07:15 PM,Tigers at Guardians,Progressive Field - Cleveland,"Local TV: FOX ----- Local Radio: WTAM 1100- WMMS 100.7- Guardians Radio Network- WARF 1350",07/05/25,07/05/25,10:15 PM,10:15 PM,FALSE,TRUE,07/05/25,06:15 PM,06:15 PM,FREE,BUSY
07/06/25,01:40 PM,01:40 PM,Tigers at Guardians,Progressive Field - Cleveland,"Local TV: Guardians TV Presented by Progressive ----- Local Radio: WTAM 1100- WMMS 100.7- Guardians Radio Network- WARF 1350",07/06/25,07/06/25,04:40 PM,04:40 PM,FALSE,TRUE,07/06/25,12:40 PM,12:40 PM,FREE,BUSY
07/07/25,08:10 PM,08:10 PM,Guardians at Astros,Daikin Park - Houston,"Local TV: Guardians TV Presented by Progressive ----- Local Radio: WTAM 1100- WMMS 100.7- Guardians Radio Network",07/07/25,07/07/25,11:10 PM,11:10 PM,FALSE,TRUE,07/07/25,07:10 PM,07:10 PM,FREE,BUSY
07/08/25,08:10 PM,08:10 PM,Guardians at Astros,Daikin Park - Houston,"Local TV: Guardians TV Presented by Progressive ----- Local Radio: WTAM 1100- WMMS 100.7- Guardians Radio Network",07/08/25,07/08/25,11:10 PM,11:10 PM,FALSE,TRUE,07/08/25,07:10 PM,07:10 PM,FREE,BUSY
07/09/25,08:10 PM,08:10 PM,Guardians at Astros,Daikin Park - Houston,"Local TV: Guardians TV Presented by Progressive ----- Local Radio: WTAM 1100- WMMS 100.7- Guardians Radio Network",07/09/25,07/09/25,11:10 PM,11:10 PM,FALSE,TRUE,07/09/25,07:10 PM,07:10 PM,FREE,BUSY
07/11/25,03:10 PM,03:10 PM,Guardians at White Sox,Rate Field - Chicago,"Local TV: Guardians TV Presented by Progressive ----- Local Radio: WTAM 1100- WMMS 100.7- Guardians Radio Network",07/11/25,07/11/25,06:10 PM,06:10 PM,FALSE,TRUE,07/11/25,02:10 PM,02:10 PM,FREE,BUSY
07/11/25,08:10 PM,08:10 PM,Guardians at White Sox,Rate Field - Chicago,"Local TV: Guardians TV Presented by Progressive ----- Local Radio: WTAM 1100- WMMS 100.7- Guardians Radio Network",07/11/25,07/11/25,11:10 PM,11:10 PM,FALSE,TRUE,07/11/25,07:10 PM,07:10 PM,FREE,BUSY
07/12/25,04:10 PM,04:10 PM,Guardians at White Sox,Rate Field - Chicago,"Local TV: Guardians TV Presented by Progressive ----- Local Radio: WTAM 1100- WMMS 100.7- Guardians Radio Network",07/12/25,07/12/25,07:10 PM,07:10 PM,FALSE,TRUE,07/12/25,03:10 PM,03:10 PM,FREE,BUSY
07/13/25,02:10 PM,02:10 PM,Guardians at White Sox,Rate Field - Chicago,"Local TV: Guardians TV Presented by Progressive ----- Local Radio: WTAM 1100- WMMS 100.7- Guardians Radio Network",07/13/25,07/13/25,05:10 PM,05:10 PM,FALSE,TRUE,07/13/25,01:10 PM,01:10 PM,FREE,BUSY
07/18/25,07:10 PM,07:10 PM,Athletics at Guardians,Progressive Field - Cleveland,"Local TV: Guardians TV Presented by Progressive- WKYC 3 ----- Local Radio: WTAM 1100- WMMS 100.7- Guardians Radio Network- WARF 1350",07/18/25,07/18/25,10:10 PM,10:10 PM,FALSE,TRUE,07/18/25,06:10 PM,06:10 PM,FREE,BUSY
07/19/25,07:10 PM,07:10 PM,Athletics at Guardians,Progressive Field - Cleveland,"Local TV: Guardians TV Presented by Progressive ----- Local Radio: WTAM 1100- WMMS 100.7- Guardians Radio Network- WARF 1350",07/19/25,07/19/25,10:10 PM,10:10 PM,FALSE,TRUE,07/19/25,06:10 PM,06:10 PM,FREE,BUSY
07/20/25,01:40 PM,01:40 PM,Athletics at Guardians,Progressive Field - Cleveland,"Local TV: Guardians TV Presented by Progressive ----- Local Radio: WTAM 1100- WMMS 100.7- Guardians Radio Network- WARF 1350",07/20/25,07/20/25,04:40 PM,04:40 PM,FALSE,TRUE,07/20/25,12:40 PM,12:40 PM,FREE,BUSY
07/21/25,06:40 PM,06:40 PM,Orioles at Guardians,Progressive Field - Cleveland,"Local TV: Guardians TV Presented by Progressive ----- Local Radio: WTAM 1100- WMMS 100.7- Guardians Radio Network- WARF 1350",07/21/25,07/21/25,09:40 PM,09:40 PM,FALSE,TRUE,07/21/25,05:40 PM,05:40 PM,FREE,BUSY
07/22/25,06:40 PM,06:40 PM,Orioles at Guardians,Progressive Field - Cleveland,"Local TV: Guardians TV Presented by Progressive ----- Local Radio: WTAM 1100- WMMS 100.7- Guardians Radio Network- WARF 1350",07/22/25,07/22/25,09:40 PM,09:40 PM,FALSE,TRUE,07/22/25,05:40 PM,05:40 PM,FREE,BUSY
07/23/25,06:40 PM,06:40 PM,Orioles at Guardians,Progressive Field - Cleveland,"Local TV: Guardians TV Presented by Progressive ----- Local Radio: WTAM 1100- WMMS 100.7- Guardians Radio Network- WARF 1350",07/23/25,07/23/25,09:40 PM,09:40 PM,FALSE,TRUE,07/23/25,05:40 PM,05:40 PM,FREE,BUSY
07/24/25,01:10 PM,01:10 PM,Orioles at Guardians,Progressive Field - Cleveland,"Local TV: Guardians TV Presented by Progressive- MLBN (out-of-market only) ----- Local Radio: WTAM 1100- Guardians Radio Network- WARF 1350",07/24/25,07/24/25,04:10 PM,04:10 PM,FALSE,TRUE,07/24/25,12:10 PM,12:10 PM,FREE,BUSY
07/26/25,02:40 PM,02:40 PM,Guardians at Royals,Kauffman Stadium - Kansas City,"Local TV: Guardians TV Presented by Progressive- WKYC 3 ----- Local Radio: WTAM 1100- WMMS 100.7- Guardians Radio Network",07/26/25,07/26/25,05:40 PM,05:40 PM,FALSE,TRUE,07/26/25,01:40 PM,01:40 PM,FREE,BUSY
07/26/25,07:15 PM,07:15 PM,Guardians at Royals,Kauffman Stadium - Kansas City,"Local TV: FOX ----- Local Radio: WTAM 1100- WMMS 100.7- Guardians Radio Network",07/26/25,07/26/25,10:15 PM,10:15 PM,FALSE,TRUE,07/26/25,06:15 PM,06:15 PM,FREE,BUSY
07/27/25,02:10 PM,02:10 PM,Guardians at Royals,Kauffman Stadium - Kansas City,"Local TV: Guardians TV Presented by Progressive ----- Local Radio: WTAM 1100- WMMS 100.7- Guardians Radio Network",07/27/25,07/27/25,05:10 PM,05:10 PM,FALSE,TRUE,07/27/25,01:10 PM,01:10 PM,FREE,BUSY
07/28/25,06:40 PM,06:40 PM,Rockies at Guardians,Progressive Field - Cleveland,"Local TV: Guardians TV Presented by Progressive ----- Local Radio: WTAM 1100- WMMS 100.7- Guardians Radio Network- WARF 1350",07/28/25,07/28/25,09:40 PM,09:40 PM,FALSE,TRUE,07/28/25,05:40 PM,05:40 PM,FREE,BUSY
07/29/25,06:40 PM,06:40 PM,Rockies at Guardians,Progressive Field - Cleveland,"Local TV: Guardians TV Presented by Progressive ----- Local Radio: WTAM 1100- WMMS 100.7- Guardians Radio Network- WARF 1350",07/29/25,07/29/25,09:40 PM,09:40 PM,FALSE,TRUE,07/29/25,05:40 PM,05:40 PM,FREE,BUSY
07/30/25,06:40 PM,06:40 PM,Rockies at Guardians,Progressive Field - Cleveland,"Local TV: Guardians TV Presented by Progressive ----- Local Radio: WTAM 1100- WMMS 100.7- Guardians Radio Network- WARF 1350",07/30/25,07/30/25,09:40 PM,09:40 PM,FALSE,TRUE,07/30/25,05:40 PM,05:40 PM,FREE,BUSY
08/01/25,07:10 PM,07:10 PM,Twins at Guardians,Progressive Field - Cleveland,"Local TV: Guardians TV Presented by Progressive- WKYC 3 ----- Local Radio: WTAM 1100- WMMS 100.7- Guardians Radio Network- WARF 1350",08/01/25,08/01/25,10:10 PM,10:10 PM,FALSE,TRUE,08/01/25,06:10 PM,06:10 PM,FREE,BUSY
08/02/25,04:10 PM,04:10 PM,Twins at Guardians,Progressive Field - Cleveland,"Local TV: Guardians TV Presented by Progressive ----- Local Radio: WTAM 1100- WMMS 100.7- Guardians Radio Network- WARF 1350",08/02/25,08/02/25,07:10 PM,07:10 PM,FALSE,TRUE,08/02/25,03:10 PM,03:10 PM,FREE,BUSY
08/03/25,01:40 PM,01:40 PM,Twins at Guardians,Progressive Field - Cleveland,"Local TV: Guardians TV Presented by Progressive ----- Local Radio: WTAM 1100- WMMS 100.7- Guardians Radio Network- WARF 1350",08/03/25,08/03/25,04:40 PM,04:40 PM,FALSE,TRUE,08/03/25,12:40 PM,12:40 PM,FREE,BUSY
08/04/25,07:10 PM,07:10 PM,Guardians at Mets,Citi Field - Flushing,"Local TV: Guardians TV Presented by Progressive ----- Local Radio: WTAM 1100- WMMS 100.7- Guardians Radio Network",08/04/25,08/04/25,10:10 PM,10:10 PM,FALSE,TRUE,08/04/25,06:10 PM,06:10 PM,FREE,BUSY
08/05/25,07:10 PM,07:10 PM,Guardians at Mets,Citi Field - Flushing,"Local TV: Guardians TV Presented by Progressive ----- Local Radio: WTAM 1100- WMMS 100.7- Guardians Radio Network",08/05/25,08/05/25,10:10 PM,10:10 PM,FALSE,TRUE,08/05/25,06:10 PM,06:10 PM,FREE,BUSY
08/06/25,01:10 PM,01:10 PM,Guardians at Mets,Citi Field - Flushing,"Local TV: Guardians TV Presented by Progressive- MLBN (out-of-market only) ----- Local Radio: WTAM 1100- Guardians Radio Network",08/06/25,08/06/25,04:10 PM,04:10 PM,FALSE,TRUE,08/06/25,12:10 PM,12:10 PM,FREE,BUSY
08/08/25,07:40 PM,07:40 PM,Guardians at White Sox,Rate Field - Chicago,"Local TV: Guardians TV Presented by Progressive ----- Local Radio: WTAM 1100- WMMS 100.7- Guardians Radio Network",08/08/25,08/08/25,10:40 PM,10:40 PM,FALSE,TRUE,08/08/25,06:40 PM,06:40 PM,FREE,BUSY
08/09/25,07:10 PM,07:10 PM,Guardians at White Sox,Rate Field - Chicago,"Local TV: Guardians TV Presented by Progressive ----- Local Radio: WTAM 1100- WMMS 100.7- Guardians Radio Network",08/09/25,08/09/25,10:10 PM,10:10 PM,FALSE,TRUE,08/09/25,06:10 PM,06:10 PM,FREE,BUSY
08/10/25,02:10 PM,02:10 PM,Guardians at White Sox,Rate Field - Chicago,"Local TV: Guardians TV Presented by Progressive ----- Local Radio: WTAM 1100- WMMS 100.7- Guardians Radio Network",08/10/25,08/10/25,05:10 PM,05:10 PM,FALSE,TRUE,08/10/25,01:10 PM,01:10 PM,FREE,BUSY
08/12/25,06:40 PM,06:40 PM,Marlins at Guardians,Progressive Field - Cleveland,"Local TV: Guardians TV Presented by Progressive ----- Local Radio: WTAM 1100- WMMS 100.7- Guardians Radio Network- WARF 1350",08/12/25,08/12/25,09:40 PM,09:40 PM,FALSE,TRUE,08/12/25,05:40 PM,05:40 PM,FREE,BUSY
08/13/25,06:40 PM,06:40 PM,Marlins at Guardians,Progressive Field - Cleveland,"Local TV: Guardians TV Presented by Progressive ----- Local Radio: WTAM 1100- WMMS 100.7- Guardians Radio Network- WARF 1350",08/13/25,08/13/25,09:40 PM,09:40 PM,FALSE,TRUE,08/13/25,05:40 PM,05:40 PM,FREE,BUSY
08/14/25,06:40 PM,06:40 PM,Marlins at Guardians,Progressive Field - Cleveland,"Local TV: Guardians TV Presented by Progressive ----- Local Radio: WTAM 1100- WMMS 100.7- Guardians Radio Network- WARF 1350",08/14/25,08/14/25,09:40 PM,09:40 PM,FALSE,TRUE,08/14/25,05:40 PM,05:40 PM,FREE,BUSY
08/15/25,07:10 PM,07:10 PM,Braves at Guardians,Progressive Field - Cleveland,"Local TV: Guardians TV Presented by Progressive- MLBN (out-of-market only)- WKYC 3 ----- Local Radio: WTAM 1100- WMMS 100.7- Guardians Radio Network- WARF 1350",08/15/25,08/15/25,10:10 PM,10:10 PM,FALSE,TRUE,08/15/25,06:10 PM,06:10 PM,FREE,BUSY
08/16/25,07:10 PM,07:10 PM,Braves at Guardians,Progressive Field - Cleveland,"Local TV: Guardians TV Presented by Progressive ----- Local Radio: WTAM 1100- WMMS 100.7- Guardians Radio Network- WARF 1350",08/16/25,08/16/25,10:10 PM,10:10 PM,FALSE,TRUE,08/16/25,06:10 PM,06:10 PM,FREE,BUSY
08/17/25,01:40 PM,01:40 PM,Braves at Guardians,Progressive Field - Cleveland,"Local TV: Guardians TV Presented by Progressive ----- Local Radio: WTAM 1100- WMMS 100.7- Guardians Radio Network- WARF 1350",08/17/25,08/17/25,04:40 PM,04:40 PM,FALSE,TRUE,08/17/25,12:40 PM,12:40 PM,FREE,BUSY
08/18/25,09:40 PM,09:40 PM,Guardians at D-backs,Chase Field - Phoenix,"Local TV: Guardians TV Presented by Progressive ----- Local Radio: WTAM 1100- WMMS 100.7- Guardians Radio Network",08/19/25,08/19/25,12:40 AM,12:40 AM,FALSE,TRUE,08/18/25,08:40 PM,08:40 PM,FREE,BUSY
08/19/25,09:40 PM,09:40 PM,Guardians at D-backs,Chase Field - Phoenix,"Local TV: Guardians TV Presented by Progressive- MLBN (out-of-market only) ----- Local Radio: WTAM 1100- WMMS 100.7- Guardians Radio Network",08/20/25,08/20/25,12:40 AM,12:40 AM,FALSE,TRUE,08/19/25,08:40 PM,08:40 PM,FREE,BUSY
08/20/25,03:40 PM,03:40 PM,Guardians at D-backs,Chase Field - Phoenix,"Local TV: Guardians TV Presented by Progressive ----- Local Radio: WTAM 1100- WMMS 100.7- Guardians Radio Network",08/20/25,08/20/25,06:40 PM,06:40 PM,FALSE,TRUE,08/20/25,02:40 PM,02:40 PM,FREE,BUSY
08/22/25,08:05 PM,08:05 PM,Guardians at Rangers,Globe Life Field - Arlington,"Local TV: Guardians TV Presented by Progressive ----- Local Radio: WTAM 1100- WMMS 100.7- Guardians Radio Network",08/22/25,08/22/25,11:05 PM,11:05 PM,FALSE,TRUE,08/22/25,07:05 PM,07:05 PM,FREE,BUSY
08/23/25,07:05 PM,07:05 PM,Guardians at Rangers,Globe Life Field - Arlington,"Local TV: Guardians TV Presented by Progressive ----- Local Radio: WTAM 1100- WMMS 100.7- Guardians Radio Network",08/23/25,08/23/25,10:05 PM,10:05 PM,FALSE,TRUE,08/23/25,06:05 PM,06:05 PM,FREE,BUSY
08/24/25,02:35 PM,02:35 PM,Guardians at Rangers,Globe Life Field - Arlington,"Local TV: Guardians TV Presented by Progressive ----- Local Radio: WTAM 1100- WMMS 100.7- Guardians Radio Network",08/24/25,08/24/25,05:35 PM,05:35 PM,FALSE,TRUE,08/24/25,01:35 PM,01:35 PM,FREE,BUSY
08/25/25,06:40 PM,06:40 PM,Rays at Guardians,Progressive Field - Cleveland,"Local TV: Guardians TV Presented by Progressive- FS1 ----- Local Radio: WTAM 1100- WMMS 100.7- Guardians Radio Network- WARF 1350",08/25/25,08/25/25,09:40 PM,09:40 PM,FALSE,TRUE,08/25/25,05:40 PM,05:40 PM,FREE,BUSY
08/26/25,06:40 PM,06:40 PM,Rays at Guardians,Progressive Field - Cleveland,"Local TV: Guardians TV Presented by Progressive- WKYC 3 ----- Local Radio: WTAM 1100- WMMS 100.7- Guardians Radio Network- WARF 1350",08/26/25,08/26/25,09:40 PM,09:40 PM,FALSE,TRUE,08/26/25,05:40 PM,05:40 PM,FREE,BUSY
08/27/25,01:10 PM,01:10 PM,Rays at Guardians,Progressive Field - Cleveland,"Local TV: Guardians TV Presented by Progressive- MLBN (out-of-market only) ----- Local Radio: WTAM 1100- Guardians Radio Network- WARF 1350",08/27/25,08/27/25,04:10 PM,04:10 PM,FALSE,TRUE,08/27/25,12:10 PM,12:10 PM,FREE,BUSY
08/29/25,07:10 PM,07:10 PM,Mariners at Guardians,Progressive Field - Cleveland,"Local TV: Guardians TV Presented by Progressive ----- Local Radio: WTAM 1100- WMMS 100.7- Guardians Radio Network- WARF 1350",08/29/25,08/29/25,10:10 PM,10:10 PM,FALSE,TRUE,08/29/25,06:10 PM,06:10 PM,FREE,BUSY
08/30/25,07:15 PM,07:15 PM,Mariners at Guardians,Progressive Field - Cleveland,"Local TV: FOX ----- Local Radio: WTAM 1100- WMMS 100.7- Guardians Radio Network- WARF 1350",08/30/25,08/30/25,10:15 PM,10:15 PM,FALSE,TRUE,08/30/25,06:15 PM,06:15 PM,FREE,BUSY
08/31/25,01:40 PM,01:40 PM,Mariners at Guardians,Progressive Field - Cleveland,"Local TV: Guardians TV Presented by Progressive ----- Local Radio: WTAM 1100- WMMS 100.7- Guardians Radio Network- WARF 1350",08/31/25,08/31/25,04:40 PM,04:40 PM,FALSE,TRUE,08/31/25,12:40 PM,12:40 PM,FREE,BUSY
09/01/25,01:35 PM,01:35 PM,Guardians at Red Sox,Fenway Park - Boston,"Local TV: Guardians TV Presented by Progressive ----- Local Radio: WTAM 1100- Guardians Radio Network",09/01/25,09/01/25,04:35 PM,04:35 PM,FALSE,TRUE,09/01/25,12:35 PM,12:35 PM,FREE,BUSY
09/02/25,06:45 PM,06:45 PM,Guardians at Red Sox,Fenway Park - Boston,"Local TV: Guardians TV Presented by Progressive ----- Local Radio: WTAM 1100- WMMS 100.7- Guardians Radio Network",09/02/25,09/02/25,09:45 PM,09:45 PM,FALSE,TRUE,09/02/25,05:45 PM,05:45 PM,FREE,BUSY
09/03/25,06:45 PM,06:45 PM,Guardians at Red Sox,Fenway Park - Boston,"Local TV: Guardians TV Presented by Progressive ----- Local Radio: WTAM 1100- WMMS 100.7- Guardians Radio Network",09/03/25,09/03/25,09:45 PM,09:45 PM,FALSE,TRUE,09/03/25,05:45 PM,05:45 PM,FREE,BUSY
09/04/25,07:35 PM,07:35 PM,Guardians at Rays,George M. Steinbrenner Field - Tampa,"Local TV: Guardians TV Presented by Progressive ----- Local Radio: WTAM 1100- WMMS 100.7- Guardians Radio Network",09/04/25,09/04/25,10:35 PM,10:35 PM,FALSE,TRUE,09/04/25,06:35 PM,06:35 PM,FREE,BUSY
09/05/25,07:35 PM,07:35 PM,Guardians at Rays,George M. Steinbrenner Field - Tampa,"Local TV: Guardians TV Presented by Progressive- WKYC 3 ----- Local Radio: WTAM 1100- WMMS 100.7- Guardians Radio Network",09/05/25,09/05/25,10:35 PM,10:35 PM,FALSE,TRUE,09/05/25,06:35 PM,06:35 PM,FREE,BUSY
09/06/25,07:05 PM,07:05 PM,Guardians at Rays,George M. Steinbrenner Field - Tampa,"Local TV: Guardians TV Presented by Progressive ----- Local Radio: WTAM 1100- WMMS 100.7- Guardians Radio Network",09/06/25,09/06/25,10:05 PM,10:05 PM,FALSE,TRUE,09/06/25,06:05 PM,06:05 PM,FREE,BUSY
09/07/25,12:10 PM,12:10 PM,Guardians at Rays,George M. Steinbrenner Field - Tampa,"Local TV: Guardians TV Presented by Progressive ----- Local Radio: WTAM 1100- WMMS 100.7- Guardians Radio Network",09/07/25,09/07/25,03:10 PM,03:10 PM,FALSE,TRUE,09/07/25,11:10 AM,11:10 AM,FREE,BUSY
09/08/25,06:40 PM,06:40 PM,Royals at Guardians,Progressive Field - Cleveland,"Local TV: Guardians TV Presented by Progressive ----- Local Radio: WTAM 1100- WMMS 100.7- Guardians Radio Network- WARF 1350",09/08/25,09/08/25,09:40 PM,09:40 PM,FALSE,TRUE,09/08/25,05:40 PM,05:40 PM,FREE,BUSY
09/09/25,06:40 PM,06:40 PM,Royals at Guardians,Progressive Field - Cleveland,"Local TV: Guardians TV Presented by Progressive ----- Local Radio: WTAM 1100- WMMS 100.7- Guardians Radio Network- WARF 1350",09/09/25,09/09/25,09:40 PM,09:40 PM,FALSE,TRUE,09/09/25,05:40 PM,05:40 PM,FREE,BUSY
09/10/25,06:40 PM,06:40 PM,Royals at Guardians,Progressive Field - Cleveland,"Local TV: Guardians TV Presented by Progressive ----- Local Radio: WTAM 1100- WMMS 100.7- Guardians Radio Network- WARF 1350",09/10/25,09/10/25,09:40 PM,09:40 PM,FALSE,TRUE,09/10/25,05:40 PM,05:40 PM,FREE,BUSY
09/11/25,07:15 PM,07:15 PM,Royals at Guardians,Progressive Field - Cleveland,"Local TV: FOX ----- Local Radio: WTAM 1100- WMMS 100.7- Guardians Radio Network- WARF 1350",09/11/25,09/11/25,10:15 PM,10:15 PM,FALSE,TRUE,09/11/25,06:15 PM,06:15 PM,FREE,BUSY
09/12/25,07:10 PM,07:10 PM,White Sox at Guardians,Progressive Field - Cleveland,"Local TV: Guardians TV Presented by Progressive ----- Local Radio: WTAM 1100- WMMS 100.7- Guardians Radio Network- WARF 1350",09/12/25,09/12/25,10:10 PM,10:10 PM,FALSE,TRUE,09/12/25,06:10 PM,06:10 PM,FREE,BUSY
09/13/25,06:10 PM,06:10 PM,White Sox at Guardians,Progressive Field - Cleveland,"Local TV: Guardians TV Presented by Progressive ----- Local Radio: WTAM 1100- WMMS 100.7- Guardians Radio Network- WARF 1350",09/13/25,09/13/25,09:10 PM,09:10 PM,FALSE,TRUE,09/13/25,05:10 PM,05:10 PM,FREE,BUSY
09/14/25,01:40 PM,01:40 PM,White Sox at Guardians,Progressive Field - Cleveland,"Local TV: Guardians TV Presented by Progressive ----- Local Radio: WTAM 1100- WMMS 100.7- Guardians Radio Network- WARF 1350",09/14/25,09/14/25,04:40 PM,04:40 PM,FALSE,TRUE,09/14/25,12:40 PM,12:40 PM,FREE,BUSY
09/16/25,06:40 PM,06:40 PM,Guardians at Tigers,Comerica Park - Detroit,"Local TV: Guardians TV Presented by Progressive ----- Local Radio: WTAM 1100- WMMS 100.7- Guardians Radio Network",09/16/25,09/16/25,09:40 PM,09:40 PM,FALSE,TRUE,09/16/25,05:40 PM,05:40 PM,FREE,BUSY
09/17/25,06:40 PM,06:40 PM,Guardians at Tigers,Comerica Park - Detroit,"Local TV: Guardians TV Presented by Progressive- FS1 ----- Local Radio: WTAM 1100- WMMS 100.7- Guardians Radio Network",09/17/25,09/17/25,09:40 PM,09:40 PM,FALSE,TRUE,09/17/25,05:40 PM,05:40 PM,FREE,BUSY
09/18/25,01:10 PM,01:10 PM,Guardians at Tigers,Comerica Park - Detroit,"Local TV: Guardians TV Presented by Progressive ----- Local Radio: WTAM 1100- Guardians Radio Network",09/18/25,09/18/25,04:10 PM,04:10 PM,FALSE,TRUE,09/18/25,12:10 PM,12:10 PM,FREE,BUSY
09/19/25,08:10 PM,08:10 PM,Guardians at Twins,Target Field - Minneapolis,"Local TV: Guardians TV Presented by Progressive- WKYC 3 ----- Local Radio: WTAM 1100- WMMS 100.7- Guardians Radio Network",09/19/25,09/19/25,11:10 PM,11:10 PM,FALSE,TRUE,09/19/25,07:10 PM,07:10 PM,FREE,BUSY
09/20/25,02:10 PM,02:10 PM,Guardians at Twins,Target Field - Minneapolis,"Local TV: Guardians TV Presented by Progressive ----- Local Radio: WTAM 1100- WMMS 100.7- Guardians Radio Network",09/20/25,09/20/25,05:10 PM,05:10 PM,FALSE,TRUE,09/20/25,01:10 PM,01:10 PM,FREE,BUSY
09/20/25,07:10 PM,07:10 PM,Guardians at Twins,Target Field - Minneapolis,"Local TV: Guardians TV Presented by Progressive ----- Local Radio: WTAM 1100- WMMS 100.7- Guardians Radio Network",09/20/25,09/20/25,10:10 PM,10:10 PM,FALSE,TRUE,09/20/25,06:10 PM,06:10 PM,FREE,BUSY
09/21/25,02:10 PM,02:10 PM,Guardians at Twins,Target Field - Minneapolis,"Local TV: Guardians TV Presented by Progressive ----- Local Radio: WTAM 1100- WMMS 100.7- Guardians Radio Network",09/21/25,09/21/25,05:10 PM,05:10 PM,FALSE,TRUE,09/21/25,01:10 PM,01:10 PM,FREE,BUSY
09/23/25,06:40 PM,06:40 PM,Tigers at Guardians,Progressive Field - Cleveland,"Local TV: Guardians TV Presented by Progressive ----- Local Radio: WTAM 1100- WMMS 100.7- Guardians Radio Network- WARF 1350",09/23/25,09/23/25,09:40 PM,09:40 PM,FALSE,TRUE,09/23/25,05:40 PM,05:40 PM,FREE,BUSY
09/24/25,06:40 PM,06:40 PM,Tigers at Guardians,Progressive Field - Cleveland,"Local TV: Guardians TV Presented by Progressive ----- Local Radio: WTAM 1100- WMMS 100.7- Guardians Radio Network- WARF 1350",09/24/25,09/24/25,09:40 PM,09:40 PM,FALSE,TRUE,09/24/25,05:40 PM,05:40 PM,FREE,BUSY
09/25/25,06:40 PM,06:40 PM,Tigers at Guardians,Progressive Field - Cleveland,"Local TV: Guardians TV Presented by Progressive ----- Local Radio: WTAM 1100- WMMS 100.7- Guardians Radio Network- WARF 1350",09/25/25,09/25/25,09:40 PM,09:40 PM,FALSE,TRUE,09/25/25,05:40 PM,05:40 PM,FREE,BUSY
09/26/25,07:10 PM,07:10 PM,Rangers at Guardians,Progressive Field - Cleveland,"Local TV: Guardians TV Presented by Progressive- MLBN (out-of-market only) ----- Local Radio: WTAM 1100- WMMS 100.7- Guardians Radio Network- WARF 1350",09/26/25,09/26/25,10:10 PM,10:10 PM,FALSE,TRUE,09/26/25,06:10 PM,06:10 PM,FREE,BUSY
09/27/25,07:15 PM,07:15 PM,Rangers at Guardians,Progressive Field - Cleveland,"Local TV: FOX ----- Local Radio: WTAM 1100- WMMS 100.7- Guardians Radio Network- WARF 1350",09/27/25,09/27/25,10:15 PM,10:15 PM,FALSE,TRUE,09/27/25,06:15 PM,06:15 PM,FREE,BUSY
09/28/25,03:10 PM,03:10 PM,Rangers at Guardians,Progressive Field - Cleveland,"Local TV: Guardians TV Presented by Progressive ----- Local Radio: WTAM 1100- WMMS 100.7- Guardians Radio Network- WARF 1350",09/28/25,09/28/25,06:10 PM,06:10 PM,FALSE,TRUE,09/28/25,02:10 PM,02:10 PM,FREE,BUSY
09/30/25,01:08 PM,01:08 PM,Tigers at Guardians,Progressive Field - Cleveland,"Local TV: ESPN ----- Local Radio: WTAM 1100- WARF 1350- ESPN Radio",09/30/25,09/30/25,04:08 PM,04:08 PM,FALSE,TRUE,09/30/25,12:08 PM,12:08 PM,FREE,BUSY
10/01/25,01:08 PM,01:08 PM,Tigers at Guardians,Progressive Field - Cleveland,"Local TV: ESPN ----- Local Radio: WTAM 1100- WARF 1350- ESPN Radio",10/01/25,10/01/25,04:08 PM,04:08 PM,FALSE,TRUE,10/01/25,12:08 PM,12:08 PM,FREE,BUSY
10/02/25,03:08 PM,03:08 PM,Tigers at Guardians,Progressive Field - Cleveland,"Local TV: ABC ----- Local Radio: WTAM 1100- WARF 1350- ESPN Radio",10/02/25,10/02/25,06:08 PM,06:08 PM,FALSE,TRUE,10/02/25,02:08 PM,02:08 PM,FREE,BUSY
03/26/26,,,Guardians at Mariners - Time TBD,T-Mobile Park - Seattle,"",03/26/26,03/26/26,,,FALSE,TRUE,03/26/26,,,FREE,BUSY
03/27/26,,,Guardians at Mariners - Time TBD,T-Mobile Park - Seattle,"",03/27/26,03/27/26,,,FALSE,TRUE,03/27/26,,,FREE,BUSY
03/28/26,,,Guardians at Mariners - Time TBD,T-Mobile Park - Seattle,"",03/28/26,03/28/26,,,FALSE,TRUE,03/28/26,,,FREE,BUSY
03/29/26,,,Guardians at Mariners - Time TBD,T-Mobile Park - Seattle,"",03/29/26,03/29/26,,,FALSE,TRUE,03/29/26,,,FREE,BUSY
03/30/26,,,Guardians at Dodgers - Time TBD,Dodger Stadium - Los Angeles,"",03/30/26,03/30/26,,,FALSE,TRUE,03/30/26,,,FREE,BUSY
03/31/26,,,Guardians at Dodgers - Time TBD,Dodger Stadium - Los Angeles,"",03/31/26,03/31/26,,,FALSE,TRUE,03/31/26,,,FREE,BUSY
04/01/26,,,Guardians at Dodgers - Time TBD,Dodger Stadium - Los Angeles,"",04/01/26,04/01/26,,,FALSE,TRUE,04/01/26,,,FREE,BUSY
04/03/26,,,Cubs at Guardians - Time TBD,Progressive Field - Cleveland,"",04/03/26,04/03/26,,,FALSE,TRUE,04/03/26,,,FREE,BUSY
04/04/26,,,Cubs at Guardians - Time TBD,Progressive Field - Cleveland,"",04/04/26,04/04/26,,,FALSE,TRUE,04/04/26,,,FREE,BUSY
04/05/26,,,Cubs at Guardians - Time TBD,Progressive Field - Cleveland,"",04/05/26,04/05/26,,,FALSE,TRUE,04/05/26,,,FREE,BUSY
04/06/26,,,Royals at Guardians - Time TBD,Progressive Field - Cleveland,"",04/06/26,04/06/26,,,FALSE,TRUE,04/06/26,,,FREE,BUSY
04/07/26,,,Royals at Guardians - Time TBD,Progressive Field - Cleveland,"",04/07/26,04/07/26,,,FALSE,TRUE,04/07/26,,,FREE,BUSY
04/08/26,,,Royals at Guardians - Time TBD,Progressive Field - Cleveland,"",04/08/26,04/08/26,,,FALSE,TRUE,04/08/26,,,FREE,BUSY
04/10/26,,,Guardians at Braves - Time TBD,Truist Park - Atlanta,"",04/10/26,04/10/26,,,FALSE,TRUE,04/10/26,,,FREE,BUSY
04/11/26,,,Guardians at Braves - Time TBD,Truist Park - Atlanta,"",04/11/26,04/11/26,,,FALSE,TRUE,04/11/26,,,FREE,BUSY
04/12/26,,,Guardians at Braves - Time TBD,Truist Park - Atlanta,"",04/12/26,04/12/26,,,FALSE,TRUE,04/12/26,,,FREE,BUSY
04/13/26,,,Guardians at Cardinals - Time TBD,Busch Stadium - St. Louis,"",04/13/26,04/13/26,,,FALSE,TRUE,04/13/26,,,FREE,BUSY
04/14/26,,,Guardians at Cardinals - Time TBD,Busch Stadium - St. Louis,"",04/14/26,04/14/26,,,FALSE,TRUE,04/14/26,,,FREE,BUSY
04/15/26,,,Guardians at Cardinals - Time TBD,Busch Stadium - St. Louis,"",04/15/26,04/15/26,,,FALSE,TRUE,04/15/26,,,FREE,BUSY
04/16/26,,,Orioles at Guardians - Time TBD,Progressive Field - Cleveland,"",04/16/26,04/16/26,,,FALSE,TRUE,04/16/26,,,FREE,BUSY
04/17/26,,,Orioles at Guardians - Time TBD,Progressive Field - Cleveland,"",04/17/26,04/17/26,,,FALSE,TRUE,04/17/26,,,FREE,BUSY
04/18/26,,,Orioles at Guardians - Time TBD,Progressive Field - Cleveland,"",04/18/26,04/18/26,,,FALSE,TRUE,04/18/26,,,FREE,BUSY
04/19/26,,,Orioles at Guardians - Time TBD,Progressive Field - Cleveland,"",04/19/26,04/19/26,,,FALSE,TRUE,04/19/26,,,FREE,BUSY
04/20/26,,,Astros at Guardians - Time TBD,Progressive Field - Cleveland,"",04/20/26,04/20/26,,,FALSE,TRUE,04/20/26,,,FREE,BUSY
04/21/26,,,Astros at Guardians - Time TBD,Progressive Field - Cleveland,"",04/21/26,04/21/26,,,FALSE,TRUE,04/21/26,,,FREE,BUSY
04/22/26,,,Astros at Guardians - Time TBD,Progressive Field - Cleveland,"",04/22/26,04/22/26,,,FALSE,TRUE,04/22/26,,,FREE,BUSY
04/24/26,,,Guardians at Blue Jays - Time TBD,Rogers Centre - Toronto,"",04/24/26,04/24/26,,,FALSE,TRUE,04/24/26,,,FREE,BUSY
04/25/26,,,Guardians at Blue Jays - Time TBD,Rogers Centre - Toronto,"",04/25/26,04/25/26,,,FALSE,TRUE,04/25/26,,,FREE,BUSY
04/26/26,,,Guardians at Blue Jays - Time TBD,Rogers Centre - Toronto,"",04/26/26,04/26/26,,,FALSE,TRUE,04/26/26,,,FREE,BUSY
04/27/26,,,Rays at Guardians - Time TBD,Progressive Field - Cleveland,"",04/27/26,04/27/26,,,FALSE,TRUE,04/27/26,,,FREE,BUSY
04/28/26,,,Rays at Guardians - Time TBD,Progressive Field - Cleveland,"",04/28/26,04/28/26,,,FALSE,TRUE,04/28/26,,,FREE,BUSY
04/29/26,,,Rays at Guardians - Time TBD,Progressive Field - Cleveland,"",04/29/26,04/29/26,,,FALSE,TRUE,04/29/26,,,FREE,BUSY
05/01/26,,,Guardians at Athletics - Time TBD,Sutter Health Park - Sacramento,"",05/01/26,05/01/26,,,FALSE,TRUE,05/01/26,,,FREE,BUSY
05/02/26,,,Guardians at Athletics - Time TBD,Sutter Health Park - Sacramento,"",05/02/26,05/02/26,,,FALSE,TRUE,05/02/26,,,FREE,BUSY
05/03/26,,,Guardians at Athletics - Time TBD,Sutter Health Park - Sacramento,"",05/03/26,05/03/26,,,FALSE,TRUE,05/03/26,,,FREE,BUSY
05/04/26,,,Guardians at Royals - Time TBD,Kauffman Stadium - Kansas City,"",05/04/26,05/04/26,,,FALSE,TRUE,05/04/26,,,FREE,BUSY
05/05/26,,,Guardians at Royals - Time TBD,Kauffman Stadium - Kansas City,"",05/05/26,05/05/26,,,FALSE,TRUE,05/05/26,,,FREE,BUSY
05/06/26,,,Guardians at Royals - Time TBD,Kauffman Stadium - Kansas City,"",05/06/26,05/06/26,,,FALSE,TRUE,05/06/26,,,FREE,BUSY
05/07/26,,,Guardians at Royals - Time TBD,Kauffman Stadium - Kansas City,"",05/07/26,05/07/26,,,FALSE,TRUE,05/07/26,,,FREE,BUSY
05/08/26,,,Twins at Guardians - Time TBD,Progressive Field - Cleveland,"",05/08/26,05/08/26,,,FALSE,TRUE,05/08/26,,,FREE,BUSY
05/09/26,,,Twins at Guardians - Time TBD,Progressive Field - Cleveland,"",05/09/26,05/09/26,,,FALSE,TRUE,05/09/26,,,FREE,BUSY
05/10/26,,,Twins at Guardians - Time TBD,Progressive Field - Cleveland,"",05/10/26,05/10/26,,,FALSE,TRUE,05/10/26,,,FREE,BUSY
05/11/26,,,Angels at Guardians - Time TBD,Progressive Field - Cleveland,"",05/11/26,05/11/26,,,FALSE,TRUE,05/11/26,,,FREE,BUSY
05/12/26,,,Angels at Guardians - Time TBD,Progressive Field - Cleveland,"",05/12/26,05/12/26,,,FALSE,TRUE,05/12/26,,,FREE,BUSY
05/13/26,,,Angels at Guardians - Time TBD,Progressive Field - Cleveland,"",05/13/26,05/13/26,,,FALSE,TRUE,05/13/26,,,FREE,BUSY
05/15/26,,,Reds at Guardians - Time TBD,Progressive Field - Cleveland,"",05/15/26,05/15/26,,,FALSE,TRUE,05/15/26,,,FREE,BUSY
05/16/26,,,Reds at Guardians - Time TBD,Progressive Field - Cleveland,"",05/16/26,05/16/26,,,FALSE,TRUE,05/16/26,,,FREE,BUSY
05/17/26,,,Reds at Guardians - Time TBD,Progressive Field - Cleveland,"",05/17/26,05/17/26,,,FALSE,TRUE,05/17/26,,,FREE,BUSY
05/18/26,,,Guardians at Tigers - Time TBD,Comerica Park - Detroit,"",05/18/26,05/18/26,,,FALSE,TRUE,05/18/26,,,FREE,BUSY
05/19/26,,,Guardians at Tigers - Time TBD,Comerica Park - Detroit,"",05/19/26,05/19/26,,,FALSE,TRUE,05/19/26,,,FREE,BUSY
05/20/26,,,Guardians at Tigers - Time TBD,Comerica Park - Detroit,"",05/20/26,05/20/26,,,FALSE,TRUE,05/20/26,,,FREE,BUSY
05/21/26,,,Guardians at Tigers - Time TBD,Comerica Park - Detroit,"",05/21/26,05/21/26,,,FALSE,TRUE,05/21/26,,,FREE,BUSY
05/22/26,,,Guardians at Phillies - Time TBD,Citizens Bank Park - Philadelphia,"",05/22/26,05/22/26,,,FALSE,TRUE,05/22/26,,,FREE,BUSY
05/23/26,,,Guardians at Phillies - Time TBD,Citizens Bank Park - Philadelphia,"",05/23/26,05/23/26,,,FALSE,TRUE,05/23/26,,,FREE,BUSY
05/24/26,,,Guardians at Phillies - Time TBD,Citizens Bank Park - Philadelphia,"",05/24/26,05/24/26,,,FALSE,TRUE,05/24/26,,,FREE,BUSY
05/25/26,,,Nationals at Guardians - Time TBD,Progressive Field - Cleveland,"",05/25/26,05/25/26,,,FALSE,TRUE,05/25/26,,,FREE,BUSY
05/26/26,,,Nationals at Guardians - Time TBD,Progressive Field - Cleveland,"",05/26/26,05/26/26,,,FALSE,TRUE,05/26/26,,,FREE,BUSY
05/27/26,,,Nationals at Guardians - Time TBD,Progressive Field - Cleveland,"",05/27/26,05/27/26,,,FALSE,TRUE,05/27/26,,,FREE,BUSY
05/29/26,,,Red Sox at Guardians - Time TBD,Progressive Field - Cleveland,"",05/29/26,05/29/26,,,FALSE,TRUE,05/29/26,,,FREE,BUSY
05/30/26,,,Red Sox at Guardians - Time TBD,Progressive Field - Cleveland,"",05/30/26,05/30/26,,,FALSE,TRUE,05/30/26,,,FREE,BUSY
05/31/26,,,Red Sox at Guardians - Time TBD,Progressive Field - Cleveland,"",05/31/26,05/31/26,,,FALSE,TRUE,05/31/26,,,FREE,BUSY
06/02/26,,,Guardians at Yankees - Time TBD,Yankee Stadium - Bronx,"",06/02/26,06/02/26,,,FALSE,TRUE,06/02/26,,,FREE,BUSY
06/03/26,,,Guardians at Yankees - Time TBD,Yankee Stadium - Bronx,"",06/03/26,06/03/26,,,FALSE,TRUE,06/03/26,,,FREE,BUSY
06/04/26,,,Guardians at Yankees - Time TBD,Yankee Stadium - Bronx,"",06/04/26,06/04/26,,,FALSE,TRUE,06/04/26,,,FREE,BUSY
06/05/26,,,Guardians at Rangers - Time TBD,Globe Life Field - Arlington,"",06/05/26,06/05/26,,,FALSE,TRUE,06/05/26,,,FREE,BUSY
06/06/26,,,Guardians at Rangers - Time TBD,Globe Life Field - Arlington,"",06/06/26,06/06/26,,,FALSE,TRUE,06/06/26,,,FREE,BUSY
06/07/26,,,Guardians at Rangers - Time TBD,Globe Life Field - Arlington,"",06/07/26,06/07/26,,,FALSE,TRUE,06/07/26,,,FREE,BUSY
06/08/26,,,Yankees at Guardians - Time TBD,Progressive Field - Cleveland,"",06/08/26,06/08/26,,,FALSE,TRUE,06/08/26,,,FREE,BUSY
06/09/26,,,Yankees at Guardians - Time TBD,Progressive Field - Cleveland,"",06/09/26,06/09/26,,,FALSE,TRUE,06/09/26,,,FREE,BUSY
06/10/26,,,Yankees at Guardians - Time TBD,Progressive Field - Cleveland,"",06/10/26,06/10/26,,,FALSE,TRUE,06/10/26,,,FREE,BUSY
06/12/26,,,Tigers at Guardians - Time TBD,Progressive Field - Cleveland,"",06/12/26,06/12/26,,,FALSE,TRUE,06/12/26,,,FREE,BUSY
06/13/26,,,Tigers at Guardians - Time TBD,Progressive Field - Cleveland,"",06/13/26,06/13/26,,,FALSE,TRUE,06/13/26,,,FREE,BUSY
06/14/26,,,Tigers at Guardians - Time TBD,Progressive Field - Cleveland,"",06/14/26,06/14/26,,,FALSE,TRUE,06/14/26,,,FREE,BUSY
06/16/26,,,Guardians at Brewers - Time TBD,American Family Field - Milwaukee,"",06/16/26,06/16/26,,,FALSE,TRUE,06/16/26,,,FREE,BUSY
06/17/26,,,Guardians at Brewers - Time TBD,American Family Field - Milwaukee,"",06/17/26,06/17/26,,,FALSE,TRUE,06/17/26,,,FREE,BUSY
06/18/26,,,Guardians at Brewers - Time TBD,American Family Field - Milwaukee,"",06/18/26,06/18/26,,,FALSE,TRUE,06/18/26,,,FREE,BUSY
06/19/26,,,Guardians at Astros - Time TBD,Daikin Park - Houston,"",06/19/26,06/19/26,,,FALSE,TRUE,06/19/26,,,FREE,BUSY
06/20/26,,,Guardians at Astros - Time TBD,Daikin Park - Houston,"",06/20/26,06/20/26,,,FALSE,TRUE,06/20/26,,,FREE,BUSY
06/21/26,,,Guardians at Astros - Time TBD,Daikin Park - Houston,"",06/21/26,06/21/26,,,FALSE,TRUE,06/21/26,,,FREE,BUSY
06/22/26,,,Guardians at White Sox - Time TBD,Rate Field - Chicago,"",06/22/26,06/22/26,,,FALSE,TRUE,06/22/26,,,FREE,BUSY
06/23/26,,,Guardians at White Sox - Time TBD,Rate Field - Chicago,"",06/23/26,06/23/26,,,FALSE,TRUE,06/23/26,,,FREE,BUSY
06/24/26,,,Guardians at White Sox - Time TBD,Rate Field - Chicago,"",06/24/26,06/24/26,,,FALSE,TRUE,06/24/26,,,FREE,BUSY
06/26/26,,,Mariners at Guardians - Time TBD,Progressive Field - Cleveland,"",06/26/26,06/26/26,,,FALSE,TRUE,06/26/26,,,FREE,BUSY
06/27/26,,,Mariners at Guardians - Time TBD,Progressive Field - Cleveland,"",06/27/26,06/27/26,,,FALSE,TRUE,06/27/26,,,FREE,BUSY
06/28/26,,,Mariners at Guardians - Time TBD,Progressive Field - Cleveland,"",06/28/26,06/28/26,,,FALSE,TRUE,06/28/26,,,FREE,BUSY
06/29/26,,,Rangers at Guardians - Time TBD,Progressive Field - Cleveland,"",06/29/26,06/29/26,,,FALSE,TRUE,06/29/26,,,FREE,BUSY
06/30/26,,,Rangers at Guardians - Time TBD,Progressive Field - Cleveland,"",06/30/26,06/30/26,,,FALSE,TRUE,06/30/26,,,FREE,BUSY
07/01/26,,,Rangers at Guardians - Time TBD,Progressive Field - Cleveland,"",07/01/26,07/01/26,,,FALSE,TRUE,07/01/26,,,FREE,BUSY
07/02/26,,,White Sox at Guardians - Time TBD,Progressive Field - Cleveland,"",07/02/26,07/02/26,,,FALSE,TRUE,07/02/26,,,FREE,BUSY
07/03/26,,,White Sox at Guardians - Time TBD,Progressive Field - Cleveland,"",07/03/26,07/03/26,,,FALSE,TRUE,07/03/26,,,FREE,BUSY
07/04/26,,,White Sox at Guardians - Time TBD,Progressive Field - Cleveland,"",07/04/26,07/04/26,,,FALSE,TRUE,07/04/26,,,FREE,BUSY
07/05/26,,,White Sox at Guardians - Time TBD,Progressive Field - Cleveland,"",07/05/26,07/05/26,,,FALSE,TRUE,07/05/26,,,FREE,BUSY
07/07/26,,,Guardians at Twins - Time TBD,Target Field - Minneapolis,"",07/07/26,07/07/26,,,FALSE,TRUE,07/07/26,,,FREE,BUSY
07/08/26,,,Guardians at Twins - Time TBD,Target Field - Minneapolis,"",07/08/26,07/08/26,,,FALSE,TRUE,07/08/26,,,FREE,BUSY
07/09/26,,,Guardians at Twins - Time TBD,Target Field - Minneapolis,"",07/09/26,07/09/26,,,FALSE,TRUE,07/09/26,,,FREE,BUSY
07/10/26,,,Guardians at Marlins - Time TBD,loanDepot park - Miami,"",07/10/26,07/10/26,,,FALSE,TRUE,07/10/26,,,FREE,BUSY
07/11/26,,,Guardians at Marlins - Time TBD,loanDepot park - Miami,"",07/11/26,07/11/26,,,FALSE,TRUE,07/11/26,,,FREE,BUSY
07/12/26,,,Guardians at Marlins - Time TBD,loanDepot park - Miami,"",07/12/26,07/12/26,,,FALSE,TRUE,07/12/26,,,FREE,BUSY
07/17/26,,,Pirates at Guardians - Time TBD,Progressive Field - Cleveland,"",07/17/26,07/17/26,,,FALSE,TRUE,07/17/26,,,FREE,BUSY
07/18/26,,,Pirates at Guardians - Time TBD,Progressive Field - Cleveland,"",07/18/26,07/18/26,,,FALSE,TRUE,07/18/26,,,FREE,BUSY
07/19/26,,,Pirates at Guardians - Time TBD,Progressive Field - Cleveland,"",07/19/26,07/19/26,,,FALSE,TRUE,07/19/26,,,FREE,BUSY
07/20/26,,,Twins at Guardians - Time TBD,Progressive Field - Cleveland,"",07/20/26,07/20/26,,,FALSE,TRUE,07/20/26,,,FREE,BUSY
07/21/26,,,Twins at Guardians - Time TBD,Progressive Field - Cleveland,"",07/21/26,07/21/26,,,FALSE,TRUE,07/21/26,,,FREE,BUSY
07/22/26,,,Twins at Guardians - Time TBD,Progressive Field - Cleveland,"",07/22/26,07/22/26,,,FALSE,TRUE,07/22/26,,,FREE,BUSY
07/23/26,,,Twins at Guardians - Time TBD,Progressive Field - Cleveland,"",07/23/26,07/23/26,,,FALSE,TRUE,07/23/26,,,FREE,BUSY
07/24/26,,,Guardians at Rays - Time TBD,George M. Steinbrenner Field - Tampa,"",07/24/26,07/24/26,,,FALSE,TRUE,07/24/26,,,FREE,BUSY
07/25/26,,,Guardians at Rays - Time TBD,George M. Steinbrenner Field - Tampa,"",07/25/26,07/25/26,,,FALSE,TRUE,07/25/26,,,FREE,BUSY
07/26/26,,,Guardians at Rays - Time TBD,George M. Steinbrenner Field - Tampa,"",07/26/26,07/26/26,,,FALSE,TRUE,07/26/26,,,FREE,BUSY
07/27/26,,,Guardians at Reds - Time TBD,Great American Ball Park - Cincinnati,"",07/27/26,07/27/26,,,FALSE,TRUE,07/27/26,,,FREE,BUSY
07/28/26,,,Guardians at Reds - Time TBD,Great American Ball Park - Cincinnati,"",07/28/26,07/28/26,,,FALSE,TRUE,07/28/26,,,FREE,BUSY
07/29/26,,,Guardians at Reds - Time TBD,Great American Ball Park - Cincinnati,"",07/29/26,07/29/26,,,FALSE,TRUE,07/29/26,,,FREE,BUSY
07/31/26,,,D-backs at Guardians - Time TBD,Progressive Field - Cleveland,"",07/31/26,07/31/26,,,FALSE,TRUE,07/31/26,,,FREE,BUSY
08/01/26,,,D-backs at Guardians - Time TBD,Progressive Field - Cleveland,"",08/01/26,08/01/26,,,FALSE,TRUE,08/01/26,,,FREE,BUSY
08/02/26,,,D-backs at Guardians - Time TBD,Progressive Field - Cleveland,"",08/02/26,08/02/26,,,FALSE,TRUE,08/02/26,,,FREE,BUSY
08/04/26,,,Mets at Guardians - Time TBD,Progressive Field - Cleveland,"",08/04/26,08/04/26,,,FALSE,TRUE,08/04/26,,,FREE,BUSY
08/05/26,,,Mets at Guardians - Time TBD,Progressive Field - Cleveland,"",08/05/26,08/05/26,,,FALSE,TRUE,08/05/26,,,FREE,BUSY
08/06/26,,,Mets at Guardians - Time TBD,Progressive Field - Cleveland,"",08/06/26,08/06/26,,,FALSE,TRUE,08/06/26,,,FREE,BUSY
08/07/26,,,Guardians at White Sox - Time TBD,Rate Field - Chicago,"",08/07/26,08/07/26,,,FALSE,TRUE,08/07/26,,,FREE,BUSY
08/08/26,,,Guardians at White Sox - Time TBD,Rate Field - Chicago,"",08/08/26,08/08/26,,,FALSE,TRUE,08/08/26,,,FREE,BUSY
08/09/26,,,Guardians at White Sox - Time TBD,Rate Field - Chicago,"",08/09/26,08/09/26,,,FALSE,TRUE,08/09/26,,,FREE,BUSY
08/11/26,,,Guardians at Tigers - Time TBD,Comerica Park - Detroit,"",08/11/26,08/11/26,,,FALSE,TRUE,08/11/26,,,FREE,BUSY
08/12/26,,,Guardians at Tigers - Time TBD,Comerica Park - Detroit,"",08/12/26,08/12/26,,,FALSE,TRUE,08/12/26,,,FREE,BUSY
08/13/26,,,Guardians at Tigers - Time TBD,Comerica Park - Detroit,"",08/13/26,08/13/26,,,FALSE,TRUE,08/13/26,,,FREE,BUSY
08/14/26,,,Padres at Guardians - Time TBD,Progressive Field - Cleveland,"",08/14/26,08/14/26,,,FALSE,TRUE,08/14/26,,,FREE,BUSY
08/15/26,,,Padres at Guardians - Time TBD,Progressive Field - Cleveland,"",08/15/26,08/15/26,,,FALSE,TRUE,08/15/26,,,FREE,BUSY
08/16/26,,,Padres at Guardians - Time TBD,Progressive Field - Cleveland,"",08/16/26,08/16/26,,,FALSE,TRUE,08/16/26,,,FREE,BUSY
08/18/26,,,Giants at Guardians - Time TBD,Progressive Field - Cleveland,"",08/18/26,08/18/26,,,FALSE,TRUE,08/18/26,,,FREE,BUSY
08/19/26,,,Giants at Guardians - Time TBD,Progressive Field - Cleveland,"",08/19/26,08/19/26,,,FALSE,TRUE,08/19/26,,,FREE,BUSY
08/20/26,,,Giants at Guardians - Time TBD,Progressive Field - Cleveland,"",08/20/26,08/20/26,,,FALSE,TRUE,08/20/26,,,FREE,BUSY
08/21/26,,,Guardians at Rockies - Time TBD,Coors Field - Denver,"",08/21/26,08/21/26,,,FALSE,TRUE,08/21/26,,,FREE,BUSY
08/22/26,,,Guardians at Rockies - Time TBD,Coors Field - Denver,"",08/22/26,08/22/26,,,FALSE,TRUE,08/22/26,,,FREE,BUSY
08/23/26,,,Guardians at Rockies - Time TBD,Coors Field - Denver,"",08/23/26,08/23/26,,,FALSE,TRUE,08/23/26,,,FREE,BUSY
08/24/26,,,Guardians at Angels - Time TBD,Angel Stadium - Anaheim,"",08/24/26,08/24/26,,,FALSE,TRUE,08/24/26,,,FREE,BUSY
08/25/26,,,Guardians at Angels - Time TBD,Angel Stadium - Anaheim,"",08/25/26,08/25/26,,,FALSE,TRUE,08/25/26,,,FREE,BUSY
08/26/26,,,Guardians at Angels - Time TBD,Angel Stadium - Anaheim,"",08/26/26,08/26/26,,,FALSE,TRUE,08/26/26,,,FREE,BUSY
08/28/26,,,Royals at Guardians - Time TBD,Progressive Field - Cleveland,"",08/28/26,08/28/26,,,FALSE,TRUE,08/28/26,,,FREE,BUSY
08/29/26,,,Royals at Guardians - Time TBD,Progressive Field - Cleveland,"",08/29/26,08/29/26,,,FALSE,TRUE,08/29/26,,,FREE,BUSY
08/30/26,,,Royals at Guardians - Time TBD,Progressive Field - Cleveland,"",08/30/26,08/30/26,,,FALSE,TRUE,08/30/26,,,FREE,BUSY
09/01/26,,,Blue Jays at Guardians - Time TBD,Progressive Field - Cleveland,"",09/01/26,09/01/26,,,FALSE,TRUE,09/01/26,,,FREE,BUSY
09/02/26,,,Blue Jays at Guardians - Time TBD,Progressive Field - Cleveland,"",09/02/26,09/02/26,,,FALSE,TRUE,09/02/26,,,FREE,BUSY
09/03/26,,,Blue Jays at Guardians - Time TBD,Progressive Field - Cleveland,"",09/03/26,09/03/26,,,FALSE,TRUE,09/03/26,,,FREE,BUSY
09/04/26,,,Tigers at Guardians - Time TBD,Progressive Field - Cleveland,"",09/04/26,09/04/26,,,FALSE,TRUE,09/04/26,,,FREE,BUSY
09/05/26,,,Tigers at Guardians - Time TBD,Progressive Field - Cleveland,"",09/05/26,09/05/26,,,FALSE,TRUE,09/05/26,,,FREE,BUSY
09/06/26,,,Tigers at Guardians - Time TBD,Progressive Field - Cleveland,"",09/06/26,09/06/26,,,FALSE,TRUE,09/06/26,,,FREE,BUSY
09/07/26,,,Guardians at Orioles - Time TBD,Oriole Park at Camden Yards - Baltimore,"",09/07/26,09/07/26,,,FALSE,TRUE,09/07/26,,,FREE,BUSY
09/08/26,,,Guardians at Orioles - Time TBD,Oriole Park at Camden Yards - Baltimore,"",09/08/26,09/08/26,,,FALSE,TRUE,09/08/26,,,FREE,BUSY
09/09/26,,,Guardians at Orioles - Time TBD,Oriole Park at Camden Yards - Baltimore,"",09/09/26,09/09/26,,,FALSE,TRUE,09/09/26,,,FREE,BUSY
09/11/26,,,Guardians at Twins - Time TBD,Target Field - Minneapolis,"",09/11/26,09/11/26,,,FALSE,TRUE,09/11/26,,,FREE,BUSY
09/12/26,,,Guardians at Twins - Time TBD,Target Field - Minneapolis,"",09/12/26,09/12/26,,,FALSE,TRUE,09/12/26,,,FREE,BUSY
09/13/26,,,Guardians at Twins - Time TBD,Target Field - Minneapolis,"",09/13/26,09/13/26,,,FALSE,TRUE,09/13/26,,,FREE,BUSY
09/14/26,,,White Sox at Guardians - Time TBD,Progressive Field - Cleveland,"",09/14/26,09/14/26,,,FALSE,TRUE,09/14/26,,,FREE,BUSY
09/15/26,,,White Sox at Guardians - Time TBD,Progressive Field - Cleveland,"",09/15/26,09/15/26,,,FALSE,TRUE,09/15/26,,,FREE,BUSY
09/16/26,,,White Sox at Guardians - Time TBD,Progressive Field - Cleveland,"",09/16/26,09/16/26,,,FALSE,TRUE,09/16/26,,,FREE,BUSY
09/18/26,,,Athletics at Guardians - Time TBD,Progressive Field - Cleveland,"",09/18/26,09/18/26,,,FALSE,TRUE,09/18/26,,,FREE,BUSY
09/19/26,,,Athletics at Guardians - Time TBD,Progressive Field - Cleveland,"",09/19/26,09/19/26,,,FALSE,TRUE,09/19/26,,,FREE,BUSY
09/20/26,,,Athletics at Guardians - Time TBD,Progressive Field - Cleveland,"",09/20/26,09/20/26,,,FALSE,TRUE,09/20/26,,,FREE,BUSY
09/22/26,,,Guardians at Red Sox - Time TBD,Fenway Park - Boston,"",09/22/26,09/22/26,,,FALSE,TRUE,09/22/26,,,FREE,BUSY
09/23/26,,,Guardians at Red Sox - Time TBD,Fenway Park - Boston,"",09/23/26,09/23/26,,,FALSE,TRUE,09/23/26,,,FREE,BUSY
09/24/26,,,Guardians at Red Sox - Time TBD,Fenway Park - Boston,"",09/24/26,09/24/26,,,FALSE,TRUE,09/24/26,,,FREE,BUSY
09/25/26,,,Guardians at Royals - Time TBD,Kauffman Stadium - Kansas City,"",09/25/26,09/25/26,,,FALSE,TRUE,09/25/26,,,FREE,BUSY
09/26/26,,,Guardians at Royals - Time TBD,Kauffman Stadium - Kansas City,"",09/26/26,09/26/26,,,FALSE,TRUE,09/26/26,,,FREE,BUSY
09/27/26,,,Guardians at Royals - Time TBD,Kauffman Stadium - Kansas City,"",09/27/26,09/27/26,,,FALSE,TRUE,09/27/26,,,FREE,BUSY
