START DATE,START TIME,START TIME ET,SUBJECT,LOCATION,DESCRIPTION,END DATE,END DATE ET,END TIME,END TIME ET,REMINDER OFF,REMINDER ON,REMINDER DATE,REMINDER TIME,REMINDER TIME ET,SHOWTIMEAS FREE,SHOWTIMEAS BUSY
02/21/25,12:10 PM,03:10 PM,Mariners at Padres,Peoria Stadium - Peoria,"Local Radio: Seattle Sports (710 AM)",02/21/25,02/21/25,03:10 PM,06:10 PM,FALSE,TRUE,02/21/25,11:10 AM,02:10 PM,FREE,BUSY
02/22/25,12:10 PM,03:10 PM,Mariners at Angels,Tempe Diablo Stadium - Tempe,"Local Radio: Seattle Sports (710 AM)",02/22/25,02/22/25,03:10 PM,06:10 PM,FALSE,TRUE,02/22/25,11:10 AM,02:10 PM,FREE,BUSY
02/23/25,01:10 PM,03:10 PM,D-backs at Mariners,Peoria Stadium - Peoria,"Local TV: MLB Video ----- Local Radio: Seattle Sports (710 AM)",02/23/25,02/23/25,04:10 PM,06:10 PM,FALSE,TRUE,02/23/25,12:10 PM,02:10 PM,FREE,BUSY
02/24/25,12:10 PM,03:10 PM,Mariners at Brewers,American Family Fields of Phoenix - Phoenix,"Local Radio: Seattle Sports (710 AM)",02/24/25,02/24/25,03:10 PM,06:10 PM,FALSE,TRUE,02/24/25,11:10 AM,02:10 PM,FREE,BUSY
02/25/25,12:05 PM,03:05 PM,Mariners at Dodgers,Camelback Ranch - Glendale,"Local Radio: Seattle Sports (710 AM)",02/25/25,02/25/25,03:05 PM,06:05 PM,FALSE,TRUE,02/25/25,11:05 AM,02:05 PM,FREE,BUSY
02/26/25,01:10 PM,03:10 PM,Athletics at Mariners,Peoria Stadium - Peoria,"Local TV: MLB Video ----- Local Radio: Seattle Sports (710 AM)",02/26/25,02/26/25,04:10 PM,06:10 PM,FALSE,TRUE,02/26/25,12:10 PM,02:10 PM,FREE,BUSY
02/27/25,12:05 PM,03:05 PM,Mariners at Rangers,Surprise Stadium - Surprise,"",02/27/25,02/27/25,03:05 PM,06:05 PM,FALSE,TRUE,02/27/25,11:05 AM,02:05 PM,FREE,BUSY
02/27/25,01:10 PM,03:10 PM,Giants at Mariners,Peoria Stadium - Peoria,"Local TV: MLB Video ----- Local Radio: Seattle Sports (710 AM)",02/27/25,02/27/25,04:10 PM,06:10 PM,FALSE,TRUE,02/27/25,12:10 PM,02:10 PM,FREE,BUSY
02/28/25,05:40 PM,08:40 PM,Mariners at Padres,Peoria Stadium - Peoria,"Local TV: MLB Video ----- Local Radio: Seattle Sports (710 AM)",02/28/25,02/28/25,08:40 PM,11:40 PM,FALSE,TRUE,02/28/25,04:40 PM,07:40 PM,FREE,BUSY
03/01/25,01:10 PM,03:10 PM,White Sox at Mariners,Peoria Stadium - Peoria,"Local TV: MLB Video ----- Local Radio: Seattle Sports (710 AM)",03/01/25,03/01/25,04:10 PM,06:10 PM,FALSE,TRUE,03/01/25,12:10 PM,02:10 PM,FREE,BUSY
03/02/25,12:10 PM,03:10 PM,Mariners at Rockies,Salt River Fields at Talking Stick - Scottsdale,"Local Radio: Seattle Sports (710 AM)",03/02/25,03/02/25,03:10 PM,06:10 PM,FALSE,TRUE,03/02/25,11:10 AM,02:10 PM,FREE,BUSY
03/03/25,01:10 PM,03:10 PM,Guardians at Mariners,Peoria Stadium - Peoria,"Local TV: MLB Video ----- Local Radio: Seattle Sports (710 AM)",03/03/25,03/03/25,04:10 PM,06:10 PM,FALSE,TRUE,03/03/25,12:10 PM,02:10 PM,FREE,BUSY
03/05/25,05:05 PM,08:05 PM,Mariners at Royals,Surprise Stadium - Surprise,"Local Radio: Seattle Sports (710 AM)",03/05/25,03/05/25,08:05 PM,11:05 PM,FALSE,TRUE,03/05/25,04:05 PM,07:05 PM,FREE,BUSY
03/06/25,05:40 PM,08:40 PM,Mariners at D-backs,Salt River Fields at Talking Stick - Scottsdale,"Local TV: ROOTNW",03/06/25,03/06/25,08:40 PM,11:40 PM,FALSE,TRUE,03/06/25,04:40 PM,07:40 PM,FREE,BUSY
03/06/25,06:40 PM,08:40 PM,Angels at Mariners,Peoria Stadium - Peoria,"Local Radio: Seattle Sports (710 AM)",03/06/25,03/06/25,09:40 PM,11:40 PM,FALSE,TRUE,03/06/25,05:40 PM,07:40 PM,FREE,BUSY
03/07/25,06:40 PM,08:40 PM,Dodgers at Mariners,Peoria Stadium - Peoria,"Local TV: ROOTNW ----- Local Radio: Seattle Sports (710 AM)",03/07/25,03/07/25,09:40 PM,11:40 PM,FALSE,TRUE,03/07/25,05:40 PM,07:40 PM,FREE,BUSY
03/08/25,12:05 PM,03:05 PM,Mariners at Cubs,Sloan Park - Mesa,"Local Radio: Seattle Sports (710 AM)",03/08/25,03/08/25,03:05 PM,06:05 PM,FALSE,TRUE,03/08/25,11:05 AM,02:05 PM,FREE,BUSY
03/09/25,01:10 PM,04:10 PM,Rockies at Mariners,Peoria Stadium - Peoria,"Local TV: ROOTNW ----- Local Radio: Seattle Sports (710 AM)",03/09/25,03/09/25,04:10 PM,07:10 PM,FALSE,TRUE,03/09/25,12:10 PM,03:10 PM,FREE,BUSY
03/10/25,01:10 PM,04:10 PM,Mariners at Brewers,American Family Fields of Phoenix - Phoenix,"Local Radio: Seattle Sports (710 AM)",03/10/25,03/10/25,04:10 PM,07:10 PM,FALSE,TRUE,03/10/25,12:10 PM,03:10 PM,FREE,BUSY
03/12/25,01:10 PM,04:10 PM,Royals at Mariners,Peoria Stadium - Peoria,"Local Radio: Seattle Sports (710 AM)",03/12/25,03/12/25,04:10 PM,07:10 PM,FALSE,TRUE,03/12/25,12:10 PM,03:10 PM,FREE,BUSY
03/14/25,01:05 PM,04:05 PM,Mariners at Guardians,Goodyear Ballpark - Goodyear,"Local TV: ROOTNW",03/14/25,03/14/25,04:05 PM,07:05 PM,FALSE,TRUE,03/14/25,12:05 PM,03:05 PM,FREE,BUSY
03/15/25,01:05 PM,04:05 PM,Mariners at Giants,Scottsdale Stadium - Scottsdale,"",03/15/25,03/15/25,04:05 PM,07:05 PM,FALSE,TRUE,03/15/25,12:05 PM,03:05 PM,FREE,BUSY
03/15/25,01:10 PM,04:10 PM,Padres at Mariners,Peoria Stadium - Peoria,"Local TV: MLB Video ----- Local Radio: Seattle Sports (710 AM)",03/15/25,03/15/25,04:10 PM,07:10 PM,FALSE,TRUE,03/15/25,12:10 PM,03:10 PM,FREE,BUSY
03/16/25,01:05 PM,04:05 PM,Mariners at Reds,Goodyear Ballpark - Goodyear,"Local Radio: Seattle Sports (710 AM)",03/16/25,03/16/25,04:05 PM,07:05 PM,FALSE,TRUE,03/16/25,12:05 PM,03:05 PM,FREE,BUSY
03/17/25,01:05 PM,04:05 PM,Mariners at Athletics,Hohokam Stadium - Mesa,"Local Radio: Seattle Sports (710 AM)",03/17/25,03/17/25,04:05 PM,07:05 PM,FALSE,TRUE,03/17/25,12:05 PM,03:05 PM,FREE,BUSY
03/18/25,01:10 PM,04:10 PM,Brewers at Mariners,Peoria Stadium - Peoria,"Local Radio: Seattle Sports (710 AM)",03/18/25,03/18/25,04:10 PM,07:10 PM,FALSE,TRUE,03/18/25,12:10 PM,03:10 PM,FREE,BUSY
03/19/25,01:10 PM,04:10 PM,Rangers at Mariners,Peoria Stadium - Peoria,"Local Radio: Seattle Sports (710 AM)",03/19/25,03/19/25,04:10 PM,07:10 PM,FALSE,TRUE,03/19/25,12:10 PM,03:10 PM,FREE,BUSY
03/21/25,01:05 PM,04:05 PM,Mariners at Royals,Surprise Stadium - Surprise,"",03/21/25,03/21/25,04:05 PM,07:05 PM,FALSE,TRUE,03/21/25,12:05 PM,03:05 PM,FREE,BUSY
03/21/25,01:10 PM,04:10 PM,Reds at Mariners,Peoria Stadium - Peoria,"Local Radio: Seattle Sports (710 AM)",03/21/25,03/21/25,04:10 PM,07:10 PM,FALSE,TRUE,03/21/25,12:10 PM,03:10 PM,FREE,BUSY
03/22/25,01:05 PM,04:05 PM,Mariners at White Sox,Camelback Ranch - Glendale,"Local Radio: Seattle Sports (710 AM)",03/22/25,03/22/25,04:05 PM,07:05 PM,FALSE,TRUE,03/22/25,12:05 PM,03:05 PM,FREE,BUSY
03/23/25,01:10 PM,04:10 PM,Brewers at Mariners,Peoria Stadium - Peoria,"Local TV: ROOTNW- MLBN (out-of-market only) ----- Local Radio: Seattle Sports (710 AM)",03/23/25,03/23/25,04:10 PM,07:10 PM,FALSE,TRUE,03/23/25,12:10 PM,03:10 PM,FREE,BUSY
03/24/25,12:10 PM,03:10 PM,Mariners at Padres,Peoria Stadium - Peoria,"Local Radio: Seattle Sports (710 AM)",03/24/25,03/24/25,03:10 PM,06:10 PM,FALSE,TRUE,03/24/25,11:10 AM,02:10 PM,FREE,BUSY
03/27/25,07:10 PM,10:10 PM,Athletics at Mariners,T-Mobile Park - Seattle,"Local TV: ROOTNW ----- Local Radio: Seattle Sports (710 AM)",03/27/25,03/28/25,10:10 PM,01:10 AM,FALSE,TRUE,03/27/25,06:10 PM,09:10 PM,FREE,BUSY
03/28/25,06:40 PM,09:40 PM,Athletics at Mariners,T-Mobile Park - Seattle,"Local TV: ROOTNW ----- Local Radio: Seattle Sports (710 AM)",03/28/25,03/29/25,09:40 PM,12:40 AM,FALSE,TRUE,03/28/25,05:40 PM,08:40 PM,FREE,BUSY
03/29/25,06:40 PM,09:40 PM,Athletics at Mariners,T-Mobile Park - Seattle,"Local TV: ROOTNW ----- Local Radio: Seattle Sports (710 AM)",03/29/25,03/30/25,09:40 PM,12:40 AM,FALSE,TRUE,03/29/25,05:40 PM,08:40 PM,FREE,BUSY
03/30/25,01:10 PM,04:10 PM,Athletics at Mariners,T-Mobile Park - Seattle,"Local TV: ROOTNW ----- Local Radio: Seattle Sports (710 AM)",03/30/25,03/30/25,04:10 PM,07:10 PM,FALSE,TRUE,03/30/25,12:10 PM,03:10 PM,FREE,BUSY
03/31/25,06:40 PM,09:40 PM,Tigers at Mariners,T-Mobile Park - Seattle,"Local TV: ROOTNW ----- Local Radio: Seattle Sports (710 AM)",03/31/25,04/01/25,09:40 PM,12:40 AM,FALSE,TRUE,03/31/25,05:40 PM,08:40 PM,FREE,BUSY
04/01/25,06:40 PM,09:40 PM,Tigers at Mariners,T-Mobile Park - Seattle,"Local TV: ROOTNW ----- Local Radio: Seattle Sports (710 AM)",04/01/25,04/02/25,09:40 PM,12:40 AM,FALSE,TRUE,04/01/25,05:40 PM,08:40 PM,FREE,BUSY
04/02/25,01:10 PM,04:10 PM,Tigers at Mariners,T-Mobile Park - Seattle,"Local TV: ROOTNW ----- Local Radio: Seattle Sports (710 AM)",04/02/25,04/02/25,04:10 PM,07:10 PM,FALSE,TRUE,04/02/25,12:10 PM,03:10 PM,FREE,BUSY
04/04/25,01:35 PM,04:35 PM,Mariners at Giants,Oracle Park - San Francisco,"Local TV: ROOTNW ----- Local Radio: Seattle Sports (710 AM)",04/04/25,04/04/25,04:35 PM,07:35 PM,FALSE,TRUE,04/04/25,12:35 PM,03:35 PM,FREE,BUSY
04/05/25,06:05 PM,09:05 PM,Mariners at Giants,Oracle Park - San Francisco,"Local TV: ROOTNW ----- Local Radio: Seattle Sports (710 AM)",04/05/25,04/06/25,09:05 PM,12:05 AM,FALSE,TRUE,04/05/25,05:05 PM,08:05 PM,FREE,BUSY
04/06/25,01:05 PM,04:05 PM,Mariners at Giants,Oracle Park - San Francisco,"Local TV: ROOTNW ----- Local Radio: Seattle Sports (710 AM)",04/06/25,04/06/25,04:05 PM,07:05 PM,FALSE,TRUE,04/06/25,12:05 PM,03:05 PM,FREE,BUSY
04/07/25,06:40 PM,09:40 PM,Astros at Mariners,T-Mobile Park - Seattle,"Local TV: ROOTNW ----- Local Radio: Seattle Sports (710 AM)",04/07/25,04/08/25,09:40 PM,12:40 AM,FALSE,TRUE,04/07/25,05:40 PM,08:40 PM,FREE,BUSY
04/08/25,06:40 PM,09:40 PM,Astros at Mariners,T-Mobile Park - Seattle,"Local TV: ROOTNW ----- Local Radio: Seattle Sports (710 AM)",04/08/25,04/09/25,09:40 PM,12:40 AM,FALSE,TRUE,04/08/25,05:40 PM,08:40 PM,FREE,BUSY
04/09/25,01:10 PM,04:10 PM,Astros at Mariners,T-Mobile Park - Seattle,"Local TV: ROOTNW ----- Local Radio: Seattle Sports (710 AM)",04/09/25,04/09/25,04:10 PM,07:10 PM,FALSE,TRUE,04/09/25,12:10 PM,03:10 PM,FREE,BUSY
04/11/25,06:40 PM,09:40 PM,Rangers at Mariners,T-Mobile Park - Seattle,"Local TV: ROOTNW ----- Local Radio: Seattle Sports (710 AM)",04/11/25,04/12/25,09:40 PM,12:40 AM,FALSE,TRUE,04/11/25,05:40 PM,08:40 PM,FREE,BUSY
04/12/25,06:40 PM,09:40 PM,Rangers at Mariners,T-Mobile Park - Seattle,"Local TV: ROOTNW ----- Local Radio: Seattle Sports (710 AM)",04/12/25,04/13/25,09:40 PM,12:40 AM,FALSE,TRUE,04/12/25,05:40 PM,08:40 PM,FREE,BUSY
04/13/25,01:10 PM,04:10 PM,Rangers at Mariners,T-Mobile Park - Seattle,"Local TV: ROOTNW ----- Local Radio: Seattle Sports (710 AM)",04/13/25,04/13/25,04:10 PM,07:10 PM,FALSE,TRUE,04/13/25,12:10 PM,03:10 PM,FREE,BUSY
04/15/25,03:40 PM,06:40 PM,Mariners at Reds,Great American Ball Park - Cincinnati,"Local TV: ROOTNW ----- Local Radio: Seattle Sports (710 AM)",04/15/25,04/15/25,06:40 PM,09:40 PM,FALSE,TRUE,04/15/25,02:40 PM,05:40 PM,FREE,BUSY
04/16/25,03:40 PM,06:40 PM,Mariners at Reds,Great American Ball Park - Cincinnati,"Local TV: ROOTNW- FS1 ----- Local Radio: Seattle Sports (710 AM)",04/16/25,04/16/25,06:40 PM,09:40 PM,FALSE,TRUE,04/16/25,02:40 PM,05:40 PM,FREE,BUSY
04/17/25,09:40 AM,12:40 PM,Mariners at Reds,Great American Ball Park - Cincinnati,"Local TV: ROOTNW- MLBN (out-of-market only) ----- Local Radio: Seattle Sports (710 AM)",04/17/25,04/17/25,12:40 PM,03:40 PM,FALSE,TRUE,04/17/25,08:40 AM,11:40 AM,FREE,BUSY
04/18/25,04:07 PM,07:07 PM,Mariners at Blue Jays,Rogers Centre - Toronto,"Local TV: Apple TV+ ----- Local Radio: Seattle Sports (710 AM)",04/18/25,04/18/25,07:07 PM,10:07 PM,FALSE,TRUE,04/18/25,03:07 PM,06:07 PM,FREE,BUSY
04/19/25,12:07 PM,03:07 PM,Mariners at Blue Jays,Rogers Centre - Toronto,"Local TV: ROOTNW ----- Local Radio: Seattle Sports (710 AM)",04/19/25,04/19/25,03:07 PM,06:07 PM,FALSE,TRUE,04/19/25,11:07 AM,02:07 PM,FREE,BUSY
04/20/25,10:37 AM,01:37 PM,Mariners at Blue Jays,Rogers Centre - Toronto,"Local TV: ROOTNW ----- Local Radio: Seattle Sports (710 AM)",04/20/25,04/20/25,01:37 PM,04:37 PM,FALSE,TRUE,04/20/25,09:37 AM,12:37 PM,FREE,BUSY
04/22/25,03:45 PM,06:45 PM,Mariners at Red Sox,Fenway Park - Boston,"Local TV: ROOTNW ----- Local Radio: Seattle Sports (710 AM)",04/22/25,04/22/25,06:45 PM,09:45 PM,FALSE,TRUE,04/22/25,02:45 PM,05:45 PM,FREE,BUSY
04/23/25,03:45 PM,06:45 PM,Mariners at Red Sox,Fenway Park - Boston,"Local TV: ROOTNW ----- Local Radio: Seattle Sports (710 AM)",04/23/25,04/23/25,06:45 PM,09:45 PM,FALSE,TRUE,04/23/25,02:45 PM,05:45 PM,FREE,BUSY
04/24/25,10:35 AM,01:35 PM,Mariners at Red Sox,Fenway Park - Boston,"Local TV: ROOTNW- MLBN (out-of-market only) ----- Local Radio: Seattle Sports (710 AM)",04/24/25,04/24/25,01:35 PM,04:35 PM,FALSE,TRUE,04/24/25,09:35 AM,12:35 PM,FREE,BUSY
04/25/25,06:40 PM,09:40 PM,Marlins at Mariners,T-Mobile Park - Seattle,"Local TV: ROOTNW ----- Local Radio: Seattle Sports (710 AM)",04/25/25,04/26/25,09:40 PM,12:40 AM,FALSE,TRUE,04/25/25,05:40 PM,08:40 PM,FREE,BUSY
04/26/25,06:40 PM,09:40 PM,Marlins at Mariners,T-Mobile Park - Seattle,"Local TV: ROOTNW ----- Local Radio: Seattle Sports (710 AM)",04/26/25,04/27/25,09:40 PM,12:40 AM,FALSE,TRUE,04/26/25,05:40 PM,08:40 PM,FREE,BUSY
04/27/25,01:10 PM,04:10 PM,Marlins at Mariners,T-Mobile Park - Seattle,"Local TV: ROOTNW ----- Local Radio: Seattle Sports (710 AM)",04/27/25,04/27/25,04:10 PM,07:10 PM,FALSE,TRUE,04/27/25,12:10 PM,03:10 PM,FREE,BUSY
04/29/25,06:40 PM,09:40 PM,Angels at Mariners,T-Mobile Park - Seattle,"Local TV: ROOTNW ----- Local Radio: Seattle Sports (710 AM)",04/29/25,04/30/25,09:40 PM,12:40 AM,FALSE,TRUE,04/29/25,05:40 PM,08:40 PM,FREE,BUSY
04/30/25,01:10 PM,04:10 PM,Angels at Mariners,T-Mobile Park - Seattle,"Local TV: ROOTNW ----- Local Radio: Seattle Sports (710 AM)",04/30/25,04/30/25,04:10 PM,07:10 PM,FALSE,TRUE,04/30/25,12:10 PM,03:10 PM,FREE,BUSY
05/02/25,05:05 PM,08:05 PM,Mariners at Rangers,Globe Life Field - Arlington,"Local TV: ROOTNW ----- Local Radio: Seattle Sports (710 AM)",05/02/25,05/02/25,08:05 PM,11:05 PM,FALSE,TRUE,05/02/25,04:05 PM,07:05 PM,FREE,BUSY
05/03/25,04:05 PM,07:05 PM,Mariners at Rangers,Globe Life Field - Arlington,"Local TV: ROOTNW ----- Local Radio: Seattle Sports (710 AM)",05/03/25,05/03/25,07:05 PM,10:05 PM,FALSE,TRUE,05/03/25,03:05 PM,06:05 PM,FREE,BUSY
05/04/25,11:35 AM,02:35 PM,Mariners at Rangers,Globe Life Field - Arlington,"Local TV: ROOTNW ----- Local Radio: Seattle Sports (710 AM)",05/04/25,05/04/25,02:35 PM,05:35 PM,FALSE,TRUE,05/04/25,10:35 AM,01:35 PM,FREE,BUSY
05/05/25,07:05 PM,10:05 PM,Mariners at Athletics,Sutter Health Park - Sacramento,"Local TV: ROOTNW ----- Local Radio: Seattle Sports (710 AM)",05/05/25,05/06/25,10:05 PM,01:05 AM,FALSE,TRUE,05/05/25,06:05 PM,09:05 PM,FREE,BUSY
05/06/25,07:05 PM,10:05 PM,Mariners at Athletics,Sutter Health Park - Sacramento,"Local TV: ROOTNW ----- Local Radio: Seattle Sports (710 AM)",05/06/25,05/07/25,10:05 PM,01:05 AM,FALSE,TRUE,05/06/25,06:05 PM,09:05 PM,FREE,BUSY
05/07/25,12:35 PM,03:35 PM,Mariners at Athletics,Sutter Health Park - Sacramento,"Local TV: ROOTNW ----- Local Radio: Seattle Sports (710 AM)",05/07/25,05/07/25,03:35 PM,06:35 PM,FALSE,TRUE,05/07/25,11:35 AM,02:35 PM,FREE,BUSY
05/09/25,06:40 PM,09:40 PM,Blue Jays at Mariners,T-Mobile Park - Seattle,"Local TV: ROOTNW ----- Local Radio: Seattle Sports (710 AM)",05/09/25,05/10/25,09:40 PM,12:40 AM,FALSE,TRUE,05/09/25,05:40 PM,08:40 PM,FREE,BUSY
05/10/25,06:40 PM,09:40 PM,Blue Jays at Mariners,T-Mobile Park - Seattle,"Local TV: ROOTNW- MLBN (out-of-market only) ----- Local Radio: Seattle Sports (710 AM)",05/10/25,05/11/25,09:40 PM,12:40 AM,FALSE,TRUE,05/10/25,05:40 PM,08:40 PM,FREE,BUSY
05/11/25,01:10 PM,04:10 PM,Blue Jays at Mariners,T-Mobile Park - Seattle,"Local TV: ROOTNW ----- Local Radio: Seattle Sports (710 AM)",05/11/25,05/11/25,04:10 PM,07:10 PM,FALSE,TRUE,05/11/25,12:10 PM,03:10 PM,FREE,BUSY
05/12/25,06:40 PM,09:40 PM,Yankees at Mariners,T-Mobile Park - Seattle,"Local TV: ROOTNW ----- Local Radio: Seattle Sports (710 AM)",05/12/25,05/13/25,09:40 PM,12:40 AM,FALSE,TRUE,05/12/25,05:40 PM,08:40 PM,FREE,BUSY
05/13/25,06:40 PM,09:40 PM,Yankees at Mariners,T-Mobile Park - Seattle,"Local TV: ROOTNW- MLBN (out-of-market only) ----- Local Radio: Seattle Sports (710 AM)",05/13/25,05/14/25,09:40 PM,12:40 AM,FALSE,TRUE,05/13/25,05:40 PM,08:40 PM,FREE,BUSY
05/14/25,01:10 PM,04:10 PM,Yankees at Mariners,T-Mobile Park - Seattle,"Local TV: ROOTNW- MLBN (out-of-market only) ----- Local Radio: Seattle Sports (710 AM)",05/14/25,05/14/25,04:10 PM,07:10 PM,FALSE,TRUE,05/14/25,12:10 PM,03:10 PM,FREE,BUSY
05/16/25,06:40 PM,09:40 PM,Mariners at Padres,Petco Park - San Diego,"Local TV: Apple TV+ ----- Local Radio: Seattle Sports (710 AM)",05/16/25,05/17/25,09:40 PM,12:40 AM,FALSE,TRUE,05/16/25,05:40 PM,08:40 PM,FREE,BUSY
05/17/25,05:40 PM,08:40 PM,Mariners at Padres,Petco Park - San Diego,"Local TV: ROOTNW ----- Local Radio: Seattle Sports (710 AM)",05/17/25,05/17/25,08:40 PM,11:40 PM,FALSE,TRUE,05/17/25,04:40 PM,07:40 PM,FREE,BUSY
05/18/25,01:10 PM,04:10 PM,Mariners at Padres,Petco Park - San Diego,"Local TV: ROOTNW ----- Local Radio: Seattle Sports (710 AM)",05/18/25,05/18/25,04:10 PM,07:10 PM,FALSE,TRUE,05/18/25,12:10 PM,03:10 PM,FREE,BUSY
05/19/25,04:40 PM,07:40 PM,Mariners at White Sox,Rate Field - Chicago,"Local TV: ROOTNW ----- Local Radio: Seattle Sports (710 AM)",05/19/25,05/19/25,07:40 PM,10:40 PM,FALSE,TRUE,05/19/25,03:40 PM,06:40 PM,FREE,BUSY
05/20/25,04:40 PM,07:40 PM,Mariners at White Sox,Rate Field - Chicago,"Local TV: ROOTNW ----- Local Radio: Seattle Sports (710 AM)",05/20/25,05/20/25,07:40 PM,10:40 PM,FALSE,TRUE,05/20/25,03:40 PM,06:40 PM,FREE,BUSY
05/21/25,11:10 AM,02:10 PM,Mariners at White Sox,Rate Field - Chicago,"Local TV: ROOTNW ----- Local Radio: Seattle Sports (710 AM)",05/21/25,05/21/25,02:10 PM,05:10 PM,FALSE,TRUE,05/21/25,10:10 AM,01:10 PM,FREE,BUSY
05/22/25,05:10 PM,08:10 PM,Mariners at Astros,Daikin Park - Houston,"Local TV: ROOTNW ----- Local Radio: Seattle Sports (710 AM)",05/22/25,05/22/25,08:10 PM,11:10 PM,FALSE,TRUE,05/22/25,04:10 PM,07:10 PM,FREE,BUSY
05/23/25,05:10 PM,08:10 PM,Mariners at Astros,Daikin Park - Houston,"Local TV: ROOTNW ----- Local Radio: Seattle Sports (710 AM)",05/23/25,05/23/25,08:10 PM,11:10 PM,FALSE,TRUE,05/23/25,04:10 PM,07:10 PM,FREE,BUSY
05/24/25,01:10 PM,04:10 PM,Mariners at Astros,Daikin Park - Houston,"Local TV: ROOTNW ----- Local Radio: Seattle Sports (710 AM)",05/24/25,05/24/25,04:10 PM,07:10 PM,FALSE,TRUE,05/24/25,12:10 PM,03:10 PM,FREE,BUSY
05/25/25,11:10 AM,02:10 PM,Mariners at Astros,Daikin Park - Houston,"Local TV: ROOTNW ----- Local Radio: Seattle Sports (710 AM)",05/25/25,05/25/25,02:10 PM,05:10 PM,FALSE,TRUE,05/25/25,10:10 AM,01:10 PM,FREE,BUSY
05/27/25,06:40 PM,09:40 PM,Nationals at Mariners,T-Mobile Park - Seattle,"Local TV: ROOTNW- MLBN (out-of-market only) ----- Local Radio: Seattle Sports (710 AM)",05/27/25,05/28/25,09:40 PM,12:40 AM,FALSE,TRUE,05/27/25,05:40 PM,08:40 PM,FREE,BUSY
05/28/25,06:40 PM,09:40 PM,Nationals at Mariners,T-Mobile Park - Seattle,"Local TV: ROOTNW ----- Local Radio: Seattle Sports (710 AM)",05/28/25,05/29/25,09:40 PM,12:40 AM,FALSE,TRUE,05/28/25,05:40 PM,08:40 PM,FREE,BUSY
05/29/25,06:40 PM,09:40 PM,Nationals at Mariners,T-Mobile Park - Seattle,"Local TV: ROOTNW- FS1 ----- Local Radio: Seattle Sports (710 AM)",05/29/25,05/30/25,09:40 PM,12:40 AM,FALSE,TRUE,05/29/25,05:40 PM,08:40 PM,FREE,BUSY
05/30/25,07:10 PM,10:10 PM,Twins at Mariners,T-Mobile Park - Seattle,"Local TV: ROOTNW ----- Local Radio: Seattle Sports (710 AM)",05/30/25,05/31/25,10:10 PM,01:10 AM,FALSE,TRUE,05/30/25,06:10 PM,09:10 PM,FREE,BUSY
05/31/25,04:15 PM,07:15 PM,Twins at Mariners,T-Mobile Park - Seattle,"Local TV: FOX ----- Local Radio: Seattle Sports (710 AM)",05/31/25,05/31/25,07:15 PM,10:15 PM,FALSE,TRUE,05/31/25,03:15 PM,06:15 PM,FREE,BUSY
06/01/25,01:10 PM,04:10 PM,Twins at Mariners,T-Mobile Park - Seattle,"Local TV: ROOTNW ----- Local Radio: Seattle Sports (710 AM)",06/01/25,06/01/25,04:10 PM,07:10 PM,FALSE,TRUE,06/01/25,12:10 PM,03:10 PM,FREE,BUSY
06/03/25,06:40 PM,09:40 PM,Orioles at Mariners,T-Mobile Park - Seattle,"Local TV: ROOTNW ----- Local Radio: Seattle Sports (710 AM)",06/03/25,06/04/25,09:40 PM,12:40 AM,FALSE,TRUE,06/03/25,05:40 PM,08:40 PM,FREE,BUSY
06/04/25,06:40 PM,09:40 PM,Orioles at Mariners,T-Mobile Park - Seattle,"Local TV: ROOTNW ----- Local Radio: Seattle Sports (710 AM)",06/04/25,06/05/25,09:40 PM,12:40 AM,FALSE,TRUE,06/04/25,05:40 PM,08:40 PM,FREE,BUSY
06/05/25,12:40 PM,03:40 PM,Orioles at Mariners,T-Mobile Park - Seattle,"Local TV: ROOTNW ----- Local Radio: Seattle Sports (710 AM)",06/05/25,06/05/25,03:40 PM,06:40 PM,FALSE,TRUE,06/05/25,11:40 AM,02:40 PM,FREE,BUSY
06/06/25,06:38 PM,09:38 PM,Mariners at Angels,Angel Stadium - Anaheim,"Local TV: ROOTNW ----- Local Radio: Seattle Sports (710 AM)",06/06/25,06/07/25,09:38 PM,12:38 AM,FALSE,TRUE,06/06/25,05:38 PM,08:38 PM,FREE,BUSY
06/07/25,06:38 PM,09:38 PM,Mariners at Angels,Angel Stadium - Anaheim,"Local TV: ROOTNW ----- Local Radio: Seattle Sports (710 AM)",06/07/25,06/08/25,09:38 PM,12:38 AM,FALSE,TRUE,06/07/25,05:38 PM,08:38 PM,FREE,BUSY
06/08/25,01:07 PM,04:07 PM,Mariners at Angels,Angel Stadium - Anaheim,"Local TV: ROOTNW ----- Local Radio: Seattle Sports (710 AM)",06/08/25,06/08/25,04:07 PM,07:07 PM,FALSE,TRUE,06/08/25,12:07 PM,03:07 PM,FREE,BUSY
06/09/25,06:40 PM,09:40 PM,Mariners at D-backs,Chase Field - Phoenix,"Local TV: FS1- ROOTNW ----- Local Radio: Seattle Sports (710 AM)",06/09/25,06/10/25,09:40 PM,12:40 AM,FALSE,TRUE,06/09/25,05:40 PM,08:40 PM,FREE,BUSY
06/10/25,06:40 PM,09:40 PM,Mariners at D-backs,Chase Field - Phoenix,"Local TV: ROOTNW ----- Local Radio: Seattle Sports (710 AM)",06/10/25,06/11/25,09:40 PM,12:40 AM,FALSE,TRUE,06/10/25,05:40 PM,08:40 PM,FREE,BUSY
06/11/25,12:40 PM,03:40 PM,Mariners at D-backs,Chase Field - Phoenix,"Local TV: ROOTNW ----- Local Radio: Seattle Sports (710 AM)",06/11/25,06/11/25,03:40 PM,06:40 PM,FALSE,TRUE,06/11/25,11:40 AM,02:40 PM,FREE,BUSY
06/13/25,07:10 PM,10:10 PM,Guardians at Mariners,T-Mobile Park - Seattle,"Local TV: ROOTNW ----- Local Radio: Seattle Sports (710 AM)",06/13/25,06/14/25,10:10 PM,01:10 AM,FALSE,TRUE,06/13/25,06:10 PM,09:10 PM,FREE,BUSY
06/14/25,06:40 PM,09:40 PM,Guardians at Mariners,T-Mobile Park - Seattle,"Local TV: ROOTNW ----- Local Radio: Seattle Sports (710 AM)",06/14/25,06/15/25,09:40 PM,12:40 AM,FALSE,TRUE,06/14/25,05:40 PM,08:40 PM,FREE,BUSY
06/15/25,01:10 PM,04:10 PM,Guardians at Mariners,T-Mobile Park - Seattle,"Local TV: ROOTNW- MLBN (out-of-market only) ----- Local Radio: Seattle Sports (710 AM)",06/15/25,06/15/25,04:10 PM,07:10 PM,FALSE,TRUE,06/15/25,12:10 PM,03:10 PM,FREE,BUSY
06/16/25,06:40 PM,09:40 PM,Red Sox at Mariners,T-Mobile Park - Seattle,"Local TV: ROOTNW ----- Local Radio: Seattle Sports (710 AM)",06/16/25,06/17/25,09:40 PM,12:40 AM,FALSE,TRUE,06/16/25,05:40 PM,08:40 PM,FREE,BUSY
06/17/25,06:40 PM,09:40 PM,Red Sox at Mariners,T-Mobile Park - Seattle,"Local TV: ROOTNW ----- Local Radio: Seattle Sports (710 AM)",06/17/25,06/18/25,09:40 PM,12:40 AM,FALSE,TRUE,06/17/25,05:40 PM,08:40 PM,FREE,BUSY
06/18/25,01:10 PM,04:10 PM,Red Sox at Mariners,T-Mobile Park - Seattle,"Local TV: ROOTNW- MLBN (out-of-market only) ----- Local Radio: Seattle Sports (710 AM)",06/18/25,06/18/25,04:10 PM,07:10 PM,FALSE,TRUE,06/18/25,12:10 PM,03:10 PM,FREE,BUSY
06/20/25,11:20 AM,02:20 PM,Mariners at Cubs,Wrigley Field - Chicago,"Local TV: ROOTNW- MLBN (out-of-market only) ----- Local Radio: Seattle Sports (710 AM)",06/20/25,06/20/25,02:20 PM,05:20 PM,FALSE,TRUE,06/20/25,10:20 AM,01:20 PM,FREE,BUSY
06/21/25,11:20 AM,02:20 PM,Mariners at Cubs,Wrigley Field - Chicago,"Local TV: ROOTNW ----- Local Radio: Seattle Sports (710 AM)",06/21/25,06/21/25,02:20 PM,05:20 PM,FALSE,TRUE,06/21/25,10:20 AM,01:20 PM,FREE,BUSY
06/22/25,11:20 AM,02:20 PM,Mariners at Cubs,Wrigley Field - Chicago,"Local TV: ROOTNW ----- Local Radio: Seattle Sports (710 AM)",06/22/25,06/22/25,02:20 PM,05:20 PM,FALSE,TRUE,06/22/25,10:20 AM,01:20 PM,FREE,BUSY
06/23/25,04:40 PM,07:40 PM,Mariners at Twins,Target Field - Minneapolis,"Local TV: ROOTNW- FS1 ----- Local Radio: Seattle Sports (710 AM)",06/23/25,06/23/25,07:40 PM,10:40 PM,FALSE,TRUE,06/23/25,03:40 PM,06:40 PM,FREE,BUSY
06/24/25,04:40 PM,07:40 PM,Mariners at Twins,Target Field - Minneapolis,"Local TV: ROOTNW ----- Local Radio: Seattle Sports (710 AM)",06/24/25,06/24/25,07:40 PM,10:40 PM,FALSE,TRUE,06/24/25,03:40 PM,06:40 PM,FREE,BUSY
06/25/25,04:40 PM,07:40 PM,Mariners at Twins,Target Field - Minneapolis,"Local TV: ROOTNW ----- Local Radio: Seattle Sports (710 AM)",06/25/25,06/25/25,07:40 PM,10:40 PM,FALSE,TRUE,06/25/25,03:40 PM,06:40 PM,FREE,BUSY
06/26/25,10:10 AM,01:10 PM,Mariners at Twins,Target Field - Minneapolis,"Local TV: ROOTNW- MLBN (out-of-market only) ----- Local Radio: Seattle Sports (710 AM)",06/26/25,06/26/25,01:10 PM,04:10 PM,FALSE,TRUE,06/26/25,09:10 AM,12:10 PM,FREE,BUSY
06/27/25,05:05 PM,08:05 PM,Mariners at Rangers,Globe Life Field - Arlington,"Local TV: ROOTNW ----- Local Radio: Seattle Sports (710 AM)",06/27/25,06/27/25,08:05 PM,11:05 PM,FALSE,TRUE,06/27/25,04:05 PM,07:05 PM,FREE,BUSY
06/28/25,01:05 PM,04:05 PM,Mariners at Rangers,Globe Life Field - Arlington,"Local TV: ROOTNW- FS1 ----- Local Radio: Seattle Sports (710 AM)",06/28/25,06/28/25,04:05 PM,07:05 PM,FALSE,TRUE,06/28/25,12:05 PM,03:05 PM,FREE,BUSY
06/29/25,11:35 AM,02:35 PM,Mariners at Rangers,Globe Life Field - Arlington,"Local TV: ROOTNW ----- Local Radio: Seattle Sports (710 AM)",06/29/25,06/29/25,02:35 PM,05:35 PM,FALSE,TRUE,06/29/25,10:35 AM,01:35 PM,FREE,BUSY
06/30/25,06:40 PM,09:40 PM,Royals at Mariners,T-Mobile Park - Seattle,"Local TV: ROOTNW ----- Local Radio: Seattle Sports (710 AM)",06/30/25,07/01/25,09:40 PM,12:40 AM,FALSE,TRUE,06/30/25,05:40 PM,08:40 PM,FREE,BUSY
07/01/25,06:40 PM,09:40 PM,Royals at Mariners,T-Mobile Park - Seattle,"Local TV: ROOTNW ----- Local Radio: Seattle Sports (710 AM)",07/01/25,07/02/25,09:40 PM,12:40 AM,FALSE,TRUE,07/01/25,05:40 PM,08:40 PM,FREE,BUSY
07/02/25,06:40 PM,09:40 PM,Royals at Mariners,T-Mobile Park - Seattle,"Local TV: ROOTNW ----- Local Radio: Seattle Sports (710 AM)",07/02/25,07/03/25,09:40 PM,12:40 AM,FALSE,TRUE,07/02/25,05:40 PM,08:40 PM,FREE,BUSY
07/03/25,07:10 PM,10:10 PM,Royals at Mariners,T-Mobile Park - Seattle,"Local TV: ROOTNW ----- Local Radio: Seattle Sports (710 AM)",07/03/25,07/04/25,10:10 PM,01:10 AM,FALSE,TRUE,07/03/25,06:10 PM,09:10 PM,FREE,BUSY
07/04/25,01:10 PM,04:10 PM,Pirates at Mariners,T-Mobile Park - Seattle,"Local TV: ROOTNW ----- Local Radio: Seattle Sports (710 AM)",07/04/25,07/04/25,04:10 PM,07:10 PM,FALSE,TRUE,07/04/25,12:10 PM,03:10 PM,FREE,BUSY
07/05/25,07:10 PM,10:10 PM,Pirates at Mariners,T-Mobile Park - Seattle,"Local TV: ROOTNW- FS1 ----- Local Radio: Seattle Sports (710 AM)",07/05/25,07/06/25,10:10 PM,01:10 AM,FALSE,TRUE,07/05/25,06:10 PM,09:10 PM,FREE,BUSY
07/06/25,01:10 PM,04:10 PM,Pirates at Mariners,T-Mobile Park - Seattle,"Local TV: ROOTNW ----- Local Radio: Seattle Sports (710 AM)",07/06/25,07/06/25,04:10 PM,07:10 PM,FALSE,TRUE,07/06/25,12:10 PM,03:10 PM,FREE,BUSY
07/08/25,04:05 PM,07:05 PM,Mariners at Yankees,Yankee Stadium - Bronx,"Local TV: ROOTNW ----- Local Radio: Seattle Sports (710 AM)",07/08/25,07/08/25,07:05 PM,10:05 PM,FALSE,TRUE,07/08/25,03:05 PM,06:05 PM,FREE,BUSY
07/09/25,04:05 PM,07:05 PM,Mariners at Yankees,Yankee Stadium - Bronx,"Local TV: ROOTNW ----- Local Radio: Seattle Sports (710 AM)",07/09/25,07/09/25,07:05 PM,10:05 PM,FALSE,TRUE,07/09/25,03:05 PM,06:05 PM,FREE,BUSY
07/10/25,04:05 PM,07:05 PM,Mariners at Yankees,Yankee Stadium - Bronx,"Local TV: ROOTNW- MLBN (out-of-market only) ----- Local Radio: Seattle Sports (710 AM)",07/10/25,07/10/25,07:05 PM,10:05 PM,FALSE,TRUE,07/10/25,03:05 PM,06:05 PM,FREE,BUSY
07/11/25,04:10 PM,07:10 PM,Mariners at Tigers,Comerica Park - Detroit,"Local TV: Apple TV+ ----- Local Radio: Seattle Sports (710 AM)",07/11/25,07/11/25,07:10 PM,10:10 PM,FALSE,TRUE,07/11/25,03:10 PM,06:10 PM,FREE,BUSY
07/12/25,10:10 AM,01:10 PM,Mariners at Tigers,Comerica Park - Detroit,"Local TV: ROOTNW- MLBN (out-of-market only) ----- Local Radio: Seattle Sports (710 AM)",07/12/25,07/12/25,01:10 PM,04:10 PM,FALSE,TRUE,07/12/25,09:10 AM,12:10 PM,FREE,BUSY
07/13/25,10:40 AM,01:40 PM,Mariners at Tigers,Comerica Park - Detroit,"Local TV: ROOTNW ----- Local Radio: Seattle Sports (710 AM)",07/13/25,07/13/25,01:40 PM,04:40 PM,FALSE,TRUE,07/13/25,09:40 AM,12:40 PM,FREE,BUSY
07/18/25,07:10 PM,10:10 PM,Astros at Mariners,T-Mobile Park - Seattle,"Local TV: ROOTNW ----- Local Radio: Seattle Sports (710 AM)",07/18/25,07/19/25,10:10 PM,01:10 AM,FALSE,TRUE,07/18/25,06:10 PM,09:10 PM,FREE,BUSY
07/19/25,06:40 PM,09:40 PM,Astros at Mariners,T-Mobile Park - Seattle,"Local TV: ROOTNW- MLBN (out-of-market only) ----- Local Radio: Seattle Sports (710 AM)",07/19/25,07/20/25,09:40 PM,12:40 AM,FALSE,TRUE,07/19/25,05:40 PM,08:40 PM,FREE,BUSY
07/20/25,01:10 PM,04:10 PM,Astros at Mariners,T-Mobile Park - Seattle,"Local TV: ROOTNW ----- Local Radio: Seattle Sports (710 AM)",07/20/25,07/20/25,04:10 PM,07:10 PM,FALSE,TRUE,07/20/25,12:10 PM,03:10 PM,FREE,BUSY
07/21/25,06:40 PM,09:40 PM,Brewers at Mariners,T-Mobile Park - Seattle,"Local TV: ROOTNW ----- Local Radio: Seattle Sports (710 AM)",07/21/25,07/22/25,09:40 PM,12:40 AM,FALSE,TRUE,07/21/25,05:40 PM,08:40 PM,FREE,BUSY
07/22/25,06:40 PM,09:40 PM,Brewers at Mariners,T-Mobile Park - Seattle,"Local TV: ROOTNW- MLBN (out-of-market only) ----- Local Radio: Seattle Sports (710 AM)",07/22/25,07/23/25,09:40 PM,12:40 AM,FALSE,TRUE,07/22/25,05:40 PM,08:40 PM,FREE,BUSY
07/23/25,12:40 PM,03:40 PM,Brewers at Mariners,T-Mobile Park - Seattle,"Local TV: ROOTNW ----- Local Radio: Seattle Sports (710 AM)",07/23/25,07/23/25,03:40 PM,06:40 PM,FALSE,TRUE,07/23/25,11:40 AM,02:40 PM,FREE,BUSY
07/24/25,06:38 PM,09:38 PM,Mariners at Angels,Angel Stadium - Anaheim,"Local TV: ROOTNW- MLBN (out-of-market only) ----- Local Radio: Seattle Sports (710 AM)",07/24/25,07/25/25,09:38 PM,12:38 AM,FALSE,TRUE,07/24/25,05:38 PM,08:38 PM,FREE,BUSY
07/25/25,06:38 PM,09:38 PM,Mariners at Angels,Angel Stadium - Anaheim,"Local TV: ROOTNW ----- Local Radio: Seattle Sports (710 AM)",07/25/25,07/26/25,09:38 PM,12:38 AM,FALSE,TRUE,07/25/25,05:38 PM,08:38 PM,FREE,BUSY
07/26/25,06:38 PM,09:38 PM,Mariners at Angels,Angel Stadium - Anaheim,"Local TV: ROOTNW- MLBN (out-of-market only) ----- Local Radio: Seattle Sports (710 AM)",07/26/25,07/27/25,09:38 PM,12:38 AM,FALSE,TRUE,07/26/25,05:38 PM,08:38 PM,FREE,BUSY
07/27/25,01:07 PM,04:07 PM,Mariners at Angels,Angel Stadium - Anaheim,"Local TV: Roku ----- Local Radio: Seattle Sports (710 AM)",07/27/25,07/27/25,04:07 PM,07:07 PM,FALSE,TRUE,07/27/25,12:07 PM,03:07 PM,FREE,BUSY
07/28/25,07:05 PM,10:05 PM,Mariners at Athletics,Sutter Health Park - Sacramento,"Local TV: ROOTNW ----- Local Radio: Seattle Sports (710 AM)",07/28/25,07/29/25,10:05 PM,01:05 AM,FALSE,TRUE,07/28/25,06:05 PM,09:05 PM,FREE,BUSY
07/29/25,07:05 PM,10:05 PM,Mariners at Athletics,Sutter Health Park - Sacramento,"Local TV: ROOTNW ----- Local Radio: Seattle Sports (710 AM)",07/29/25,07/30/25,10:05 PM,01:05 AM,FALSE,TRUE,07/29/25,06:05 PM,09:05 PM,FREE,BUSY
07/30/25,07:05 PM,10:05 PM,Mariners at Athletics,Sutter Health Park - Sacramento,"Local TV: ROOTNW- MLBN (out-of-market only) ----- Local Radio: Seattle Sports (710 AM)",07/30/25,07/31/25,10:05 PM,01:05 AM,FALSE,TRUE,07/30/25,06:05 PM,09:05 PM,FREE,BUSY
07/31/25,06:40 PM,09:40 PM,Rangers at Mariners,T-Mobile Park - Seattle,"Local TV: ROOTNW ----- Local Radio: Seattle Sports (710 AM)",07/31/25,08/01/25,09:40 PM,12:40 AM,FALSE,TRUE,07/31/25,05:40 PM,08:40 PM,FREE,BUSY
08/01/25,07:10 PM,10:10 PM,Rangers at Mariners,T-Mobile Park - Seattle,"Local TV: ROOTNW ----- Local Radio: Seattle Sports (710 AM)",08/01/25,08/02/25,10:10 PM,01:10 AM,FALSE,TRUE,08/01/25,06:10 PM,09:10 PM,FREE,BUSY
08/02/25,01:10 PM,04:10 PM,Rangers at Mariners,T-Mobile Park - Seattle,"Local TV: ROOTNW ----- Local Radio: Seattle Sports (710 AM)",08/02/25,08/02/25,04:10 PM,07:10 PM,FALSE,TRUE,08/02/25,12:10 PM,03:10 PM,FREE,BUSY
08/03/25,01:10 PM,04:10 PM,Rangers at Mariners,T-Mobile Park - Seattle,"Local TV: ROOTNW ----- Local Radio: Seattle Sports (710 AM)",08/03/25,08/03/25,04:10 PM,07:10 PM,FALSE,TRUE,08/03/25,12:10 PM,03:10 PM,FREE,BUSY
08/05/25,06:40 PM,09:40 PM,White Sox at Mariners,T-Mobile Park - Seattle,"Local TV: ROOTNW ----- Local Radio: Seattle Sports (710 AM)",08/05/25,08/06/25,09:40 PM,12:40 AM,FALSE,TRUE,08/05/25,05:40 PM,08:40 PM,FREE,BUSY
08/06/25,06:40 PM,09:40 PM,White Sox at Mariners,T-Mobile Park - Seattle,"Local TV: ROOTNW- MLBN (out-of-market only) ----- Local Radio: Seattle Sports (710 AM)",08/06/25,08/07/25,09:40 PM,12:40 AM,FALSE,TRUE,08/06/25,05:40 PM,08:40 PM,FREE,BUSY
08/07/25,01:10 PM,04:10 PM,White Sox at Mariners,T-Mobile Park - Seattle,"Local TV: ROOTNW- MLBN (out-of-market only) ----- Local Radio: Seattle Sports (710 AM)",08/07/25,08/07/25,04:10 PM,07:10 PM,FALSE,TRUE,08/07/25,12:10 PM,03:10 PM,FREE,BUSY
08/08/25,06:40 PM,09:40 PM,Rays at Mariners,T-Mobile Park - Seattle,"Local TV: ROOTNW ----- Local Radio: Seattle Sports (710 AM)",08/08/25,08/09/25,09:40 PM,12:40 AM,FALSE,TRUE,08/08/25,05:40 PM,08:40 PM,FREE,BUSY
08/09/25,06:40 PM,09:40 PM,Rays at Mariners,T-Mobile Park - Seattle,"Local TV: ROOTNW- MLBN (out-of-market only) ----- Local Radio: Seattle Sports (710 AM)",08/09/25,08/10/25,09:40 PM,12:40 AM,FALSE,TRUE,08/09/25,05:40 PM,08:40 PM,FREE,BUSY
08/10/25,01:10 PM,04:10 PM,Rays at Mariners,T-Mobile Park - Seattle,"Local TV: ROOTNW ----- Local Radio: Seattle Sports (710 AM)",08/10/25,08/10/25,04:10 PM,07:10 PM,FALSE,TRUE,08/10/25,12:10 PM,03:10 PM,FREE,BUSY
08/12/25,03:35 PM,06:35 PM,Mariners at Orioles,Oriole Park at Camden Yards - Baltimore,"Local TV: ROOTNW ----- Local Radio: Seattle Sports (710 AM)",08/12/25,08/12/25,06:35 PM,09:35 PM,FALSE,TRUE,08/12/25,02:35 PM,05:35 PM,FREE,BUSY
08/13/25,03:35 PM,06:35 PM,Mariners at Orioles,Oriole Park at Camden Yards - Baltimore,"Local TV: ROOTNW ----- Local Radio: Seattle Sports (710 AM)",08/13/25,08/13/25,06:35 PM,09:35 PM,FALSE,TRUE,08/13/25,02:35 PM,05:35 PM,FREE,BUSY
08/14/25,10:05 AM,01:05 PM,Mariners at Orioles,Oriole Park at Camden Yards - Baltimore,"Local TV: ROOTNW- MLBN (out-of-market only) ----- Local Radio: Seattle Sports (710 AM)",08/14/25,08/14/25,01:05 PM,04:05 PM,FALSE,TRUE,08/14/25,09:05 AM,12:05 PM,FREE,BUSY
08/15/25,04:10 PM,07:10 PM,Mariners at Mets,Citi Field - Flushing,"Local TV: ROOTNW- MLBN (out-of-market only) ----- Local Radio: Seattle Sports (710 AM)",08/15/25,08/15/25,07:10 PM,10:10 PM,FALSE,TRUE,08/15/25,03:10 PM,06:10 PM,FREE,BUSY
08/16/25,01:10 PM,04:10 PM,Mariners at Mets,Citi Field - Flushing,"Local TV: ROOTNW ----- Local Radio: Seattle Sports (710 AM)",08/16/25,08/16/25,04:10 PM,07:10 PM,FALSE,TRUE,08/16/25,12:10 PM,03:10 PM,FREE,BUSY
08/17/25,04:10 PM,07:10 PM,Mariners at Mets,Journey Bank Ballpark - Williamsport,"Local TV: ESPN ----- Local Radio: Seattle Sports (710 AM)",08/17/25,08/17/25,07:10 PM,10:10 PM,FALSE,TRUE,08/17/25,03:10 PM,06:10 PM,FREE,BUSY
08/18/25,03:45 PM,06:45 PM,Mariners at Phillies,Citizens Bank Park - Philadelphia,"Local TV: ROOTNW- MLBN (out-of-market only) ----- Local Radio: Seattle Sports (710 AM)",08/18/25,08/18/25,06:45 PM,09:45 PM,FALSE,TRUE,08/18/25,02:45 PM,05:45 PM,FREE,BUSY
08/19/25,03:45 PM,06:45 PM,Mariners at Phillies,Citizens Bank Park - Philadelphia,"Local TV: ROOTNW ----- Local Radio: Seattle Sports (710 AM)",08/19/25,08/19/25,06:45 PM,09:45 PM,FALSE,TRUE,08/19/25,02:45 PM,05:45 PM,FREE,BUSY
08/20/25,10:05 AM,01:05 PM,Mariners at Phillies,Citizens Bank Park - Philadelphia,"Local TV: ROOTNW- MLBN (out-of-market only) ----- Local Radio: Seattle Sports (710 AM)",08/20/25,08/20/25,01:05 PM,04:05 PM,FALSE,TRUE,08/20/25,09:05 AM,12:05 PM,FREE,BUSY
08/22/25,07:10 PM,10:10 PM,Athletics at Mariners,T-Mobile Park - Seattle,"Local TV: ROOTNW ----- Local Radio: Seattle Sports (710 AM)",08/22/25,08/23/25,10:10 PM,01:10 AM,FALSE,TRUE,08/22/25,06:10 PM,09:10 PM,FREE,BUSY
08/23/25,06:40 PM,09:40 PM,Athletics at Mariners,T-Mobile Park - Seattle,"Local TV: ROOTNW ----- Local Radio: Seattle Sports (710 AM)",08/23/25,08/24/25,09:40 PM,12:40 AM,FALSE,TRUE,08/23/25,05:40 PM,08:40 PM,FREE,BUSY
08/24/25,01:10 PM,04:10 PM,Athletics at Mariners,T-Mobile Park - Seattle,"Local TV: ROOTNW ----- Local Radio: Seattle Sports (710 AM)",08/24/25,08/24/25,04:10 PM,07:10 PM,FALSE,TRUE,08/24/25,12:10 PM,03:10 PM,FREE,BUSY
08/25/25,06:40 PM,09:40 PM,Padres at Mariners,T-Mobile Park - Seattle,"Local TV: ROOTNW ----- Local Radio: Seattle Sports (710 AM)",08/25/25,08/26/25,09:40 PM,12:40 AM,FALSE,TRUE,08/25/25,05:40 PM,08:40 PM,FREE,BUSY
08/26/25,06:40 PM,09:40 PM,Padres at Mariners,T-Mobile Park - Seattle,"Local TV: ROOTNW ----- Local Radio: Seattle Sports (710 AM)",08/26/25,08/27/25,09:40 PM,12:40 AM,FALSE,TRUE,08/26/25,05:40 PM,08:40 PM,FREE,BUSY
08/27/25,01:10 PM,04:10 PM,Padres at Mariners,T-Mobile Park - Seattle,"Local TV: ROOTNW- MLBN (out-of-market only) ----- Local Radio: Seattle Sports (710 AM)",08/27/25,08/27/25,04:10 PM,07:10 PM,FALSE,TRUE,08/27/25,12:10 PM,03:10 PM,FREE,BUSY
08/29/25,04:10 PM,07:10 PM,Mariners at Guardians,Progressive Field - Cleveland,"Local TV: ROOTNW ----- Local Radio: Seattle Sports (710 AM)",08/29/25,08/29/25,07:10 PM,10:10 PM,FALSE,TRUE,08/29/25,03:10 PM,06:10 PM,FREE,BUSY
08/30/25,04:15 PM,07:15 PM,Mariners at Guardians,Progressive Field - Cleveland,"Local TV: FOX ----- Local Radio: Seattle Sports (710 AM)",08/30/25,08/30/25,07:15 PM,10:15 PM,FALSE,TRUE,08/30/25,03:15 PM,06:15 PM,FREE,BUSY
08/31/25,10:40 AM,01:40 PM,Mariners at Guardians,Progressive Field - Cleveland,"Local TV: ROOTNW ----- Local Radio: Seattle Sports (710 AM)",08/31/25,08/31/25,01:40 PM,04:40 PM,FALSE,TRUE,08/31/25,09:40 AM,12:40 PM,FREE,BUSY
09/01/25,04:35 PM,07:35 PM,Mariners at Rays,George M. Steinbrenner Field - Tampa,"Local TV: ROOTNW ----- Local Radio: Seattle Sports (710 AM)",09/01/25,09/01/25,07:35 PM,10:35 PM,FALSE,TRUE,09/01/25,03:35 PM,06:35 PM,FREE,BUSY
09/02/25,04:35 PM,07:35 PM,Mariners at Rays,George M. Steinbrenner Field - Tampa,"Local TV: ROOTNW ----- Local Radio: Seattle Sports (710 AM)",09/02/25,09/02/25,07:35 PM,10:35 PM,FALSE,TRUE,09/02/25,03:35 PM,06:35 PM,FREE,BUSY
09/03/25,04:35 PM,07:35 PM,Mariners at Rays,George M. Steinbrenner Field - Tampa,"Local TV: ROOTNW ----- Local Radio: Seattle Sports (710 AM)",09/03/25,09/03/25,07:35 PM,10:35 PM,FALSE,TRUE,09/03/25,03:35 PM,06:35 PM,FREE,BUSY
09/05/25,04:15 PM,07:15 PM,Mariners at Braves,Truist Park - Atlanta,"Local TV: ROOTNW ----- Local Radio: Seattle Sports (710 AM)",09/05/25,09/05/25,07:15 PM,10:15 PM,FALSE,TRUE,09/05/25,03:15 PM,06:15 PM,FREE,BUSY
09/06/25,04:15 PM,07:15 PM,Mariners at Braves,Truist Park - Atlanta,"Local TV: ROOTNW ----- Local Radio: Seattle Sports (710 AM)",09/06/25,09/06/25,07:15 PM,10:15 PM,FALSE,TRUE,09/06/25,03:15 PM,06:15 PM,FREE,BUSY
09/07/25,09:05 AM,12:05 PM,Mariners at Braves,Truist Park - Atlanta,"Local TV: Roku ----- Local Radio: KTTH 770 AM",09/07/25,09/07/25,12:05 PM,03:05 PM,FALSE,TRUE,09/07/25,08:05 AM,11:05 AM,FREE,BUSY
09/08/25,06:40 PM,09:40 PM,Cardinals at Mariners,T-Mobile Park - Seattle,"Local TV: ROOTNW ----- Local Radio: Seattle Sports (710 AM)",09/08/25,09/09/25,09:40 PM,12:40 AM,FALSE,TRUE,09/08/25,05:40 PM,08:40 PM,FREE,BUSY
09/09/25,06:40 PM,09:40 PM,Cardinals at Mariners,T-Mobile Park - Seattle,"Local TV: ROOTNW ----- Local Radio: Seattle Sports (710 AM)",09/09/25,09/10/25,09:40 PM,12:40 AM,FALSE,TRUE,09/09/25,05:40 PM,08:40 PM,FREE,BUSY
09/10/25,06:40 PM,09:40 PM,Cardinals at Mariners,T-Mobile Park - Seattle,"Local TV: ROOTNW ----- Local Radio: Seattle Sports (710 AM)",09/10/25,09/11/25,09:40 PM,12:40 AM,FALSE,TRUE,09/10/25,05:40 PM,08:40 PM,FREE,BUSY
09/11/25,06:40 PM,09:40 PM,Angels at Mariners,T-Mobile Park - Seattle,"Local TV: ROOTNW- MLBN (out-of-market only) ----- Local Radio: Seattle Sports (710 AM)",09/11/25,09/12/25,09:40 PM,12:40 AM,FALSE,TRUE,09/11/25,05:40 PM,08:40 PM,FREE,BUSY
09/12/25,07:10 PM,10:10 PM,Angels at Mariners,T-Mobile Park - Seattle,"Local TV: Apple TV+ ----- Local Radio: Seattle Sports (710 AM)",09/12/25,09/13/25,10:10 PM,01:10 AM,FALSE,TRUE,09/12/25,06:10 PM,09:10 PM,FREE,BUSY
09/13/25,06:40 PM,09:40 PM,Angels at Mariners,T-Mobile Park - Seattle,"Local TV: ROOTNW ----- Local Radio: Seattle Sports (710 AM)",09/13/25,09/14/25,09:40 PM,12:40 AM,FALSE,TRUE,09/13/25,05:40 PM,08:40 PM,FREE,BUSY
09/14/25,01:10 PM,04:10 PM,Angels at Mariners,T-Mobile Park - Seattle,"Local TV: ROOTNW ----- Local Radio: KTTH 770 AM",09/14/25,09/14/25,04:10 PM,07:10 PM,FALSE,TRUE,09/14/25,12:10 PM,03:10 PM,FREE,BUSY
09/16/25,04:40 PM,07:40 PM,Mariners at Royals,Kauffman Stadium - Kansas City,"Local TV: ROOTNW ----- Local Radio: Seattle Sports (710 AM)",09/16/25,09/16/25,07:40 PM,10:40 PM,FALSE,TRUE,09/16/25,03:40 PM,06:40 PM,FREE,BUSY
09/17/25,04:40 PM,07:40 PM,Mariners at Royals,Kauffman Stadium - Kansas City,"Local TV: ROOTNW ----- Local Radio: Seattle Sports (710 AM)",09/17/25,09/17/25,07:40 PM,10:40 PM,FALSE,TRUE,09/17/25,03:40 PM,06:40 PM,FREE,BUSY
09/18/25,11:10 AM,02:10 PM,Mariners at Royals,Kauffman Stadium - Kansas City,"Local TV: ROOTNW ----- Local Radio: Seattle Sports (710 AM)",09/18/25,09/18/25,02:10 PM,05:10 PM,FALSE,TRUE,09/18/25,10:10 AM,01:10 PM,FREE,BUSY
09/19/25,05:10 PM,08:10 PM,Mariners at Astros,Daikin Park - Houston,"Local TV: ROOTNW ----- Local Radio: Seattle Sports (710 AM)",09/19/25,09/19/25,08:10 PM,11:10 PM,FALSE,TRUE,09/19/25,04:10 PM,07:10 PM,FREE,BUSY
09/20/25,04:10 PM,07:10 PM,Mariners at Astros,Daikin Park - Houston,"Local TV: ROOTNW ----- Local Radio: Seattle Sports (710 AM)",09/20/25,09/20/25,07:10 PM,10:10 PM,FALSE,TRUE,09/20/25,03:10 PM,06:10 PM,FREE,BUSY
09/21/25,04:10 PM,07:10 PM,Mariners at Astros,Daikin Park - Houston,"Local TV: ESPN ----- Local Radio: KTTH 770 AM",09/21/25,09/21/25,07:10 PM,10:10 PM,FALSE,TRUE,09/21/25,03:10 PM,06:10 PM,FREE,BUSY
09/23/25,06:40 PM,09:40 PM,Rockies at Mariners,T-Mobile Park - Seattle,"Local TV: ROOTNW ----- Local Radio: Seattle Sports (710 AM)",09/23/25,09/24/25,09:40 PM,12:40 AM,FALSE,TRUE,09/23/25,05:40 PM,08:40 PM,FREE,BUSY
09/24/25,06:40 PM,09:40 PM,Rockies at Mariners,T-Mobile Park - Seattle,"Local TV: ROOTNW ----- Local Radio: Seattle Sports (710 AM)",09/24/25,09/25/25,09:40 PM,12:40 AM,FALSE,TRUE,09/24/25,05:40 PM,08:40 PM,FREE,BUSY
09/25/25,06:40 PM,09:40 PM,Rockies at Mariners,T-Mobile Park - Seattle,"Local TV: ROOTNW ----- Local Radio: KTTH 770 AM- KPNW 98.9 FM",09/25/25,09/26/25,09:40 PM,12:40 AM,FALSE,TRUE,09/25/25,05:40 PM,08:40 PM,FREE,BUSY
09/26/25,06:40 PM,09:40 PM,Dodgers at Mariners,T-Mobile Park - Seattle,"Local TV: ROOTNW ----- Local Radio: Seattle Sports (710 AM)",09/26/25,09/27/25,09:40 PM,12:40 AM,FALSE,TRUE,09/26/25,05:40 PM,08:40 PM,FREE,BUSY
09/27/25,06:40 PM,09:40 PM,Dodgers at Mariners,T-Mobile Park - Seattle,"Local TV: ROOTNW ----- Local Radio: Seattle Sports (710 AM)",09/27/25,09/28/25,09:40 PM,12:40 AM,FALSE,TRUE,09/27/25,05:40 PM,08:40 PM,FREE,BUSY
09/28/25,12:10 PM,03:10 PM,Dodgers at Mariners,T-Mobile Park - Seattle,"Local TV: ROOTNW ----- Local Radio: Seattle Sports (710 AM)",09/28/25,09/28/25,03:10 PM,06:10 PM,FALSE,TRUE,09/28/25,11:10 AM,02:10 PM,FREE,BUSY
10/04/25,05:38 PM,08:38 PM,Tigers at Mariners,T-Mobile Park - Seattle,"Local TV: FS1 ----- Local Radio: Seattle Sports (710 AM)- ESPN Radio",10/04/25,10/04/25,08:38 PM,11:38 PM,FALSE,TRUE,10/04/25,04:38 PM,07:38 PM,FREE,BUSY
10/05/25,05:03 PM,08:03 PM,Tigers at Mariners,T-Mobile Park - Seattle,"Local TV: FS1 ----- Local Radio: Seattle Sports (710 AM)- ESPN Radio",10/05/25,10/05/25,08:03 PM,11:03 PM,FALSE,TRUE,10/05/25,04:03 PM,07:03 PM,FREE,BUSY
10/07/25,01:08 PM,04:08 PM,Mariners at Tigers,Comerica Park - Detroit,"Local TV: FS1- MLBN ----- Local Radio: Seattle Sports (710 AM)- ESPN Radio",10/07/25,10/07/25,04:08 PM,07:08 PM,FALSE,TRUE,10/07/25,12:08 PM,03:08 PM,FREE,BUSY
10/08/25,12:08 PM,03:08 PM,Mariners at Tigers,Comerica Park - Detroit,"Local TV: FS1 ----- Local Radio: Seattle Sports (710 AM)- ESPN Radio",10/08/25,10/08/25,03:08 PM,06:08 PM,FALSE,TRUE,10/08/25,11:08 AM,02:08 PM,FREE,BUSY
10/10/25,05:08 PM,08:08 PM,Tigers at Mariners,T-Mobile Park - Seattle,"Local TV: FOX ----- Local Radio: Seattle Sports (710 AM)- ESPN Radio",10/10/25,10/10/25,08:08 PM,11:08 PM,FALSE,TRUE,10/10/25,04:08 PM,07:08 PM,FREE,BUSY
10/12/25,05:03 PM,08:03 PM,Mariners at Blue Jays,Rogers Centre - Toronto,"Local TV: FOX ----- Local Radio: Seattle Sports (710 AM)- Univision TUDN- ESPN Radio",10/12/25,10/12/25,08:03 PM,11:03 PM,FALSE,TRUE,10/12/25,04:03 PM,07:03 PM,FREE,BUSY
10/13/25,02:03 PM,05:03 PM,Mariners at Blue Jays,Rogers Centre - Toronto,"Local TV: FOX- FS1 ----- Local Radio: Seattle Sports (710 AM)- Univision TUDN- ESPN Radio",10/13/25,10/13/25,05:03 PM,08:03 PM,FALSE,TRUE,10/13/25,01:03 PM,04:03 PM,FREE,BUSY
10/15/25,05:08 PM,08:08 PM,Blue Jays at Mariners,T-Mobile Park - Seattle,"Local TV: FS1 ----- Local Radio: Seattle Sports (710 AM)- Univision TUDN- ESPN Radio",10/15/25,10/15/25,08:08 PM,11:08 PM,FALSE,TRUE,10/15/25,04:08 PM,07:08 PM,FREE,BUSY
10/16/25,05:33 PM,08:33 PM,Blue Jays at Mariners,T-Mobile Park - Seattle,"Local TV: FS1 ----- Local Radio: Seattle Sports (710 AM)- Univision TUDN- ESPN Radio",10/16/25,10/16/25,08:33 PM,11:33 PM,FALSE,TRUE,10/16/25,04:33 PM,07:33 PM,FREE,BUSY
10/17/25,03:08 PM,06:08 PM,Blue Jays at Mariners,T-Mobile Park - Seattle,"Local TV: FS1 ----- Local Radio: Seattle Sports (710 AM)- Univision TUDN- ESPN Radio",10/17/25,10/17/25,06:08 PM,09:08 PM,FALSE,TRUE,10/17/25,02:08 PM,05:08 PM,FREE,BUSY
10/19/25,05:03 PM,08:03 PM,Mariners at Blue Jays,Rogers Centre - Toronto,"Local TV: FS1 ----- Local Radio: Seattle Sports (710 AM)- Univision TUDN- ESPN Radio",10/19/25,10/19/25,08:03 PM,11:03 PM,FALSE,TRUE,10/19/25,04:03 PM,07:03 PM,FREE,BUSY
10/20/25,05:10 PM,08:10 PM,Mariners at Blue Jays,Rogers Centre - Toronto,"Local TV: FOX- FS1 ----- Local Radio: Seattle Sports (710 AM)- Univision TUDN- ESPN Radio",10/20/25,10/20/25,08:10 PM,11:10 PM,FALSE,TRUE,10/20/25,04:10 PM,07:10 PM,FREE,BUSY
03/26/26,,,Guardians at Mariners - Time TBD,T-Mobile Park - Seattle,"",03/26/26,03/26/26,,,FALSE,TRUE,03/26/26,,,FREE,BUSY
03/27/26,,,Guardians at Mariners - Time TBD,T-Mobile Park - Seattle,"",03/27/26,03/27/26,,,FALSE,TRUE,03/27/26,,,FREE,BUSY
03/28/26,,,Guardians at Mariners - Time TBD,T-Mobile Park - Seattle,"",03/28/26,03/28/26,,,FALSE,TRUE,03/28/26,,,FREE,BUSY
03/29/26,,,Guardians at Mariners - Time TBD,T-Mobile Park - Seattle,"",03/29/26,03/29/26,,,FALSE,TRUE,03/29/26,,,FREE,BUSY
03/30/26,,,Yankees at Mariners - Time TBD,T-Mobile Park - Seattle,"",03/30/26,03/30/26,,,FALSE,TRUE,03/30/26,,,FREE,BUSY
03/31/26,,,Yankees at Mariners - Time TBD,T-Mobile Park - Seattle,"",03/31/26,03/31/26,,,FALSE,TRUE,03/31/26,,,FREE,BUSY
04/01/26,,,Yankees at Mariners - Time TBD,T-Mobile Park - Seattle,"",04/01/26,04/01/26,,,FALSE,TRUE,04/01/26,,,FREE,BUSY
04/03/26,,,Mariners at Angels - Time TBD,Angel Stadium - Anaheim,"",04/03/26,04/03/26,,,FALSE,TRUE,04/03/26,,,FREE,BUSY
04/04/26,,,Mariners at Angels - Time TBD,Angel Stadium - Anaheim,"",04/04/26,04/04/26,,,FALSE,TRUE,04/04/26,,,FREE,BUSY
04/05/26,,,Mariners at Angels - Time TBD,Angel Stadium - Anaheim,"",04/05/26,04/05/26,,,FALSE,TRUE,04/05/26,,,FREE,BUSY
04/06/26,,,Mariners at Rangers - Time TBD,Globe Life Field - Arlington,"",04/06/26,04/06/26,,,FALSE,TRUE,04/06/26,,,FREE,BUSY
04/07/26,,,Mariners at Rangers - Time TBD,Globe Life Field - Arlington,"",04/07/26,04/07/26,,,FALSE,TRUE,04/07/26,,,FREE,BUSY
04/08/26,,,Mariners at Rangers - Time TBD,Globe Life Field - Arlington,"",04/08/26,04/08/26,,,FALSE,TRUE,04/08/26,,,FREE,BUSY
04/10/26,,,Astros at Mariners - Time TBD,T-Mobile Park - Seattle,"",04/10/26,04/10/26,,,FALSE,TRUE,04/10/26,,,FREE,BUSY
04/11/26,,,Astros at Mariners - Time TBD,T-Mobile Park - Seattle,"",04/11/26,04/11/26,,,FALSE,TRUE,04/11/26,,,FREE,BUSY
04/12/26,,,Astros at Mariners - Time TBD,T-Mobile Park - Seattle,"",04/12/26,04/12/26,,,FALSE,TRUE,04/12/26,,,FREE,BUSY
04/13/26,,,Astros at Mariners - Time TBD,T-Mobile Park - Seattle,"",04/13/26,04/13/26,,,FALSE,TRUE,04/13/26,,,FREE,BUSY
04/14/26,,,Mariners at Padres - Time TBD,Petco Park - San Diego,"",04/14/26,04/14/26,,,FALSE,TRUE,04/14/26,,,FREE,BUSY
04/15/26,,,Mariners at Padres - Time TBD,Petco Park - San Diego,"",04/15/26,04/15/26,,,FALSE,TRUE,04/15/26,,,FREE,BUSY
04/16/26,,,Mariners at Padres - Time TBD,Petco Park - San Diego,"",04/16/26,04/16/26,,,FALSE,TRUE,04/16/26,,,FREE,BUSY
04/17/26,,,Rangers at Mariners - Time TBD,T-Mobile Park - Seattle,"",04/17/26,04/17/26,,,FALSE,TRUE,04/17/26,,,FREE,BUSY
04/18/26,,,Rangers at Mariners - Time TBD,T-Mobile Park - Seattle,"",04/18/26,04/18/26,,,FALSE,TRUE,04/18/26,,,FREE,BUSY
04/19/26,,,Rangers at Mariners - Time TBD,T-Mobile Park - Seattle,"",04/19/26,04/19/26,,,FALSE,TRUE,04/19/26,,,FREE,BUSY
04/20/26,,,Athletics at Mariners - Time TBD,T-Mobile Park - Seattle,"",04/20/26,04/20/26,,,FALSE,TRUE,04/20/26,,,FREE,BUSY
04/21/26,,,Athletics at Mariners - Time TBD,T-Mobile Park - Seattle,"",04/21/26,04/21/26,,,FALSE,TRUE,04/21/26,,,FREE,BUSY
04/22/26,,,Athletics at Mariners - Time TBD,T-Mobile Park - Seattle,"",04/22/26,04/22/26,,,FALSE,TRUE,04/22/26,,,FREE,BUSY
04/24/26,,,Mariners at Cardinals - Time TBD,Busch Stadium - St. Louis,"",04/24/26,04/24/26,,,FALSE,TRUE,04/24/26,,,FREE,BUSY
04/25/26,,,Mariners at Cardinals - Time TBD,Busch Stadium - St. Louis,"",04/25/26,04/25/26,,,FALSE,TRUE,04/25/26,,,FREE,BUSY
04/26/26,,,Mariners at Cardinals - Time TBD,Busch Stadium - St. Louis,"",04/26/26,04/26/26,,,FALSE,TRUE,04/26/26,,,FREE,BUSY
04/27/26,,,Mariners at Twins - Time TBD,Target Field - Minneapolis,"",04/27/26,04/27/26,,,FALSE,TRUE,04/27/26,,,FREE,BUSY
04/28/26,,,Mariners at Twins - Time TBD,Target Field - Minneapolis,"",04/28/26,04/28/26,,,FALSE,TRUE,04/28/26,,,FREE,BUSY
04/29/26,,,Mariners at Twins - Time TBD,Target Field - Minneapolis,"",04/29/26,04/29/26,,,FALSE,TRUE,04/29/26,,,FREE,BUSY
05/01/26,,,Royals at Mariners - Time TBD,T-Mobile Park - Seattle,"",05/01/26,05/01/26,,,FALSE,TRUE,05/01/26,,,FREE,BUSY
05/02/26,,,Royals at Mariners - Time TBD,T-Mobile Park - Seattle,"",05/02/26,05/02/26,,,FALSE,TRUE,05/02/26,,,FREE,BUSY
05/03/26,,,Royals at Mariners - Time TBD,T-Mobile Park - Seattle,"",05/03/26,05/03/26,,,FALSE,TRUE,05/03/26,,,FREE,BUSY
05/04/26,,,Braves at Mariners - Time TBD,T-Mobile Park - Seattle,"",05/04/26,05/04/26,,,FALSE,TRUE,05/04/26,,,FREE,BUSY
05/05/26,,,Braves at Mariners - Time TBD,T-Mobile Park - Seattle,"",05/05/26,05/05/26,,,FALSE,TRUE,05/05/26,,,FREE,BUSY
05/06/26,,,Braves at Mariners - Time TBD,T-Mobile Park - Seattle,"",05/06/26,05/06/26,,,FALSE,TRUE,05/06/26,,,FREE,BUSY
05/08/26,,,Mariners at White Sox - Time TBD,Rate Field - Chicago,"",05/08/26,05/08/26,,,FALSE,TRUE,05/08/26,,,FREE,BUSY
05/09/26,,,Mariners at White Sox - Time TBD,Rate Field - Chicago,"",05/09/26,05/09/26,,,FALSE,TRUE,05/09/26,,,FREE,BUSY
05/10/26,,,Mariners at White Sox - Time TBD,Rate Field - Chicago,"",05/10/26,05/10/26,,,FALSE,TRUE,05/10/26,,,FREE,BUSY
05/11/26,,,Mariners at Astros - Time TBD,Daikin Park - Houston,"",05/11/26,05/11/26,,,FALSE,TRUE,05/11/26,,,FREE,BUSY
05/12/26,,,Mariners at Astros - Time TBD,Daikin Park - Houston,"",05/12/26,05/12/26,,,FALSE,TRUE,05/12/26,,,FREE,BUSY
05/13/26,,,Mariners at Astros - Time TBD,Daikin Park - Houston,"",05/13/26,05/13/26,,,FALSE,TRUE,05/13/26,,,FREE,BUSY
05/14/26,,,Mariners at Astros - Time TBD,Daikin Park - Houston,"",05/14/26,05/14/26,,,FALSE,TRUE,05/14/26,,,FREE,BUSY
05/15/26,,,Padres at Mariners - Time TBD,T-Mobile Park - Seattle,"",05/15/26,05/15/26,,,FALSE,TRUE,05/15/26,,,FREE,BUSY
05/16/26,,,Padres at Mariners - Time TBD,T-Mobile Park - Seattle,"",05/16/26,05/16/26,,,FALSE,TRUE,05/16/26,,,FREE,BUSY
05/17/26,,,Padres at Mariners - Time TBD,T-Mobile Park - Seattle,"",05/17/26,05/17/26,,,FALSE,TRUE,05/17/26,,,FREE,BUSY
05/18/26,,,White Sox at Mariners - Time TBD,T-Mobile Park - Seattle,"",05/18/26,05/18/26,,,FALSE,TRUE,05/18/26,,,FREE,BUSY
05/19/26,,,White Sox at Mariners - Time TBD,T-Mobile Park - Seattle,"",05/19/26,05/19/26,,,FALSE,TRUE,05/19/26,,,FREE,BUSY
05/20/26,,,White Sox at Mariners - Time TBD,T-Mobile Park - Seattle,"",05/20/26,05/20/26,,,FALSE,TRUE,05/20/26,,,FREE,BUSY
05/22/26,,,Mariners at Royals - Time TBD,Kauffman Stadium - Kansas City,"",05/22/26,05/22/26,,,FALSE,TRUE,05/22/26,,,FREE,BUSY
05/23/26,,,Mariners at Royals - Time TBD,Kauffman Stadium - Kansas City,"",05/23/26,05/23/26,,,FALSE,TRUE,05/23/26,,,FREE,BUSY
05/24/26,,,Mariners at Royals - Time TBD,Kauffman Stadium - Kansas City,"",05/24/26,05/24/26,,,FALSE,TRUE,05/24/26,,,FREE,BUSY
05/25/26,,,Mariners at Athletics - Time TBD,Sutter Health Park - Sacramento,"",05/25/26,05/25/26,,,FALSE,TRUE,05/25/26,,,FREE,BUSY
05/26/26,,,Mariners at Athletics - Time TBD,Sutter Health Park - Sacramento,"",05/26/26,05/26/26,,,FALSE,TRUE,05/26/26,,,FREE,BUSY
05/27/26,,,Mariners at Athletics - Time TBD,Sutter Health Park - Sacramento,"",05/27/26,05/27/26,,,FALSE,TRUE,05/27/26,,,FREE,BUSY
05/29/26,,,D-backs at Mariners - Time TBD,T-Mobile Park - Seattle,"",05/29/26,05/29/26,,,FALSE,TRUE,05/29/26,,,FREE,BUSY
05/30/26,,,D-backs at Mariners - Time TBD,T-Mobile Park - Seattle,"",05/30/26,05/30/26,,,FALSE,TRUE,05/30/26,,,FREE,BUSY
05/31/26,,,D-backs at Mariners - Time TBD,T-Mobile Park - Seattle,"",05/31/26,05/31/26,,,FALSE,TRUE,05/31/26,,,FREE,BUSY
06/01/26,,,Mets at Mariners - Time TBD,T-Mobile Park - Seattle,"",06/01/26,06/01/26,,,FALSE,TRUE,06/01/26,,,FREE,BUSY
06/02/26,,,Mets at Mariners - Time TBD,T-Mobile Park - Seattle,"",06/02/26,06/02/26,,,FALSE,TRUE,06/02/26,,,FREE,BUSY
06/03/26,,,Mets at Mariners - Time TBD,T-Mobile Park - Seattle,"",06/03/26,06/03/26,,,FALSE,TRUE,06/03/26,,,FREE,BUSY
06/05/26,,,Mariners at Tigers - Time TBD,Comerica Park - Detroit,"",06/05/26,06/05/26,,,FALSE,TRUE,06/05/26,,,FREE,BUSY
06/06/26,,,Mariners at Tigers - Time TBD,Comerica Park - Detroit,"",06/06/26,06/06/26,,,FALSE,TRUE,06/06/26,,,FREE,BUSY
06/07/26,,,Mariners at Tigers - Time TBD,Comerica Park - Detroit,"",06/07/26,06/07/26,,,FALSE,TRUE,06/07/26,,,FREE,BUSY
06/08/26,,,Mariners at Orioles - Time TBD,Oriole Park at Camden Yards - Baltimore,"",06/08/26,06/08/26,,,FALSE,TRUE,06/08/26,,,FREE,BUSY
06/09/26,,,Mariners at Orioles - Time TBD,Oriole Park at Camden Yards - Baltimore,"",06/09/26,06/09/26,,,FALSE,TRUE,06/09/26,,,FREE,BUSY
06/10/26,,,Mariners at Orioles - Time TBD,Oriole Park at Camden Yards - Baltimore,"",06/10/26,06/10/26,,,FALSE,TRUE,06/10/26,,,FREE,BUSY
06/11/26,,,Mariners at Orioles - Time TBD,Oriole Park at Camden Yards - Baltimore,"",06/11/26,06/11/26,,,FALSE,TRUE,06/11/26,,,FREE,BUSY
06/12/26,,,Mariners at Nationals - Time TBD,Nationals Park - Washington,"",06/12/26,06/12/26,,,FALSE,TRUE,06/12/26,,,FREE,BUSY
06/13/26,,,Mariners at Nationals - Time TBD,Nationals Park - Washington,"",06/13/26,06/13/26,,,FALSE,TRUE,06/13/26,,,FREE,BUSY
06/14/26,,,Mariners at Nationals - Time TBD,Nationals Park - Washington,"",06/14/26,06/14/26,,,FALSE,TRUE,06/14/26,,,FREE,BUSY
06/16/26,,,Orioles at Mariners - Time TBD,T-Mobile Park - Seattle,"",06/16/26,06/16/26,,,FALSE,TRUE,06/16/26,,,FREE,BUSY
06/17/26,,,Orioles at Mariners - Time TBD,T-Mobile Park - Seattle,"",06/17/26,06/17/26,,,FALSE,TRUE,06/17/26,,,FREE,BUSY
06/18/26,,,Orioles at Mariners - Time TBD,T-Mobile Park - Seattle,"",06/18/26,06/18/26,,,FALSE,TRUE,06/18/26,,,FREE,BUSY
06/20/26,,,Red Sox at Mariners - Time TBD,T-Mobile Park - Seattle,"",06/20/26,06/20/26,,,FALSE,TRUE,06/20/26,,,FREE,BUSY
06/20/26,,,Red Sox at Mariners - Time TBD,T-Mobile Park - Seattle,"",06/20/26,06/20/26,,,FALSE,TRUE,06/20/26,,,FREE,BUSY
06/21/26,,,Red Sox at Mariners - Time TBD,T-Mobile Park - Seattle,"",06/21/26,06/21/26,,,FALSE,TRUE,06/21/26,,,FREE,BUSY
06/23/26,,,Mariners at Pirates - Time TBD,PNC Park - Pittsburgh,"",06/23/26,06/23/26,,,FALSE,TRUE,06/23/26,,,FREE,BUSY
06/24/26,,,Mariners at Pirates - Time TBD,PNC Park - Pittsburgh,"",06/24/26,06/24/26,,,FALSE,TRUE,06/24/26,,,FREE,BUSY
06/25/26,,,Mariners at Pirates - Time TBD,PNC Park - Pittsburgh,"",06/25/26,06/25/26,,,FALSE,TRUE,06/25/26,,,FREE,BUSY
06/26/26,,,Mariners at Guardians - Time TBD,Progressive Field - Cleveland,"",06/26/26,06/26/26,,,FALSE,TRUE,06/26/26,,,FREE,BUSY
06/27/26,,,Mariners at Guardians - Time TBD,Progressive Field - Cleveland,"",06/27/26,06/27/26,,,FALSE,TRUE,06/27/26,,,FREE,BUSY
06/28/26,,,Mariners at Guardians - Time TBD,Progressive Field - Cleveland,"",06/28/26,06/28/26,,,FALSE,TRUE,06/28/26,,,FREE,BUSY
06/29/26,,,Angels at Mariners - Time TBD,T-Mobile Park - Seattle,"",06/29/26,06/29/26,,,FALSE,TRUE,06/29/26,,,FREE,BUSY
06/30/26,,,Angels at Mariners - Time TBD,T-Mobile Park - Seattle,"",06/30/26,06/30/26,,,FALSE,TRUE,06/30/26,,,FREE,BUSY
07/02/26,,,Angels at Mariners - Time TBD,T-Mobile Park - Seattle,"",07/02/26,07/02/26,,,FALSE,TRUE,07/02/26,,,FREE,BUSY
07/03/26,,,Blue Jays at Mariners - Time TBD,T-Mobile Park - Seattle,"",07/03/26,07/03/26,,,FALSE,TRUE,07/03/26,,,FREE,BUSY
07/04/26,,,Blue Jays at Mariners - Time TBD,T-Mobile Park - Seattle,"",07/04/26,07/04/26,,,FALSE,TRUE,07/04/26,,,FREE,BUSY
07/05/26,,,Blue Jays at Mariners - Time TBD,T-Mobile Park - Seattle,"",07/05/26,07/05/26,,,FALSE,TRUE,07/05/26,,,FREE,BUSY
07/07/26,,,Mariners at Marlins - Time TBD,loanDepot park - Miami,"",07/07/26,07/07/26,,,FALSE,TRUE,07/07/26,,,FREE,BUSY
07/08/26,,,Mariners at Marlins - Time TBD,loanDepot park - Miami,"",07/08/26,07/08/26,,,FALSE,TRUE,07/08/26,,,FREE,BUSY
07/09/26,,,Mariners at Marlins - Time TBD,loanDepot park - Miami,"",07/09/26,07/09/26,,,FALSE,TRUE,07/09/26,,,FREE,BUSY
07/10/26,,,Mariners at Rays - Time TBD,George M. Steinbrenner Field - Tampa,"",07/10/26,07/10/26,,,FALSE,TRUE,07/10/26,,,FREE,BUSY
07/11/26,,,Mariners at Rays - Time TBD,George M. Steinbrenner Field - Tampa,"",07/11/26,07/11/26,,,FALSE,TRUE,07/11/26,,,FREE,BUSY
07/12/26,,,Mariners at Rays - Time TBD,George M. Steinbrenner Field - Tampa,"",07/12/26,07/12/26,,,FALSE,TRUE,07/12/26,,,FREE,BUSY
07/17/26,,,Giants at Mariners - Time TBD,T-Mobile Park - Seattle,"",07/17/26,07/17/26,,,FALSE,TRUE,07/17/26,,,FREE,BUSY
07/18/26,,,Giants at Mariners - Time TBD,T-Mobile Park - Seattle,"",07/18/26,07/18/26,,,FALSE,TRUE,07/18/26,,,FREE,BUSY
07/19/26,,,Giants at Mariners - Time TBD,T-Mobile Park - Seattle,"",07/19/26,07/19/26,,,FALSE,TRUE,07/19/26,,,FREE,BUSY
07/20/26,,,Reds at Mariners - Time TBD,T-Mobile Park - Seattle,"",07/20/26,07/20/26,,,FALSE,TRUE,07/20/26,,,FREE,BUSY
07/21/26,,,Reds at Mariners - Time TBD,T-Mobile Park - Seattle,"",07/21/26,07/21/26,,,FALSE,TRUE,07/21/26,,,FREE,BUSY
07/22/26,,,Reds at Mariners - Time TBD,T-Mobile Park - Seattle,"",07/22/26,07/22/26,,,FALSE,TRUE,07/22/26,,,FREE,BUSY
07/24/26,,,Mariners at Rangers - Time TBD,Globe Life Field - Arlington,"",07/24/26,07/24/26,,,FALSE,TRUE,07/24/26,,,FREE,BUSY
07/25/26,,,Mariners at Rangers - Time TBD,Globe Life Field - Arlington,"",07/25/26,07/25/26,,,FALSE,TRUE,07/25/26,,,FREE,BUSY
07/26/26,,,Mariners at Rangers - Time TBD,Globe Life Field - Arlington,"",07/26/26,07/26/26,,,FALSE,TRUE,07/26/26,,,FREE,BUSY
07/27/26,,,Mariners at Rangers - Time TBD,Globe Life Field - Arlington,"",07/27/26,07/27/26,,,FALSE,TRUE,07/27/26,,,FREE,BUSY
07/28/26,,,Mariners at Dodgers - Time TBD,Dodger Stadium - Los Angeles,"",07/28/26,07/28/26,,,FALSE,TRUE,07/28/26,,,FREE,BUSY
07/29/26,,,Mariners at Dodgers - Time TBD,Dodger Stadium - Los Angeles,"",07/29/26,07/29/26,,,FALSE,TRUE,07/29/26,,,FREE,BUSY
07/30/26,,,Mariners at Dodgers - Time TBD,Dodger Stadium - Los Angeles,"",07/30/26,07/30/26,,,FALSE,TRUE,07/30/26,,,FREE,BUSY
07/31/26,,,Twins at Mariners - Time TBD,T-Mobile Park - Seattle,"",07/31/26,07/31/26,,,FALSE,TRUE,07/31/26,,,FREE,BUSY
08/01/26,,,Twins at Mariners - Time TBD,T-Mobile Park - Seattle,"",08/01/26,08/01/26,,,FALSE,TRUE,08/01/26,,,FREE,BUSY
08/02/26,,,Twins at Mariners - Time TBD,T-Mobile Park - Seattle,"",08/02/26,08/02/26,,,FALSE,TRUE,08/02/26,,,FREE,BUSY
08/04/26,,,Tigers at Mariners - Time TBD,T-Mobile Park - Seattle,"",08/04/26,08/04/26,,,FALSE,TRUE,08/04/26,,,FREE,BUSY
08/05/26,,,Tigers at Mariners - Time TBD,T-Mobile Park - Seattle,"",08/05/26,08/05/26,,,FALSE,TRUE,08/05/26,,,FREE,BUSY
08/06/26,,,Tigers at Mariners - Time TBD,T-Mobile Park - Seattle,"",08/06/26,08/06/26,,,FALSE,TRUE,08/06/26,,,FREE,BUSY
08/07/26,,,Rays at Mariners - Time TBD,T-Mobile Park - Seattle,"",08/07/26,08/07/26,,,FALSE,TRUE,08/07/26,,,FREE,BUSY
08/08/26,,,Rays at Mariners - Time TBD,T-Mobile Park - Seattle,"",08/08/26,08/08/26,,,FALSE,TRUE,08/08/26,,,FREE,BUSY
08/09/26,,,Rays at Mariners - Time TBD,T-Mobile Park - Seattle,"",08/09/26,08/09/26,,,FALSE,TRUE,08/09/26,,,FREE,BUSY
08/11/26,,,Mariners at Yankees - Time TBD,Yankee Stadium - Bronx,"",08/11/26,08/11/26,,,FALSE,TRUE,08/11/26,,,FREE,BUSY
08/12/26,,,Mariners at Yankees - Time TBD,Yankee Stadium - Bronx,"",08/12/26,08/12/26,,,FALSE,TRUE,08/12/26,,,FREE,BUSY
08/13/26,,,Mariners at Yankees - Time TBD,Yankee Stadium - Bronx,"",08/13/26,08/13/26,,,FALSE,TRUE,08/13/26,,,FREE,BUSY
08/14/26,,,Mariners at Astros - Time TBD,Daikin Park - Houston,"",08/14/26,08/14/26,,,FALSE,TRUE,08/14/26,,,FREE,BUSY
08/15/26,,,Mariners at Astros - Time TBD,Daikin Park - Houston,"",08/15/26,08/15/26,,,FALSE,TRUE,08/15/26,,,FREE,BUSY
08/16/26,,,Mariners at Astros - Time TBD,Daikin Park - Houston,"",08/16/26,08/16/26,,,FALSE,TRUE,08/16/26,,,FREE,BUSY
08/18/26,,,Mariners at Brewers - Time TBD,American Family Field - Milwaukee,"",08/18/26,08/18/26,,,FALSE,TRUE,08/18/26,,,FREE,BUSY
08/19/26,,,Mariners at Brewers - Time TBD,American Family Field - Milwaukee,"",08/19/26,08/19/26,,,FALSE,TRUE,08/19/26,,,FREE,BUSY
08/20/26,,,Mariners at Brewers - Time TBD,American Family Field - Milwaukee,"",08/20/26,08/20/26,,,FALSE,TRUE,08/20/26,,,FREE,BUSY
08/21/26,,,Cubs at Mariners - Time TBD,T-Mobile Park - Seattle,"",08/21/26,08/21/26,,,FALSE,TRUE,08/21/26,,,FREE,BUSY
08/22/26,,,Cubs at Mariners - Time TBD,T-Mobile Park - Seattle,"",08/22/26,08/22/26,,,FALSE,TRUE,08/22/26,,,FREE,BUSY
08/23/26,,,Cubs at Mariners - Time TBD,T-Mobile Park - Seattle,"",08/23/26,08/23/26,,,FALSE,TRUE,08/23/26,,,FREE,BUSY
08/24/26,,,Phillies at Mariners - Time TBD,T-Mobile Park - Seattle,"",08/24/26,08/24/26,,,FALSE,TRUE,08/24/26,,,FREE,BUSY
08/25/26,,,Phillies at Mariners - Time TBD,T-Mobile Park - Seattle,"",08/25/26,08/25/26,,,FALSE,TRUE,08/25/26,,,FREE,BUSY
08/26/26,,,Phillies at Mariners - Time TBD,T-Mobile Park - Seattle,"",08/26/26,08/26/26,,,FALSE,TRUE,08/26/26,,,FREE,BUSY
08/28/26,,,Mariners at Blue Jays - Time TBD,Rogers Centre - Toronto,"",08/28/26,08/28/26,,,FALSE,TRUE,08/28/26,,,FREE,BUSY
08/29/26,,,Mariners at Blue Jays - Time TBD,Rogers Centre - Toronto,"",08/29/26,08/29/26,,,FALSE,TRUE,08/29/26,,,FREE,BUSY
08/30/26,,,Mariners at Blue Jays - Time TBD,Rogers Centre - Toronto,"",08/30/26,08/30/26,,,FALSE,TRUE,08/30/26,,,FREE,BUSY
08/31/26,,,Mariners at Red Sox - Time TBD,Fenway Park - Boston,"",08/31/26,08/31/26,,,FALSE,TRUE,08/31/26,,,FREE,BUSY
09/01/26,,,Mariners at Red Sox - Time TBD,Fenway Park - Boston,"",09/01/26,09/01/26,,,FALSE,TRUE,09/01/26,,,FREE,BUSY
09/02/26,,,Mariners at Red Sox - Time TBD,Fenway Park - Boston,"",09/02/26,09/02/26,,,FALSE,TRUE,09/02/26,,,FREE,BUSY
09/03/26,,,Athletics at Mariners - Time TBD,T-Mobile Park - Seattle,"",09/03/26,09/03/26,,,FALSE,TRUE,09/03/26,,,FREE,BUSY
09/04/26,,,Athletics at Mariners - Time TBD,T-Mobile Park - Seattle,"",09/04/26,09/04/26,,,FALSE,TRUE,09/04/26,,,FREE,BUSY
09/05/26,,,Athletics at Mariners - Time TBD,T-Mobile Park - Seattle,"",09/05/26,09/05/26,,,FALSE,TRUE,09/05/26,,,FREE,BUSY
09/06/26,,,Athletics at Mariners - Time TBD,T-Mobile Park - Seattle,"",09/06/26,09/06/26,,,FALSE,TRUE,09/06/26,,,FREE,BUSY
09/08/26,,,Rangers at Mariners - Time TBD,T-Mobile Park - Seattle,"",09/08/26,09/08/26,,,FALSE,TRUE,09/08/26,,,FREE,BUSY
09/09/26,,,Rangers at Mariners - Time TBD,T-Mobile Park - Seattle,"",09/09/26,09/09/26,,,FALSE,TRUE,09/09/26,,,FREE,BUSY
09/10/26,,,Rangers at Mariners - Time TBD,T-Mobile Park - Seattle,"",09/10/26,09/10/26,,,FALSE,TRUE,09/10/26,,,FREE,BUSY
09/11/26,,,Mariners at Athletics - Time TBD,Sutter Health Park - Sacramento,"",09/11/26,09/11/26,,,FALSE,TRUE,09/11/26,,,FREE,BUSY
09/12/26,,,Mariners at Athletics - Time TBD,Sutter Health Park - Sacramento,"",09/12/26,09/12/26,,,FALSE,TRUE,09/12/26,,,FREE,BUSY
09/13/26,,,Mariners at Athletics - Time TBD,Sutter Health Park - Sacramento,"",09/13/26,09/13/26,,,FALSE,TRUE,09/13/26,,,FREE,BUSY
09/14/26,,,Mariners at Angels - Time TBD,Angel Stadium - Anaheim,"",09/14/26,09/14/26,,,FALSE,TRUE,09/14/26,,,FREE,BUSY
09/15/26,,,Mariners at Angels - Time TBD,Angel Stadium - Anaheim,"",09/15/26,09/15/26,,,FALSE,TRUE,09/15/26,,,FREE,BUSY
09/16/26,,,Mariners at Angels - Time TBD,Angel Stadium - Anaheim,"",09/16/26,09/16/26,,,FALSE,TRUE,09/16/26,,,FREE,BUSY
09/18/26,,,Mariners at Rockies - Time TBD,Coors Field - Denver,"",09/18/26,09/18/26,,,FALSE,TRUE,09/18/26,,,FREE,BUSY
09/19/26,,,Mariners at Rockies - Time TBD,Coors Field - Denver,"",09/19/26,09/19/26,,,FALSE,TRUE,09/19/26,,,FREE,BUSY
09/20/26,,,Mariners at Rockies - Time TBD,Coors Field - Denver,"",09/20/26,09/20/26,,,FALSE,TRUE,09/20/26,,,FREE,BUSY
09/22/26,,,Astros at Mariners - Time TBD,T-Mobile Park - Seattle,"",09/22/26,09/22/26,,,FALSE,TRUE,09/22/26,,,FREE,BUSY
09/23/26,,,Astros at Mariners - Time TBD,T-Mobile Park - Seattle,"",09/23/26,09/23/26,,,FALSE,TRUE,09/23/26,,,FREE,BUSY
09/24/26,,,Angels at Mariners - Time TBD,T-Mobile Park - Seattle,"",09/24/26,09/24/26,,,FALSE,TRUE,09/24/26,,,FREE,BUSY
09/25/26,,,Angels at Mariners - Time TBD,T-Mobile Park - Seattle,"",09/25/26,09/25/26,,,FALSE,TRUE,09/25/26,,,FREE,BUSY
09/26/26,,,Angels at Mariners - Time TBD,T-Mobile Park - Seattle,"",09/26/26,09/26/26,,,FALSE,TRUE,09/26/26,,,FREE,BUSY
09/27/26,,,Angels at Mariners - Time TBD,T-Mobile Park - Seattle,"",09/27/26,09/27/26,,,FALSE,TRUE,09/27/26,,,FREE,BUSY
