START DATE,START TIME,START TIME ET,SUBJECT,LOCATION,DESCRIPTION,END DATE,END DATE ET,END TIME,END TIME ET,REMINDER OFF,REMINDER ON,REMINDER DATE,REMINDER TIME,REMINDER TIME ET,SHOWTIMEAS FREE,SHOWTIMEAS BUSY
02/22/25,01:05 PM,01:05 PM,Nationals at Astros,CACTI Park of the Palm Beaches - West Palm Beach,"Local Radio: The Team 980",02/22/25,02/22/25,04:05 PM,04:05 PM,FALSE,TRUE,02/22/25,12:05 PM,12:05 PM,FREE,BUSY
02/23/25,01:05 PM,01:05 PM,Mets at Nationals,CACTI Park of the Palm Beaches - West Palm Beach,"Local TV: MASN ----- Local Radio: The Team 980",02/23/25,02/23/25,04:05 PM,04:05 PM,FALSE,TRUE,02/23/25,12:05 PM,12:05 PM,FREE,BUSY
02/25/25,01:10 PM,01:10 PM,Nationals at Marlins,Roger Dean Chevrolet Stadium - Jupiter,"",02/25/25,02/25/25,04:10 PM,04:10 PM,FALSE,TRUE,02/25/25,12:10 PM,12:10 PM,FREE,BUSY
02/26/25,01:05 PM,01:05 PM,Astros at Nationals,CACTI Park of the Palm Beaches - West Palm Beach,"",02/26/25,02/26/25,04:05 PM,04:05 PM,FALSE,TRUE,02/26/25,12:05 PM,12:05 PM,FREE,BUSY
02/27/25,06:05 PM,06:05 PM,Braves at Nationals,CACTI Park of the Palm Beaches - West Palm Beach,"Local TV: MLBN (out-of-market only)",02/27/25,02/27/25,09:05 PM,09:05 PM,FALSE,TRUE,02/27/25,05:05 PM,05:05 PM,FREE,BUSY
02/28/25,01:10 PM,01:10 PM,Nationals at Mets,Clover Park - Port St. Lucie,"",02/28/25,02/28/25,04:10 PM,04:10 PM,FALSE,TRUE,02/28/25,12:10 PM,12:10 PM,FREE,BUSY
03/01/25,06:05 PM,06:05 PM,Marlins at Nationals,CACTI Park of the Palm Beaches - West Palm Beach,"",03/01/25,03/01/25,09:05 PM,09:05 PM,FALSE,TRUE,03/01/25,05:05 PM,05:05 PM,FREE,BUSY
03/01/25,01:05 PM,01:05 PM,Nationals at Cardinals,Roger Dean Chevrolet Stadium - Jupiter,"",03/01/25,03/01/25,04:05 PM,04:05 PM,FALSE,TRUE,03/01/25,12:05 PM,12:05 PM,FREE,BUSY
03/02/25,01:05 PM,01:05 PM,Nationals at Astros,CACTI Park of the Palm Beaches - West Palm Beach,"Local Radio: 106.7 The Fan",03/02/25,03/02/25,04:05 PM,04:05 PM,FALSE,TRUE,03/02/25,12:05 PM,12:05 PM,FREE,BUSY
03/04/25,01:05 PM,01:05 PM,Cardinals at Nationals,CACTI Park of the Palm Beaches - West Palm Beach,"Local TV: MASN ----- Local Radio: MLB Audio",03/04/25,03/04/25,04:05 PM,04:05 PM,FALSE,TRUE,03/04/25,12:05 PM,12:05 PM,FREE,BUSY
03/05/25,01:10 PM,01:10 PM,Nationals at Marlins,Roger Dean Chevrolet Stadium - Jupiter,"Local Radio: MLB Audio",03/05/25,03/05/25,04:10 PM,04:10 PM,FALSE,TRUE,03/05/25,12:10 PM,12:10 PM,FREE,BUSY
03/06/25,01:05 PM,01:05 PM,Nationals at Cardinals,Roger Dean Chevrolet Stadium - Jupiter,"Local TV: MASN ----- Local Radio: MLB Audio",03/06/25,03/06/25,04:05 PM,04:05 PM,FALSE,TRUE,03/06/25,12:05 PM,12:05 PM,FREE,BUSY
03/07/25,06:05 PM,06:05 PM,Mets at Nationals,CACTI Park of the Palm Beaches - West Palm Beach,"Local Radio: The Team 980",03/07/25,03/07/25,09:05 PM,09:05 PM,FALSE,TRUE,03/07/25,05:05 PM,05:05 PM,FREE,BUSY
03/08/25,12:05 PM,12:05 PM,Cardinals at Nationals,CACTI Park of the Palm Beaches - West Palm Beach,"Local TV: MASN ----- Local Radio: MLB Audio",03/08/25,03/08/25,03:05 PM,03:05 PM,FALSE,TRUE,03/08/25,11:05 AM,11:05 AM,FREE,BUSY
03/09/25,01:10 PM,01:10 PM,Nationals at Mets,Clover Park - Port St. Lucie,"Local TV: MASN ----- Local Radio: The Team 980",03/09/25,03/09/25,04:10 PM,04:10 PM,FALSE,TRUE,03/09/25,12:10 PM,12:10 PM,FREE,BUSY
03/10/25,06:05 PM,06:05 PM,Marlins at Nationals,CACTI Park of the Palm Beaches - West Palm Beach,"Local Radio: 106.7 The Fan",03/10/25,03/10/25,09:05 PM,09:05 PM,FALSE,TRUE,03/10/25,05:05 PM,05:05 PM,FREE,BUSY
03/10/25,01:10 PM,01:10 PM,Nationals at Marlins,Roger Dean Chevrolet Stadium - Jupiter,"",03/10/25,03/10/25,04:10 PM,04:10 PM,FALSE,TRUE,03/10/25,12:10 PM,12:10 PM,FREE,BUSY
03/12/25,01:05 PM,01:05 PM,Astros at Nationals,CACTI Park of the Palm Beaches - West Palm Beach,"",03/12/25,03/12/25,04:05 PM,04:05 PM,FALSE,TRUE,03/12/25,12:05 PM,12:05 PM,FREE,BUSY
03/13/25,01:05 PM,01:05 PM,Nationals at Rays,Charlotte Sports Park - Port Charlotte,"",03/13/25,03/13/25,04:05 PM,04:05 PM,FALSE,TRUE,03/13/25,12:05 PM,12:05 PM,FREE,BUSY
03/14/25,01:05 PM,01:05 PM,Nationals at Braves,CoolToday Park - North Port,"",03/14/25,03/14/25,04:05 PM,04:05 PM,FALSE,TRUE,03/14/25,12:05 PM,12:05 PM,FREE,BUSY
03/15/25,06:05 PM,06:05 PM,Mets at Nationals,CACTI Park of the Palm Beaches - West Palm Beach,"",03/15/25,03/15/25,09:05 PM,09:05 PM,FALSE,TRUE,03/15/25,05:05 PM,05:05 PM,FREE,BUSY
03/16/25,01:05 PM,01:05 PM,Rays at Nationals,CACTI Park of the Palm Beaches - West Palm Beach,"Local Radio: 106.7 The Fan",03/16/25,03/16/25,04:05 PM,04:05 PM,FALSE,TRUE,03/16/25,12:05 PM,12:05 PM,FREE,BUSY
03/17/25,01:05 PM,01:05 PM,Cardinals at Nationals,CACTI Park of the Palm Beaches - West Palm Beach,"Local Radio: MLB Audio",03/17/25,03/17/25,04:05 PM,04:05 PM,FALSE,TRUE,03/17/25,12:05 PM,12:05 PM,FREE,BUSY
03/18/25,06:05 PM,06:05 PM,Nationals at Astros,CACTI Park of the Palm Beaches - West Palm Beach,"Local TV: MASN ----- Local Radio: The Team 980",03/18/25,03/18/25,09:05 PM,09:05 PM,FALSE,TRUE,03/18/25,05:05 PM,05:05 PM,FREE,BUSY
03/19/25,01:05 PM,01:05 PM,Nationals at Cardinals,Roger Dean Chevrolet Stadium - Jupiter,"Local TV: MASN",03/19/25,03/19/25,04:05 PM,04:05 PM,FALSE,TRUE,03/19/25,12:05 PM,12:05 PM,FREE,BUSY
03/20/25,06:05 PM,06:05 PM,Mets at Nationals,CACTI Park of the Palm Beaches - West Palm Beach,"",03/20/25,03/20/25,09:05 PM,09:05 PM,FALSE,TRUE,03/20/25,05:05 PM,05:05 PM,FREE,BUSY
03/21/25,06:05 PM,06:05 PM,Marlins at Nationals,CACTI Park of the Palm Beaches - West Palm Beach,"",03/21/25,03/21/25,09:05 PM,09:05 PM,FALSE,TRUE,03/21/25,05:05 PM,05:05 PM,FREE,BUSY
03/22/25,01:10 PM,01:10 PM,Nationals at Mets,Clover Park - Port St. Lucie,"",03/22/25,03/22/25,04:10 PM,04:10 PM,FALSE,TRUE,03/22/25,12:10 PM,12:10 PM,FREE,BUSY
03/23/25,12:05 PM,12:05 PM,Astros at Nationals,CACTI Park of the Palm Beaches - West Palm Beach,"",03/23/25,03/23/25,03:05 PM,03:05 PM,FALSE,TRUE,03/23/25,11:05 AM,11:05 AM,FREE,BUSY
03/23/25,01:05 PM,01:05 PM,Nationals at Cardinals,Roger Dean Chevrolet Stadium - Jupiter,"",03/23/25,03/23/25,04:05 PM,04:05 PM,FALSE,TRUE,03/23/25,12:05 PM,12:05 PM,FREE,BUSY
03/27/25,04:05 PM,04:05 PM,Phillies at Nationals,Nationals Park - Washington,"Local TV: MASN ----- Local Radio: 106.7 The Fan- DC 87.7",03/27/25,03/27/25,07:05 PM,07:05 PM,FALSE,TRUE,03/27/25,03:05 PM,03:05 PM,FREE,BUSY
03/29/25,04:05 PM,04:05 PM,Phillies at Nationals,Nationals Park - Washington,"Local TV: MASN ----- Local Radio: 106.7 The Fan- DC 87.7",03/29/25,03/29/25,07:05 PM,07:05 PM,FALSE,TRUE,03/29/25,03:05 PM,03:05 PM,FREE,BUSY
03/30/25,01:35 PM,01:35 PM,Phillies at Nationals,Nationals Park - Washington,"Local TV: MASN ----- Local Radio: 106.7 The Fan- DC 87.7",03/30/25,03/30/25,04:35 PM,04:35 PM,FALSE,TRUE,03/30/25,12:35 PM,12:35 PM,FREE,BUSY
03/31/25,07:07 PM,07:07 PM,Nationals at Blue Jays,Rogers Centre - Toronto,"Local TV: MASN 2 ----- Local Radio: 106.7 The Fan- DC 87.7",03/31/25,03/31/25,10:07 PM,10:07 PM,FALSE,TRUE,03/31/25,06:07 PM,06:07 PM,FREE,BUSY
04/01/25,07:07 PM,07:07 PM,Nationals at Blue Jays,Rogers Centre - Toronto,"Local TV: MASN 2 ----- Local Radio: 106.7 The Fan- DC 87.7",04/01/25,04/01/25,10:07 PM,10:07 PM,FALSE,TRUE,04/01/25,06:07 PM,06:07 PM,FREE,BUSY
04/02/25,03:07 PM,03:07 PM,Nationals at Blue Jays,Rogers Centre - Toronto,"Local TV: MASN 2 ----- Local Radio: 106.7 The Fan- DC 87.7",04/02/25,04/02/25,06:07 PM,06:07 PM,FALSE,TRUE,04/02/25,02:07 PM,02:07 PM,FREE,BUSY
04/04/25,06:45 PM,06:45 PM,D-backs at Nationals,Nationals Park - Washington,"Local TV: MASN 2 ----- Local Radio: 106.7 The Fan- DC 87.7",04/04/25,04/04/25,09:45 PM,09:45 PM,FALSE,TRUE,04/04/25,05:45 PM,05:45 PM,FREE,BUSY
04/05/25,04:05 PM,04:05 PM,D-backs at Nationals,Nationals Park - Washington,"Local TV: MASN 2 ----- Local Radio: 106.7 The Fan- DC 87.7",04/05/25,04/05/25,07:05 PM,07:05 PM,FALSE,TRUE,04/05/25,03:05 PM,03:05 PM,FREE,BUSY
04/06/25,01:35 PM,01:35 PM,D-backs at Nationals,Nationals Park - Washington,"Local TV: MASN 2 ----- Local Radio: 106.7 The Fan- DC 87.7",04/06/25,04/06/25,04:35 PM,04:35 PM,FALSE,TRUE,04/06/25,12:35 PM,12:35 PM,FREE,BUSY
04/07/25,06:45 PM,06:45 PM,Dodgers at Nationals,Nationals Park - Washington,"Local TV: MASN ----- Local Radio: 106.7 The Fan- DC 87.7",04/07/25,04/07/25,09:45 PM,09:45 PM,FALSE,TRUE,04/07/25,05:45 PM,05:45 PM,FREE,BUSY
04/08/25,06:45 PM,06:45 PM,Dodgers at Nationals,Nationals Park - Washington,"Local TV: MASN ----- Local Radio: 106.7 The Fan- DC 87.7",04/08/25,04/08/25,09:45 PM,09:45 PM,FALSE,TRUE,04/08/25,05:45 PM,05:45 PM,FREE,BUSY
04/09/25,04:05 PM,04:05 PM,Dodgers at Nationals,Nationals Park - Washington,"Local TV: MASN ----- Local Radio: 106.7 The Fan- DC 87.7",04/09/25,04/09/25,07:05 PM,07:05 PM,FALSE,TRUE,04/09/25,03:05 PM,03:05 PM,FREE,BUSY
04/11/25,07:10 PM,07:10 PM,Nationals at Marlins,loanDepot park - Miami,"Local TV: MASN 2 ----- Local Radio: 106.7 The Fan- DC 87.7",04/11/25,04/11/25,10:10 PM,10:10 PM,FALSE,TRUE,04/11/25,06:10 PM,06:10 PM,FREE,BUSY
04/12/25,04:10 PM,04:10 PM,Nationals at Marlins,loanDepot park - Miami,"Local TV: MASN 2 ----- Local Radio: 106.7 The Fan- DC 87.7",04/12/25,04/12/25,07:10 PM,07:10 PM,FALSE,TRUE,04/12/25,03:10 PM,03:10 PM,FREE,BUSY
04/13/25,01:40 PM,01:40 PM,Nationals at Marlins,loanDepot park - Miami,"Local TV: MASN 2 ----- Local Radio: 106.7 The Fan- DC 87.7",04/13/25,04/13/25,04:40 PM,04:40 PM,FALSE,TRUE,04/13/25,12:40 PM,12:40 PM,FREE,BUSY
04/14/25,06:40 PM,06:40 PM,Nationals at Pirates,PNC Park - Pittsburgh,"Local TV: MASN ----- Local Radio: 106.7 The Fan- DC 87.7",04/14/25,04/14/25,09:40 PM,09:40 PM,FALSE,TRUE,04/14/25,05:40 PM,05:40 PM,FREE,BUSY
04/15/25,06:40 PM,06:40 PM,Nationals at Pirates,PNC Park - Pittsburgh,"Local TV: MASN ----- Local Radio: 106.7 The Fan- DC 87.7",04/15/25,04/15/25,09:40 PM,09:40 PM,FALSE,TRUE,04/15/25,05:40 PM,05:40 PM,FREE,BUSY
04/16/25,06:40 PM,06:40 PM,Nationals at Pirates,PNC Park - Pittsburgh,"Local TV: MASN ----- Local Radio: 106.7 The Fan- DC 87.7",04/16/25,04/16/25,09:40 PM,09:40 PM,FALSE,TRUE,04/16/25,05:40 PM,05:40 PM,FREE,BUSY
04/17/25,12:35 PM,12:35 PM,Nationals at Pirates,PNC Park - Pittsburgh,"Local TV: MASN- MLBN (out-of-market only) ----- Local Radio: 106.7 The Fan- DC 87.7",04/17/25,04/17/25,03:35 PM,03:35 PM,FALSE,TRUE,04/17/25,11:35 AM,11:35 AM,FREE,BUSY
04/19/25,04:10 PM,04:10 PM,Nationals at Rockies,Coors Field - Denver,"Local TV: MASN ----- Local Radio: 106.7 The Fan- DC 87.7",04/19/25,04/19/25,07:10 PM,07:10 PM,FALSE,TRUE,04/19/25,03:10 PM,03:10 PM,FREE,BUSY
04/20/25,03:10 PM,03:10 PM,Nationals at Rockies,Coors Field - Denver,"Local TV: MASN ----- Local Radio: 106.7 The Fan- DC 87.7",04/20/25,04/20/25,06:10 PM,06:10 PM,FALSE,TRUE,04/20/25,02:10 PM,02:10 PM,FREE,BUSY
04/20/25,08:10 PM,08:10 PM,Nationals at Rockies,Coors Field - Denver,"Local TV: MASN ----- Local Radio: 106.7 The Fan- DC 87.7",04/20/25,04/20/25,11:10 PM,11:10 PM,FALSE,TRUE,04/20/25,07:10 PM,07:10 PM,FREE,BUSY
04/22/25,06:45 PM,06:45 PM,Orioles at Nationals,Nationals Park - Washington,"Local TV: MASN ----- Local Radio: 106.7 The Fan- DC 87.7",04/22/25,04/22/25,09:45 PM,09:45 PM,FALSE,TRUE,04/22/25,05:45 PM,05:45 PM,FREE,BUSY
04/23/25,06:45 PM,06:45 PM,Orioles at Nationals,Nationals Park - Washington,"Local TV: MASN ----- Local Radio: 106.7 The Fan- DC 87.7",04/23/25,04/23/25,09:45 PM,09:45 PM,FALSE,TRUE,04/23/25,05:45 PM,05:45 PM,FREE,BUSY
04/24/25,06:45 PM,06:45 PM,Orioles at Nationals,Nationals Park - Washington,"Local TV: MASN- MLBN (out-of-market only) ----- Local Radio: 106.7 The Fan- DC 87.7",04/24/25,04/24/25,09:45 PM,09:45 PM,FALSE,TRUE,04/24/25,05:45 PM,05:45 PM,FREE,BUSY
04/25/25,06:45 PM,06:45 PM,Mets at Nationals,Nationals Park - Washington,"Local TV: MASN ----- Local Radio: The Team 980- DC 87.7",04/25/25,04/25/25,09:45 PM,09:45 PM,FALSE,TRUE,04/25/25,05:45 PM,05:45 PM,FREE,BUSY
04/26/25,04:05 PM,04:05 PM,Mets at Nationals,Nationals Park - Washington,"Local TV: MASN ----- Local Radio: 106.7 The Fan- DC 87.7",04/26/25,04/26/25,07:05 PM,07:05 PM,FALSE,TRUE,04/26/25,03:05 PM,03:05 PM,FREE,BUSY
04/27/25,01:35 PM,01:35 PM,Mets at Nationals,Nationals Park - Washington,"Local TV: MASN 2 ----- Local Radio: 106.7 The Fan- DC 87.7",04/27/25,04/27/25,04:35 PM,04:35 PM,FALSE,TRUE,04/27/25,12:35 PM,12:35 PM,FREE,BUSY
04/28/25,04:05 PM,04:05 PM,Mets at Nationals,Nationals Park - Washington,"Local TV: MASN 2- MLBN (out-of-market only) ----- Local Radio: 106.7 The Fan- DC 87.7",04/28/25,04/28/25,07:05 PM,07:05 PM,FALSE,TRUE,04/28/25,03:05 PM,03:05 PM,FREE,BUSY
04/29/25,06:45 PM,06:45 PM,Nationals at Phillies,Citizens Bank Park - Philadelphia,"Local TV: MASN 2 ----- Local Radio: 106.7 The Fan- DC 87.7",04/29/25,04/29/25,09:45 PM,09:45 PM,FALSE,TRUE,04/29/25,05:45 PM,05:45 PM,FREE,BUSY
04/30/25,06:45 PM,06:45 PM,Nationals at Phillies,Citizens Bank Park - Philadelphia,"Local TV: MASN 2 ----- Local Radio: The Team 980- DC 87.7",04/30/25,04/30/25,09:45 PM,09:45 PM,FALSE,TRUE,04/30/25,05:45 PM,05:45 PM,FREE,BUSY
05/01/25,06:45 PM,06:45 PM,Nationals at Phillies,Citizens Bank Park - Philadelphia,"Local TV: MASN- MLBN (out-of-market only) ----- Local Radio: 106.7 The Fan- DC 87.7",05/01/25,05/01/25,09:45 PM,09:45 PM,FALSE,TRUE,05/01/25,05:45 PM,05:45 PM,FREE,BUSY
05/02/25,06:10 PM,06:10 PM,Nationals at Reds,Great American Ball Park - Cincinnati,"Local TV: MASN 2 ----- Local Radio: 106.7 The Fan- DC 87.7",05/02/25,05/02/25,09:10 PM,09:10 PM,FALSE,TRUE,05/02/25,05:10 PM,05:10 PM,FREE,BUSY
05/03/25,06:40 PM,06:40 PM,Nationals at Reds,Great American Ball Park - Cincinnati,"Local TV: MASN ----- Local Radio: 106.7 The Fan- DC 87.7",05/03/25,05/03/25,09:40 PM,09:40 PM,FALSE,TRUE,05/03/25,05:40 PM,05:40 PM,FREE,BUSY
05/04/25,04:10 PM,04:10 PM,Nationals at Reds,Great American Ball Park - Cincinnati,"Local TV: MASN 2 ----- Local Radio: 106.7 The Fan- DC 87.7",05/04/25,05/04/25,07:10 PM,07:10 PM,FALSE,TRUE,05/04/25,03:10 PM,03:10 PM,FREE,BUSY
05/06/25,03:35 PM,03:35 PM,Guardians at Nationals,Nationals Park - Washington,"Local TV: MASN 2 ----- Local Radio: The Team 980- DC 87.7",05/06/25,05/06/25,06:35 PM,06:35 PM,FALSE,TRUE,05/06/25,02:35 PM,02:35 PM,FREE,BUSY
05/06/25,,,Guardians at Nationals - Time TBD,Nationals Park - Washington,"Local TV: MASN 2 ----- Local Radio: The Team 980- DC 87.7",05/06/25,05/06/25,,,FALSE,TRUE,05/06/25,,,FREE,BUSY
05/07/25,12:05 PM,12:05 PM,Guardians at Nationals,Nationals Park - Washington,"Local TV: MASN 2 ----- Local Radio: 106.7 The Fan- DC 87.7",05/07/25,05/07/25,03:05 PM,03:05 PM,FALSE,TRUE,05/07/25,11:05 AM,11:05 AM,FREE,BUSY
05/09/25,06:45 PM,06:45 PM,Cardinals at Nationals,Nationals Park - Washington,"Local TV: Apple TV+ ----- Local Radio: 106.7 The Fan- DC 87.7",05/09/25,05/09/25,09:45 PM,09:45 PM,FALSE,TRUE,05/09/25,05:45 PM,05:45 PM,FREE,BUSY
05/10/25,04:05 PM,04:05 PM,Cardinals at Nationals,Nationals Park - Washington,"Local TV: MASN ----- Local Radio: The Team 980- DC 87.7",05/10/25,05/10/25,07:05 PM,07:05 PM,FALSE,TRUE,05/10/25,03:05 PM,03:05 PM,FREE,BUSY
05/11/25,01:35 PM,01:35 PM,Cardinals at Nationals,Nationals Park - Washington,"Local TV: MASN ----- Local Radio: 106.7 The Fan- DC 87.7",05/11/25,05/11/25,04:35 PM,04:35 PM,FALSE,TRUE,05/11/25,12:35 PM,12:35 PM,FREE,BUSY
05/12/25,07:15 PM,07:15 PM,Nationals at Braves,Truist Park - Atlanta,"Local TV: MASN ----- Local Radio: The Team 980- DC 87.7",05/12/25,05/12/25,10:15 PM,10:15 PM,FALSE,TRUE,05/12/25,06:15 PM,06:15 PM,FREE,BUSY
05/13/25,07:15 PM,07:15 PM,Nationals at Braves,Truist Park - Atlanta,"Local TV: MASN ----- Local Radio: 106.7 The Fan- DC 87.7",05/13/25,05/13/25,10:15 PM,10:15 PM,FALSE,TRUE,05/13/25,06:15 PM,06:15 PM,FREE,BUSY
05/14/25,07:15 PM,07:15 PM,Nationals at Braves,Truist Park - Atlanta,"Local TV: MASN ----- Local Radio: 106.7 The Fan- DC 87.7",05/14/25,05/14/25,10:15 PM,10:15 PM,FALSE,TRUE,05/14/25,06:15 PM,06:15 PM,FREE,BUSY
05/15/25,12:15 PM,12:15 PM,Nationals at Braves,Truist Park - Atlanta,"Local TV: MASN- MLBN (out-of-market only) ----- Local Radio: 106.7 The Fan- DC 87.7",05/15/25,05/15/25,03:15 PM,03:15 PM,FALSE,TRUE,05/15/25,11:15 AM,11:15 AM,FREE,BUSY
05/16/25,07:05 PM,07:05 PM,Nationals at Orioles,Oriole Park at Camden Yards - Baltimore,"Local TV: MASN 2 ----- Local Radio: 106.7 The Fan- DC 87.7",05/16/25,05/16/25,10:05 PM,10:05 PM,FALSE,TRUE,05/16/25,06:05 PM,06:05 PM,FREE,BUSY
05/17/25,04:05 PM,04:05 PM,Nationals at Orioles,Oriole Park at Camden Yards - Baltimore,"Local TV: MASN 2- FS1 ----- Local Radio: 106.7 The Fan- DC 87.7",05/17/25,05/17/25,07:05 PM,07:05 PM,FALSE,TRUE,05/17/25,03:05 PM,03:05 PM,FREE,BUSY
05/18/25,01:35 PM,01:35 PM,Nationals at Orioles,Oriole Park at Camden Yards - Baltimore,"Local TV: MASN 2 ----- Local Radio: 106.7 The Fan- DC 87.7",05/18/25,05/18/25,04:35 PM,04:35 PM,FALSE,TRUE,05/18/25,12:35 PM,12:35 PM,FREE,BUSY
05/20/25,06:45 PM,06:45 PM,Braves at Nationals,Nationals Park - Washington,"Local TV: MASN ----- Local Radio: 106.7 The Fan- DC 87.7",05/20/25,05/20/25,09:45 PM,09:45 PM,FALSE,TRUE,05/20/25,05:45 PM,05:45 PM,FREE,BUSY
05/22/25,06:45 PM,06:45 PM,Braves at Nationals,Nationals Park - Washington,"Local TV: MASN 2 ----- Local Radio: 106.7 The Fan- DC 87.7",05/22/25,05/22/25,09:45 PM,09:45 PM,FALSE,TRUE,05/22/25,05:45 PM,05:45 PM,FREE,BUSY
05/23/25,06:45 PM,06:45 PM,Giants at Nationals,Nationals Park - Washington,"Local TV: MASN 2 ----- Local Radio: 106.7 The Fan- DC 87.7",05/23/25,05/23/25,09:45 PM,09:45 PM,FALSE,TRUE,05/23/25,05:45 PM,05:45 PM,FREE,BUSY
05/24/25,04:05 PM,04:05 PM,Giants at Nationals,Nationals Park - Washington,"Local TV: MASN 2 ----- Local Radio: 106.7 The Fan- DC 87.7",05/24/25,05/24/25,07:05 PM,07:05 PM,FALSE,TRUE,05/24/25,03:05 PM,03:05 PM,FREE,BUSY
05/25/25,01:35 PM,01:35 PM,Giants at Nationals,Nationals Park - Washington,"Local TV: MASN 2 ----- Local Radio: 106.7 The Fan- DC 87.7",05/25/25,05/25/25,04:35 PM,04:35 PM,FALSE,TRUE,05/25/25,12:35 PM,12:35 PM,FREE,BUSY
05/27/25,09:40 PM,09:40 PM,Nationals at Mariners,T-Mobile Park - Seattle,"Local TV: MASN 2- MLBN (out-of-market only) ----- Local Radio: 106.7 The Fan- DC 87.7",05/28/25,05/28/25,12:40 AM,12:40 AM,FALSE,TRUE,05/27/25,08:40 PM,08:40 PM,FREE,BUSY
05/28/25,09:40 PM,09:40 PM,Nationals at Mariners,T-Mobile Park - Seattle,"Local TV: MASN 2 ----- Local Radio: 106.7 The Fan- DC 87.7",05/29/25,05/29/25,12:40 AM,12:40 AM,FALSE,TRUE,05/28/25,08:40 PM,08:40 PM,FREE,BUSY
05/29/25,09:40 PM,09:40 PM,Nationals at Mariners,T-Mobile Park - Seattle,"Local TV: MASN- FS1 ----- Local Radio: 106.7 The Fan- DC 87.7",05/30/25,05/30/25,12:40 AM,12:40 AM,FALSE,TRUE,05/29/25,08:40 PM,08:40 PM,FREE,BUSY
05/30/25,09:40 PM,09:40 PM,Nationals at D-backs,Chase Field - Phoenix,"Local TV: MASN 2 ----- Local Radio: 106.7 The Fan- DC 87.7",05/31/25,05/31/25,12:40 AM,12:40 AM,FALSE,TRUE,05/30/25,08:40 PM,08:40 PM,FREE,BUSY
05/31/25,10:10 PM,10:10 PM,Nationals at D-backs,Chase Field - Phoenix,"Local TV: MASN 2- FS1 ----- Local Radio: 106.7 The Fan- DC 87.7",06/01/25,06/01/25,01:10 AM,01:10 AM,FALSE,TRUE,05/31/25,09:10 PM,09:10 PM,FREE,BUSY
06/01/25,04:10 PM,04:10 PM,Nationals at D-backs,Chase Field - Phoenix,"Local TV: MASN 2 ----- Local Radio: 106.7 The Fan- DC 87.7",06/01/25,06/01/25,07:10 PM,07:10 PM,FALSE,TRUE,06/01/25,03:10 PM,03:10 PM,FREE,BUSY
06/03/25,06:45 PM,06:45 PM,Cubs at Nationals,Nationals Park - Washington,"Local TV: MASN ----- Local Radio: 106.7 The Fan- DC 87.7",06/03/25,06/03/25,09:45 PM,09:45 PM,FALSE,TRUE,06/03/25,05:45 PM,05:45 PM,FREE,BUSY
06/04/25,06:45 PM,06:45 PM,Cubs at Nationals,Nationals Park - Washington,"Local TV: MASN ----- Local Radio: 106.7 The Fan- DC 87.7",06/04/25,06/04/25,09:45 PM,09:45 PM,FALSE,TRUE,06/04/25,05:45 PM,05:45 PM,FREE,BUSY
06/05/25,06:45 PM,06:45 PM,Cubs at Nationals,Nationals Park - Washington,"Local TV: MASN ----- Local Radio: 106.7 The Fan- DC 87.7",06/05/25,06/05/25,09:45 PM,09:45 PM,FALSE,TRUE,06/05/25,05:45 PM,05:45 PM,FREE,BUSY
06/06/25,06:45 PM,06:45 PM,Rangers at Nationals,Nationals Park - Washington,"Local TV: MASN ----- Local Radio: 106.7 The Fan- DC 87.7",06/06/25,06/06/25,09:45 PM,09:45 PM,FALSE,TRUE,06/06/25,05:45 PM,05:45 PM,FREE,BUSY
06/07/25,04:05 PM,04:05 PM,Rangers at Nationals,Nationals Park - Washington,"Local TV: MASN ----- Local Radio: 106.7 The Fan- DC 87.7",06/07/25,06/07/25,07:05 PM,07:05 PM,FALSE,TRUE,06/07/25,03:05 PM,03:05 PM,FREE,BUSY
06/08/25,01:35 PM,01:35 PM,Rangers at Nationals,Nationals Park - Washington,"Local TV: MASN ----- Local Radio: 106.7 The Fan- DC 87.7",06/08/25,06/08/25,04:35 PM,04:35 PM,FALSE,TRUE,06/08/25,12:35 PM,12:35 PM,FREE,BUSY
06/10/25,07:10 PM,07:10 PM,Nationals at Mets,Citi Field - Flushing,"Local TV: MASN ----- Local Radio: 106.7 The Fan- DC 87.7",06/10/25,06/10/25,10:10 PM,10:10 PM,FALSE,TRUE,06/10/25,06:10 PM,06:10 PM,FREE,BUSY
06/11/25,07:10 PM,07:10 PM,Nationals at Mets,Citi Field - Flushing,"Local TV: MASN ----- Local Radio: 106.7 The Fan- DC 87.7",06/11/25,06/11/25,10:10 PM,10:10 PM,FALSE,TRUE,06/11/25,06:10 PM,06:10 PM,FREE,BUSY
06/12/25,01:10 PM,01:10 PM,Nationals at Mets,Citi Field - Flushing,"Local TV: MASN- MLBN (out-of-market only) ----- Local Radio: 106.7 The Fan- DC 87.7",06/12/25,06/12/25,04:10 PM,04:10 PM,FALSE,TRUE,06/12/25,12:10 PM,12:10 PM,FREE,BUSY
06/13/25,06:45 PM,06:45 PM,Marlins at Nationals,Nationals Park - Washington,"Local TV: MASN 2 ----- Local Radio: 106.7 The Fan- DC 87.7",06/13/25,06/13/25,09:45 PM,09:45 PM,FALSE,TRUE,06/13/25,05:45 PM,05:45 PM,FREE,BUSY
06/14/25,01:05 PM,01:05 PM,Marlins at Nationals,Nationals Park - Washington,"Local TV: MASN 2- MLBN (out-of-market only) ----- Local Radio: 106.7 The Fan- DC 87.7",06/14/25,06/14/25,04:05 PM,04:05 PM,FALSE,TRUE,06/14/25,12:05 PM,12:05 PM,FREE,BUSY
06/15/25,01:35 PM,01:35 PM,Marlins at Nationals,Nationals Park - Washington,"Local TV: MASN 2 ----- Local Radio: 106.7 The Fan- DC 87.7",06/15/25,06/15/25,04:35 PM,04:35 PM,FALSE,TRUE,06/15/25,12:35 PM,12:35 PM,FREE,BUSY
06/16/25,06:45 PM,06:45 PM,Rockies at Nationals,Nationals Park - Washington,"Local TV: MASN ----- Local Radio: 106.7 The Fan- DC 87.7",06/16/25,06/16/25,09:45 PM,09:45 PM,FALSE,TRUE,06/16/25,05:45 PM,05:45 PM,FREE,BUSY
06/17/25,06:45 PM,06:45 PM,Rockies at Nationals,Nationals Park - Washington,"Local TV: MASN ----- Local Radio: 106.7 The Fan- DC 87.7",06/17/25,06/17/25,09:45 PM,09:45 PM,FALSE,TRUE,06/17/25,05:45 PM,05:45 PM,FREE,BUSY
06/18/25,06:45 PM,06:45 PM,Rockies at Nationals,Nationals Park - Washington,"Local TV: MASN ----- Local Radio: 106.7 The Fan- DC 87.7",06/18/25,06/18/25,09:45 PM,09:45 PM,FALSE,TRUE,06/18/25,05:45 PM,05:45 PM,FREE,BUSY
06/19/25,01:05 PM,01:05 PM,Rockies at Nationals,Nationals Park - Washington,"Local TV: MASN ----- Local Radio: 106.7 The Fan- DC 87.7",06/19/25,06/19/25,04:05 PM,04:05 PM,FALSE,TRUE,06/19/25,12:05 PM,12:05 PM,FREE,BUSY
06/20/25,10:10 PM,10:10 PM,Nationals at Dodgers,Dodger Stadium - Los Angeles,"Local TV: MASN 2- MLBN (out-of-market only) ----- Local Radio: 106.7 The Fan- DC 87.7",06/21/25,06/21/25,01:10 AM,01:10 AM,FALSE,TRUE,06/20/25,09:10 PM,09:10 PM,FREE,BUSY
06/21/25,10:10 PM,10:10 PM,Nationals at Dodgers,Dodger Stadium - Los Angeles,"Local TV: MASN- MLBN (out-of-market only) ----- Local Radio: 106.7 The Fan- DC 87.7",06/22/25,06/22/25,01:10 AM,01:10 AM,FALSE,TRUE,06/21/25,09:10 PM,09:10 PM,FREE,BUSY
06/22/25,04:10 PM,04:10 PM,Nationals at Dodgers,Dodger Stadium - Los Angeles,"Local TV: MASN ----- Local Radio: 106.7 The Fan- DC 87.7",06/22/25,06/22/25,07:10 PM,07:10 PM,FALSE,TRUE,06/22/25,03:10 PM,03:10 PM,FREE,BUSY
06/23/25,09:40 PM,09:40 PM,Nationals at Padres,Petco Park - San Diego,"Local TV: MASN 2 ----- Local Radio: 106.7 The Fan- DC 87.7",06/24/25,06/24/25,12:40 AM,12:40 AM,FALSE,TRUE,06/23/25,08:40 PM,08:40 PM,FREE,BUSY
06/24/25,09:40 PM,09:40 PM,Nationals at Padres,Petco Park - San Diego,"Local TV: MASN 2- MLBN (out-of-market only) ----- Local Radio: 106.7 The Fan- DC 87.7",06/25/25,06/25/25,12:40 AM,12:40 AM,FALSE,TRUE,06/24/25,08:40 PM,08:40 PM,FREE,BUSY
06/25/25,04:10 PM,04:10 PM,Nationals at Padres,Petco Park - San Diego,"Local TV: MASN 2 ----- Local Radio: 106.7 The Fan- DC 87.7",06/25/25,06/25/25,07:10 PM,07:10 PM,FALSE,TRUE,06/25/25,03:10 PM,03:10 PM,FREE,BUSY
06/27/25,09:38 PM,09:38 PM,Nationals at Angels,Angel Stadium - Anaheim,"Local TV: MASN ----- Local Radio: 106.7 The Fan- DC 87.7",06/28/25,06/28/25,12:38 AM,12:38 AM,FALSE,TRUE,06/27/25,08:38 PM,08:38 PM,FREE,BUSY
06/28/25,09:38 PM,09:38 PM,Nationals at Angels,Angel Stadium - Anaheim,"Local TV: MASN- MLBN (out-of-market only) ----- Local Radio: 106.7 The Fan- DC 87.7",06/29/25,06/29/25,12:38 AM,12:38 AM,FALSE,TRUE,06/28/25,08:38 PM,08:38 PM,FREE,BUSY
06/29/25,04:07 PM,04:07 PM,Nationals at Angels,Angel Stadium - Anaheim,"Local TV: MASN 2 ----- Local Radio: 106.7 The Fan- DC 87.7",06/29/25,06/29/25,07:07 PM,07:07 PM,FALSE,TRUE,06/29/25,03:07 PM,03:07 PM,FREE,BUSY
07/02/25,01:05 PM,01:05 PM,Tigers at Nationals,Nationals Park - Washington,"Local TV: MASN 2 ----- Local Radio: 106.7 The Fan- DC 87.7",07/02/25,07/02/25,04:05 PM,04:05 PM,FALSE,TRUE,07/02/25,12:05 PM,12:05 PM,FREE,BUSY
07/02/25,06:45 PM,06:45 PM,Tigers at Nationals,Nationals Park - Washington,"Local TV: MASN 2 ----- Local Radio: 106.7 The Fan- DC 87.7",07/02/25,07/02/25,09:45 PM,09:45 PM,FALSE,TRUE,07/02/25,05:45 PM,05:45 PM,FREE,BUSY
07/03/25,06:45 PM,06:45 PM,Tigers at Nationals,Nationals Park - Washington,"Local TV: MASN ----- Local Radio: 106.7 The Fan- DC 87.7",07/03/25,07/03/25,09:45 PM,09:45 PM,FALSE,TRUE,07/03/25,05:45 PM,05:45 PM,FREE,BUSY
07/04/25,11:05 AM,11:05 AM,Red Sox at Nationals,Nationals Park - Washington,"Local TV: MASN- MLBN (out-of-market only) ----- Local Radio: 106.7 The Fan- DC 87.7",07/04/25,07/04/25,02:05 PM,02:05 PM,FALSE,TRUE,07/04/25,10:05 AM,10:05 AM,FREE,BUSY
07/05/25,04:05 PM,04:05 PM,Red Sox at Nationals,Nationals Park - Washington,"Local TV: MASN ----- Local Radio: 106.7 The Fan- DC 87.7",07/05/25,07/05/25,07:05 PM,07:05 PM,FALSE,TRUE,07/05/25,03:05 PM,03:05 PM,FREE,BUSY
07/06/25,01:35 PM,01:35 PM,Red Sox at Nationals,Nationals Park - Washington,"Local TV: MASN ----- Local Radio: 106.7 The Fan- DC 87.7",07/06/25,07/06/25,04:35 PM,04:35 PM,FALSE,TRUE,07/06/25,12:35 PM,12:35 PM,FREE,BUSY
07/08/25,07:45 PM,07:45 PM,Nationals at Cardinals,Busch Stadium - St. Louis,"Local TV: MASN 2 ----- Local Radio: 106.7 The Fan- DC 87.7",07/08/25,07/08/25,10:45 PM,10:45 PM,FALSE,TRUE,07/08/25,06:45 PM,06:45 PM,FREE,BUSY
07/09/25,07:45 PM,07:45 PM,Nationals at Cardinals,Busch Stadium - St. Louis,"Local TV: MASN ----- Local Radio: 106.7 The Fan- DC 87.7",07/09/25,07/09/25,10:45 PM,10:45 PM,FALSE,TRUE,07/09/25,06:45 PM,06:45 PM,FREE,BUSY
07/10/25,07:45 PM,07:45 PM,Nationals at Cardinals,Busch Stadium - St. Louis,"Local TV: MASN ----- Local Radio: 106.7 The Fan- DC 87.7",07/10/25,07/10/25,10:45 PM,10:45 PM,FALSE,TRUE,07/10/25,06:45 PM,06:45 PM,FREE,BUSY
07/11/25,08:10 PM,08:10 PM,Nationals at Brewers,American Family Field - Milwaukee,"Local TV: MASN 2 ----- Local Radio: 106.7 The Fan- DC 87.7",07/11/25,07/11/25,11:10 PM,11:10 PM,FALSE,TRUE,07/11/25,07:10 PM,07:10 PM,FREE,BUSY
07/12/25,04:10 PM,04:10 PM,Nationals at Brewers,American Family Field - Milwaukee,"Local TV: MASN 2 ----- Local Radio: 106.7 The Fan- DC 87.7",07/12/25,07/12/25,07:10 PM,07:10 PM,FALSE,TRUE,07/12/25,03:10 PM,03:10 PM,FREE,BUSY
07/13/25,02:10 PM,02:10 PM,Nationals at Brewers,American Family Field - Milwaukee,"Local TV: MASN 2 ----- Local Radio: 106.7 The Fan- DC 87.7",07/13/25,07/13/25,05:10 PM,05:10 PM,FALSE,TRUE,07/13/25,01:10 PM,01:10 PM,FREE,BUSY
07/18/25,06:45 PM,06:45 PM,Padres at Nationals,Nationals Park - Washington,"Local TV: MASN ----- Local Radio: 106.7 The Fan- DC 87.7",07/18/25,07/18/25,09:45 PM,09:45 PM,FALSE,TRUE,07/18/25,05:45 PM,05:45 PM,FREE,BUSY
07/19/25,06:45 PM,06:45 PM,Padres at Nationals,Nationals Park - Washington,"Local TV: MASN ----- Local Radio: 106.7 The Fan- DC 87.7",07/19/25,07/19/25,09:45 PM,09:45 PM,FALSE,TRUE,07/19/25,05:45 PM,05:45 PM,FREE,BUSY
07/20/25,01:35 PM,01:35 PM,Padres at Nationals,Nationals Park - Washington,"Local TV: MASN ----- Local Radio: 106.7 The Fan- DC 87.7",07/20/25,07/20/25,04:35 PM,04:35 PM,FALSE,TRUE,07/20/25,12:35 PM,12:35 PM,FREE,BUSY
07/21/25,06:45 PM,06:45 PM,Reds at Nationals,Nationals Park - Washington,"Local TV: MASN ----- Local Radio: 106.7 The Fan- DC 87.7",07/21/25,07/21/25,09:45 PM,09:45 PM,FALSE,TRUE,07/21/25,05:45 PM,05:45 PM,FREE,BUSY
07/22/25,06:45 PM,06:45 PM,Reds at Nationals,Nationals Park - Washington,"Local TV: MASN ----- Local Radio: 106.7 The Fan- DC 87.7",07/22/25,07/22/25,09:45 PM,09:45 PM,FALSE,TRUE,07/22/25,05:45 PM,05:45 PM,FREE,BUSY
07/23/25,12:05 PM,12:05 PM,Reds at Nationals,Nationals Park - Washington,"Local TV: MASN- MLBN (out-of-market only) ----- Local Radio: 106.7 The Fan- DC 87.7",07/23/25,07/23/25,03:05 PM,03:05 PM,FALSE,TRUE,07/23/25,11:05 AM,11:05 AM,FREE,BUSY
07/25/25,08:10 PM,08:10 PM,Nationals at Twins,Target Field - Minneapolis,"Local TV: MASN 2- MLBN (out-of-market only) ----- Local Radio: 106.7 The Fan- DC 87.7",07/25/25,07/25/25,11:10 PM,11:10 PM,FALSE,TRUE,07/25/25,07:10 PM,07:10 PM,FREE,BUSY
07/26/25,07:10 PM,07:10 PM,Nationals at Twins,Target Field - Minneapolis,"Local TV: MASN 2 ----- Local Radio: 106.7 The Fan- DC 87.7",07/26/25,07/26/25,10:10 PM,10:10 PM,FALSE,TRUE,07/26/25,06:10 PM,06:10 PM,FREE,BUSY
07/27/25,02:10 PM,02:10 PM,Nationals at Twins,Target Field - Minneapolis,"Local TV: MASN 2 ----- Local Radio: 106.7 The Fan- DC 87.7",07/27/25,07/27/25,05:10 PM,05:10 PM,FALSE,TRUE,07/27/25,01:10 PM,01:10 PM,FREE,BUSY
07/28/25,08:10 PM,08:10 PM,Nationals at Astros,Daikin Park - Houston,"Local TV: MASN 2 ----- Local Radio: 106.7 The Fan- DC 87.7",07/28/25,07/28/25,11:10 PM,11:10 PM,FALSE,TRUE,07/28/25,07:10 PM,07:10 PM,FREE,BUSY
07/29/25,08:10 PM,08:10 PM,Nationals at Astros,Daikin Park - Houston,"Local TV: MASN 2 ----- Local Radio: 106.7 The Fan- DC 87.7",07/29/25,07/29/25,11:10 PM,11:10 PM,FALSE,TRUE,07/29/25,07:10 PM,07:10 PM,FREE,BUSY
07/30/25,02:10 PM,02:10 PM,Nationals at Astros,Daikin Park - Houston,"Local TV: MASN 2 ----- Local Radio: 106.7 The Fan- DC 87.7",07/30/25,07/30/25,05:10 PM,05:10 PM,FALSE,TRUE,07/30/25,01:10 PM,01:10 PM,FREE,BUSY
08/01/25,06:45 PM,06:45 PM,Brewers at Nationals,Nationals Park - Washington,"Local TV: Apple TV+ ----- Local Radio: 106.7 The Fan- DC 87.7",08/01/25,08/01/25,09:45 PM,09:45 PM,FALSE,TRUE,08/01/25,05:45 PM,05:45 PM,FREE,BUSY
08/02/25,04:05 PM,04:05 PM,Brewers at Nationals,Nationals Park - Washington,"Local TV: MASN ----- Local Radio: 106.7 The Fan- DC 87.7",08/02/25,08/02/25,07:05 PM,07:05 PM,FALSE,TRUE,08/02/25,03:05 PM,03:05 PM,FREE,BUSY
08/03/25,01:35 PM,01:35 PM,Brewers at Nationals,Nationals Park - Washington,"Local TV: MASN ----- Local Radio: 106.7 The Fan- DC 87.7",08/03/25,08/03/25,04:35 PM,04:35 PM,FALSE,TRUE,08/03/25,12:35 PM,12:35 PM,FREE,BUSY
08/05/25,06:45 PM,06:45 PM,Athletics at Nationals,Nationals Park - Washington,"Local TV: MASN 2 ----- Local Radio: 106.7 The Fan- DC 87.7",08/05/25,08/05/25,09:45 PM,09:45 PM,FALSE,TRUE,08/05/25,05:45 PM,05:45 PM,FREE,BUSY
08/06/25,06:45 PM,06:45 PM,Athletics at Nationals,Nationals Park - Washington,"Local TV: MASN ----- Local Radio: 106.7 The Fan- DC 87.7",08/06/25,08/06/25,09:45 PM,09:45 PM,FALSE,TRUE,08/06/25,05:45 PM,05:45 PM,FREE,BUSY
08/07/25,12:05 PM,12:05 PM,Athletics at Nationals,Nationals Park - Washington,"Local TV: MASN- MLBN (out-of-market only) ----- Local Radio: 106.7 The Fan- DC 87.7",08/07/25,08/07/25,03:05 PM,03:05 PM,FALSE,TRUE,08/07/25,11:05 AM,11:05 AM,FREE,BUSY
08/08/25,10:15 PM,10:15 PM,Nationals at Giants,Oracle Park - San Francisco,"Local TV: MASN 2 ----- Local Radio: 106.7 The Fan- DC 87.7",08/09/25,08/09/25,01:15 AM,01:15 AM,FALSE,TRUE,08/08/25,09:15 PM,09:15 PM,FREE,BUSY
08/09/25,04:05 PM,04:05 PM,Nationals at Giants,Oracle Park - San Francisco,"Local TV: MASN 2 ----- Local Radio: 106.7 The Fan- DC 87.7",08/09/25,08/09/25,07:05 PM,07:05 PM,FALSE,TRUE,08/09/25,03:05 PM,03:05 PM,FREE,BUSY
08/10/25,04:05 PM,04:05 PM,Nationals at Giants,Oracle Park - San Francisco,"Local TV: MASN 2 ----- Local Radio: 106.7 The Fan- DC 87.7",08/10/25,08/10/25,07:05 PM,07:05 PM,FALSE,TRUE,08/10/25,03:05 PM,03:05 PM,FREE,BUSY
08/11/25,07:40 PM,07:40 PM,Nationals at Royals,Kauffman Stadium - Kansas City,"Local TV: MASN ----- Local Radio: 106.7 The Fan- DC 87.7",08/11/25,08/11/25,10:40 PM,10:40 PM,FALSE,TRUE,08/11/25,06:40 PM,06:40 PM,FREE,BUSY
08/12/25,07:40 PM,07:40 PM,Nationals at Royals,Kauffman Stadium - Kansas City,"Local TV: MASN 2 ----- Local Radio: 106.7 The Fan- DC 87.7",08/12/25,08/12/25,10:40 PM,10:40 PM,FALSE,TRUE,08/12/25,06:40 PM,06:40 PM,FREE,BUSY
08/13/25,02:10 PM,02:10 PM,Nationals at Royals,Kauffman Stadium - Kansas City,"Local TV: MASN 2 ----- Local Radio: 106.7 The Fan- DC 87.7",08/13/25,08/13/25,05:10 PM,05:10 PM,FALSE,TRUE,08/13/25,01:10 PM,01:10 PM,FREE,BUSY
08/14/25,06:45 PM,06:45 PM,Phillies at Nationals,Nationals Park - Washington,"Local TV: MASN ----- Local Radio: 106.7 The Fan- DC 87.7",08/14/25,08/14/25,09:45 PM,09:45 PM,FALSE,TRUE,08/14/25,05:45 PM,05:45 PM,FREE,BUSY
08/15/25,06:45 PM,06:45 PM,Phillies at Nationals,Nationals Park - Washington,"Local TV: MASN ----- Local Radio: 106.7 The Fan- DC 87.7",08/15/25,08/15/25,09:45 PM,09:45 PM,FALSE,TRUE,08/15/25,05:45 PM,05:45 PM,FREE,BUSY
08/16/25,04:05 PM,04:05 PM,Phillies at Nationals,Nationals Park - Washington,"Local TV: MASN ----- Local Radio: 106.7 The Fan- DC 87.7",08/16/25,08/16/25,07:05 PM,07:05 PM,FALSE,TRUE,08/16/25,03:05 PM,03:05 PM,FREE,BUSY
08/17/25,11:35 AM,11:35 AM,Phillies at Nationals,Nationals Park - Washington,"Local TV: Roku ----- Local Radio: 106.7 The Fan- DC 87.7",08/17/25,08/17/25,02:35 PM,02:35 PM,FALSE,TRUE,08/17/25,10:35 AM,10:35 AM,FREE,BUSY
08/19/25,06:45 PM,06:45 PM,Mets at Nationals,Nationals Park - Washington,"Local TV: MASN 2 ----- Local Radio: 106.7 The Fan- DC 87.7",08/19/25,08/19/25,09:45 PM,09:45 PM,FALSE,TRUE,08/19/25,05:45 PM,05:45 PM,FREE,BUSY
08/20/25,06:45 PM,06:45 PM,Mets at Nationals,Nationals Park - Washington,"Local TV: MASN ----- Local Radio: 106.7 The Fan- DC 87.7",08/20/25,08/20/25,09:45 PM,09:45 PM,FALSE,TRUE,08/20/25,05:45 PM,05:45 PM,FREE,BUSY
08/21/25,04:05 PM,04:05 PM,Mets at Nationals,Nationals Park - Washington,"Local TV: MASN ----- Local Radio: 106.7 The Fan- DC 87.7",08/21/25,08/21/25,07:05 PM,07:05 PM,FALSE,TRUE,08/21/25,03:05 PM,03:05 PM,FREE,BUSY
08/22/25,06:45 PM,06:45 PM,Nationals at Phillies,Citizens Bank Park - Philadelphia,"Local TV: MASN 2 ----- Local Radio: 106.7 The Fan- DC 87.7",08/22/25,08/22/25,09:45 PM,09:45 PM,FALSE,TRUE,08/22/25,05:45 PM,05:45 PM,FREE,BUSY
08/23/25,06:05 PM,06:05 PM,Nationals at Phillies,Citizens Bank Park - Philadelphia,"Local TV: MASN 2 ----- Local Radio: 106.7 The Fan- DC 87.7",08/23/25,08/23/25,09:05 PM,09:05 PM,FALSE,TRUE,08/23/25,05:05 PM,05:05 PM,FREE,BUSY
08/24/25,01:35 PM,01:35 PM,Nationals at Phillies,Citizens Bank Park - Philadelphia,"Local TV: MASN 2 ----- Local Radio: 106.7 The Fan- DC 87.7",08/24/25,08/24/25,04:35 PM,04:35 PM,FALSE,TRUE,08/24/25,12:35 PM,12:35 PM,FREE,BUSY
08/25/25,07:05 PM,07:05 PM,Nationals at Yankees,Yankee Stadium - Bronx,"Local TV: MASN 2 ----- Local Radio: 106.7 The Fan- DC 87.7",08/25/25,08/25/25,10:05 PM,10:05 PM,FALSE,TRUE,08/25/25,06:05 PM,06:05 PM,FREE,BUSY
08/26/25,07:05 PM,07:05 PM,Nationals at Yankees,Yankee Stadium - Bronx,"Local TV: MASN 2 ----- Local Radio: 106.7 The Fan- DC 87.7",08/26/25,08/26/25,10:05 PM,10:05 PM,FALSE,TRUE,08/26/25,06:05 PM,06:05 PM,FREE,BUSY
08/27/25,01:05 PM,01:05 PM,Nationals at Yankees,Yankee Stadium - Bronx,"Local TV: MASN- MLBN (out-of-market only) ----- Local Radio: 106.7 The Fan- DC 87.7",08/27/25,08/27/25,04:05 PM,04:05 PM,FALSE,TRUE,08/27/25,12:05 PM,12:05 PM,FREE,BUSY
08/29/25,06:45 PM,06:45 PM,Rays at Nationals,Nationals Park - Washington,"Local TV: MASN ----- Local Radio: 106.7 The Fan- DC 87.7",08/29/25,08/29/25,09:45 PM,09:45 PM,FALSE,TRUE,08/29/25,05:45 PM,05:45 PM,FREE,BUSY
08/30/25,04:05 PM,04:05 PM,Rays at Nationals,Nationals Park - Washington,"Local TV: MASN ----- Local Radio: 106.7 The Fan- DC 87.7",08/30/25,08/30/25,07:05 PM,07:05 PM,FALSE,TRUE,08/30/25,03:05 PM,03:05 PM,FREE,BUSY
08/31/25,01:35 PM,01:35 PM,Rays at Nationals,Nationals Park - Washington,"Local TV: MASN ----- Local Radio: 106.7 The Fan- DC 87.7",08/31/25,08/31/25,04:35 PM,04:35 PM,FALSE,TRUE,08/31/25,12:35 PM,12:35 PM,FREE,BUSY
09/01/25,01:05 PM,01:05 PM,Marlins at Nationals,Nationals Park - Washington,"Local TV: MASN ----- Local Radio: 106.7 The Fan- DC 87.7",09/01/25,09/01/25,04:05 PM,04:05 PM,FALSE,TRUE,09/01/25,12:05 PM,12:05 PM,FREE,BUSY
09/02/25,06:45 PM,06:45 PM,Marlins at Nationals,Nationals Park - Washington,"Local TV: MASN ----- Local Radio: 106.7 The Fan- DC 87.7",09/02/25,09/02/25,09:45 PM,09:45 PM,FALSE,TRUE,09/02/25,05:45 PM,05:45 PM,FREE,BUSY
09/03/25,01:05 PM,01:05 PM,Marlins at Nationals,Nationals Park - Washington,"Local TV: MASN ----- Local Radio: 106.7 The Fan- DC 87.7",09/03/25,09/03/25,04:05 PM,04:05 PM,FALSE,TRUE,09/03/25,12:05 PM,12:05 PM,FREE,BUSY
09/05/25,02:20 PM,02:20 PM,Nationals at Cubs,Wrigley Field - Chicago,"Local TV: Apple TV+ ----- Local Radio: 106.7 The Fan- DC 87.7",09/05/25,09/05/25,05:20 PM,05:20 PM,FALSE,TRUE,09/05/25,01:20 PM,01:20 PM,FREE,BUSY
09/06/25,02:20 PM,02:20 PM,Nationals at Cubs,Wrigley Field - Chicago,"Local TV: MASN 2 ----- Local Radio: 106.7 The Fan- DC 87.7",09/06/25,09/06/25,05:20 PM,05:20 PM,FALSE,TRUE,09/06/25,01:20 PM,01:20 PM,FREE,BUSY
09/07/25,02:20 PM,02:20 PM,Nationals at Cubs,Wrigley Field - Chicago,"Local TV: MASN 2 ----- Local Radio: 106.7 The Fan- DC 87.7",09/07/25,09/07/25,05:20 PM,05:20 PM,FALSE,TRUE,09/07/25,01:20 PM,01:20 PM,FREE,BUSY
09/08/25,06:40 PM,06:40 PM,Nationals at Marlins,loanDepot park - Miami,"Local TV: MASN ----- Local Radio: 106.7 The Fan- DC 87.7",09/08/25,09/08/25,09:40 PM,09:40 PM,FALSE,TRUE,09/08/25,05:40 PM,05:40 PM,FREE,BUSY
09/09/25,06:40 PM,06:40 PM,Nationals at Marlins,loanDepot park - Miami,"Local TV: MASN 2 ----- Local Radio: 106.7 The Fan- DC 87.7",09/09/25,09/09/25,09:40 PM,09:40 PM,FALSE,TRUE,09/09/25,05:40 PM,05:40 PM,FREE,BUSY
09/10/25,06:40 PM,06:40 PM,Nationals at Marlins,loanDepot park - Miami,"Local TV: MASN 2 ----- Local Radio: 106.7 The Fan- DC 87.7",09/10/25,09/10/25,09:40 PM,09:40 PM,FALSE,TRUE,09/10/25,05:40 PM,05:40 PM,FREE,BUSY
09/11/25,06:40 PM,06:40 PM,Nationals at Marlins,loanDepot park - Miami,"Local TV: MASN ----- Local Radio: 106.7 The Fan- DC 87.7",09/11/25,09/11/25,09:40 PM,09:40 PM,FALSE,TRUE,09/11/25,05:40 PM,05:40 PM,FREE,BUSY
09/12/25,06:45 PM,06:45 PM,Pirates at Nationals,Nationals Park - Washington,"Local TV: MASN ----- Local Radio: 106.7 The Fan- DC 87.7",09/12/25,09/12/25,09:45 PM,09:45 PM,FALSE,TRUE,09/12/25,05:45 PM,05:45 PM,FREE,BUSY
09/13/25,04:05 PM,04:05 PM,Pirates at Nationals,Nationals Park - Washington,"Local TV: MASN ----- Local Radio: 106.7 The Fan- DC 87.7",09/13/25,09/13/25,07:05 PM,07:05 PM,FALSE,TRUE,09/13/25,03:05 PM,03:05 PM,FREE,BUSY
09/14/25,11:35 AM,11:35 AM,Pirates at Nationals,Nationals Park - Washington,"Local TV: MASN ----- Local Radio: 106.7 The Fan- DC 87.7",09/14/25,09/14/25,02:35 PM,02:35 PM,FALSE,TRUE,09/14/25,10:35 AM,10:35 AM,FREE,BUSY
09/15/25,06:45 PM,06:45 PM,Braves at Nationals,Nationals Park - Washington,"Local TV: MASN ----- Local Radio: 106.7 The Fan- DC 87.7",09/15/25,09/15/25,09:45 PM,09:45 PM,FALSE,TRUE,09/15/25,05:45 PM,05:45 PM,FREE,BUSY
09/16/25,01:05 PM,01:05 PM,Braves at Nationals,Nationals Park - Washington,"Local TV: MASN- MLBN (out-of-market only) ----- Local Radio: 106.7 The Fan- DC 87.7",09/16/25,09/16/25,04:05 PM,04:05 PM,FALSE,TRUE,09/16/25,12:05 PM,12:05 PM,FREE,BUSY
09/16/25,06:45 PM,06:45 PM,Braves at Nationals,Nationals Park - Washington,"Local TV: MASN ----- Local Radio: 106.7 The Fan- DC 87.7",09/16/25,09/16/25,09:45 PM,09:45 PM,FALSE,TRUE,09/16/25,05:45 PM,05:45 PM,FREE,BUSY
09/17/25,04:05 PM,04:05 PM,Braves at Nationals,Nationals Park - Washington,"Local TV: MASN ----- Local Radio: 106.7 The Fan- DC 87.7",09/17/25,09/17/25,07:05 PM,07:05 PM,FALSE,TRUE,09/17/25,03:05 PM,03:05 PM,FREE,BUSY
09/19/25,07:10 PM,07:10 PM,Nationals at Mets,Citi Field - Flushing,"Local TV: MASN 2 ----- Local Radio: 106.7 The Fan- DC 87.7",09/19/25,09/19/25,10:10 PM,10:10 PM,FALSE,TRUE,09/19/25,06:10 PM,06:10 PM,FREE,BUSY
09/20/25,04:10 PM,04:10 PM,Nationals at Mets,Citi Field - Flushing,"Local TV: MASN 2- MLBN (out-of-market only) ----- Local Radio: 106.7 The Fan- DC 87.7",09/20/25,09/20/25,07:10 PM,07:10 PM,FALSE,TRUE,09/20/25,03:10 PM,03:10 PM,FREE,BUSY
09/21/25,01:40 PM,01:40 PM,Nationals at Mets,Citi Field - Flushing,"Local TV: MASN 2 ----- Local Radio: 106.7 The Fan- DC 87.7",09/21/25,09/21/25,04:40 PM,04:40 PM,FALSE,TRUE,09/21/25,12:40 PM,12:40 PM,FREE,BUSY
09/22/25,07:15 PM,07:15 PM,Nationals at Braves,Truist Park - Atlanta,"Local TV: MASN- MLBN (out-of-market only) ----- Local Radio: 106.7 The Fan- DC 87.7",09/22/25,09/22/25,10:15 PM,10:15 PM,FALSE,TRUE,09/22/25,06:15 PM,06:15 PM,FREE,BUSY
09/23/25,07:15 PM,07:15 PM,Nationals at Braves,Truist Park - Atlanta,"Local TV: MASN ----- Local Radio: 106.7 The Fan- DC 87.7",09/23/25,09/23/25,10:15 PM,10:15 PM,FALSE,TRUE,09/23/25,06:15 PM,06:15 PM,FREE,BUSY
09/24/25,12:15 PM,12:15 PM,Nationals at Braves,Truist Park - Atlanta,"Local TV: MASN- MLBN (out-of-market only) ----- Local Radio: 106.7 The Fan- DC 87.7",09/24/25,09/24/25,03:15 PM,03:15 PM,FALSE,TRUE,09/24/25,11:15 AM,11:15 AM,FREE,BUSY
09/26/25,06:45 PM,06:45 PM,White Sox at Nationals,Nationals Park - Washington,"Local TV: MASN 2 ----- Local Radio: 106.7 The Fan- DC 87.7",09/26/25,09/26/25,09:45 PM,09:45 PM,FALSE,TRUE,09/26/25,05:45 PM,05:45 PM,FREE,BUSY
09/27/25,04:05 PM,04:05 PM,White Sox at Nationals,Nationals Park - Washington,"Local TV: MASN 2 ----- Local Radio: 106.7 The Fan- DC 87.7",09/27/25,09/27/25,07:05 PM,07:05 PM,FALSE,TRUE,09/27/25,03:05 PM,03:05 PM,FREE,BUSY
09/28/25,03:05 PM,03:05 PM,White Sox at Nationals,Nationals Park - Washington,"Local TV: MASN 2 ----- Local Radio: 106.7 The Fan- DC 87.7",09/28/25,09/28/25,06:05 PM,06:05 PM,FALSE,TRUE,09/28/25,02:05 PM,02:05 PM,FREE,BUSY
03/26/26,,,Nationals at Cubs - Time TBD,Wrigley Field - Chicago,"",03/26/26,03/26/26,,,FALSE,TRUE,03/26/26,,,FREE,BUSY
03/28/26,,,Nationals at Cubs - Time TBD,Wrigley Field - Chicago,"",03/28/26,03/28/26,,,FALSE,TRUE,03/28/26,,,FREE,BUSY
03/29/26,,,Nationals at Cubs - Time TBD,Wrigley Field - Chicago,"",03/29/26,03/29/26,,,FALSE,TRUE,03/29/26,,,FREE,BUSY
03/30/26,,,Nationals at Phillies - Time TBD,Citizens Bank Park - Philadelphia,"",03/30/26,03/30/26,,,FALSE,TRUE,03/30/26,,,FREE,BUSY
03/31/26,,,Nationals at Phillies - Time TBD,Citizens Bank Park - Philadelphia,"",03/31/26,03/31/26,,,FALSE,TRUE,03/31/26,,,FREE,BUSY
04/01/26,,,Nationals at Phillies - Time TBD,Citizens Bank Park - Philadelphia,"",04/01/26,04/01/26,,,FALSE,TRUE,04/01/26,,,FREE,BUSY
04/03/26,,,Dodgers at Nationals - Time TBD,Nationals Park - Washington,"",04/03/26,04/03/26,,,FALSE,TRUE,04/03/26,,,FREE,BUSY
04/04/26,,,Dodgers at Nationals - Time TBD,Nationals Park - Washington,"",04/04/26,04/04/26,,,FALSE,TRUE,04/04/26,,,FREE,BUSY
04/05/26,,,Dodgers at Nationals - Time TBD,Nationals Park - Washington,"",04/05/26,04/05/26,,,FALSE,TRUE,04/05/26,,,FREE,BUSY
04/06/26,,,Cardinals at Nationals - Time TBD,Nationals Park - Washington,"",04/06/26,04/06/26,,,FALSE,TRUE,04/06/26,,,FREE,BUSY
04/07/26,,,Cardinals at Nationals - Time TBD,Nationals Park - Washington,"",04/07/26,04/07/26,,,FALSE,TRUE,04/07/26,,,FREE,BUSY
04/08/26,,,Cardinals at Nationals - Time TBD,Nationals Park - Washington,"",04/08/26,04/08/26,,,FALSE,TRUE,04/08/26,,,FREE,BUSY
04/10/26,,,Nationals at Brewers - Time TBD,American Family Field - Milwaukee,"",04/10/26,04/10/26,,,FALSE,TRUE,04/10/26,,,FREE,BUSY
04/11/26,,,Nationals at Brewers - Time TBD,American Family Field - Milwaukee,"",04/11/26,04/11/26,,,FALSE,TRUE,04/11/26,,,FREE,BUSY
04/12/26,,,Nationals at Brewers - Time TBD,American Family Field - Milwaukee,"",04/12/26,04/12/26,,,FALSE,TRUE,04/12/26,,,FREE,BUSY
04/13/26,,,Nationals at Pirates - Time TBD,PNC Park - Pittsburgh,"",04/13/26,04/13/26,,,FALSE,TRUE,04/13/26,,,FREE,BUSY
04/14/26,,,Nationals at Pirates - Time TBD,PNC Park - Pittsburgh,"",04/14/26,04/14/26,,,FALSE,TRUE,04/14/26,,,FREE,BUSY
04/15/26,,,Nationals at Pirates - Time TBD,PNC Park - Pittsburgh,"",04/15/26,04/15/26,,,FALSE,TRUE,04/15/26,,,FREE,BUSY
04/16/26,,,Nationals at Pirates - Time TBD,PNC Park - Pittsburgh,"",04/16/26,04/16/26,,,FALSE,TRUE,04/16/26,,,FREE,BUSY
04/17/26,,,Giants at Nationals - Time TBD,Nationals Park - Washington,"",04/17/26,04/17/26,,,FALSE,TRUE,04/17/26,,,FREE,BUSY
04/18/26,,,Giants at Nationals - Time TBD,Nationals Park - Washington,"",04/18/26,04/18/26,,,FALSE,TRUE,04/18/26,,,FREE,BUSY
04/19/26,,,Giants at Nationals - Time TBD,Nationals Park - Washington,"",04/19/26,04/19/26,,,FALSE,TRUE,04/19/26,,,FREE,BUSY
04/20/26,,,Braves at Nationals - Time TBD,Nationals Park - Washington,"",04/20/26,04/20/26,,,FALSE,TRUE,04/20/26,,,FREE,BUSY
04/21/26,,,Braves at Nationals - Time TBD,Nationals Park - Washington,"",04/21/26,04/21/26,,,FALSE,TRUE,04/21/26,,,FREE,BUSY
04/22/26,,,Braves at Nationals - Time TBD,Nationals Park - Washington,"",04/22/26,04/22/26,,,FALSE,TRUE,04/22/26,,,FREE,BUSY
04/23/26,,,Braves at Nationals - Time TBD,Nationals Park - Washington,"",04/23/26,04/23/26,,,FALSE,TRUE,04/23/26,,,FREE,BUSY
04/24/26,,,Nationals at White Sox - Time TBD,Rate Field - Chicago,"",04/24/26,04/24/26,,,FALSE,TRUE,04/24/26,,,FREE,BUSY
04/25/26,,,Nationals at White Sox - Time TBD,Rate Field - Chicago,"",04/25/26,04/25/26,,,FALSE,TRUE,04/25/26,,,FREE,BUSY
04/26/26,,,Nationals at White Sox - Time TBD,Rate Field - Chicago,"",04/26/26,04/26/26,,,FALSE,TRUE,04/26/26,,,FREE,BUSY
04/28/26,,,Nationals at Mets - Time TBD,Citi Field - Flushing,"",04/28/26,04/28/26,,,FALSE,TRUE,04/28/26,,,FREE,BUSY
04/29/26,,,Nationals at Mets - Time TBD,Citi Field - Flushing,"",04/29/26,04/29/26,,,FALSE,TRUE,04/29/26,,,FREE,BUSY
04/30/26,,,Nationals at Mets - Time TBD,Citi Field - Flushing,"",04/30/26,04/30/26,,,FALSE,TRUE,04/30/26,,,FREE,BUSY
05/01/26,,,Brewers at Nationals - Time TBD,Nationals Park - Washington,"",05/01/26,05/01/26,,,FALSE,TRUE,05/01/26,,,FREE,BUSY
05/02/26,,,Brewers at Nationals - Time TBD,Nationals Park - Washington,"",05/02/26,05/02/26,,,FALSE,TRUE,05/02/26,,,FREE,BUSY
05/03/26,,,Brewers at Nationals - Time TBD,Nationals Park - Washington,"",05/03/26,05/03/26,,,FALSE,TRUE,05/03/26,,,FREE,BUSY
05/05/26,,,Twins at Nationals - Time TBD,Nationals Park - Washington,"",05/05/26,05/05/26,,,FALSE,TRUE,05/05/26,,,FREE,BUSY
05/06/26,,,Twins at Nationals - Time TBD,Nationals Park - Washington,"",05/06/26,05/06/26,,,FALSE,TRUE,05/06/26,,,FREE,BUSY
05/07/26,,,Twins at Nationals - Time TBD,Nationals Park - Washington,"",05/07/26,05/07/26,,,FALSE,TRUE,05/07/26,,,FREE,BUSY
05/08/26,,,Nationals at Marlins - Time TBD,loanDepot park - Miami,"",05/08/26,05/08/26,,,FALSE,TRUE,05/08/26,,,FREE,BUSY
05/09/26,,,Nationals at Marlins - Time TBD,loanDepot park - Miami,"",05/09/26,05/09/26,,,FALSE,TRUE,05/09/26,,,FREE,BUSY
05/10/26,,,Nationals at Marlins - Time TBD,loanDepot park - Miami,"",05/10/26,05/10/26,,,FALSE,TRUE,05/10/26,,,FREE,BUSY
05/12/26,,,Nationals at Reds - Time TBD,Great American Ball Park - Cincinnati,"",05/12/26,05/12/26,,,FALSE,TRUE,05/12/26,,,FREE,BUSY
05/13/26,,,Nationals at Reds - Time TBD,Great American Ball Park - Cincinnati,"",05/13/26,05/13/26,,,FALSE,TRUE,05/13/26,,,FREE,BUSY
05/14/26,,,Nationals at Reds - Time TBD,Great American Ball Park - Cincinnati,"",05/14/26,05/14/26,,,FALSE,TRUE,05/14/26,,,FREE,BUSY
05/15/26,,,Orioles at Nationals - Time TBD,Nationals Park - Washington,"",05/15/26,05/15/26,,,FALSE,TRUE,05/15/26,,,FREE,BUSY
05/16/26,,,Orioles at Nationals - Time TBD,Nationals Park - Washington,"",05/16/26,05/16/26,,,FALSE,TRUE,05/16/26,,,FREE,BUSY
05/17/26,,,Orioles at Nationals - Time TBD,Nationals Park - Washington,"",05/17/26,05/17/26,,,FALSE,TRUE,05/17/26,,,FREE,BUSY
05/18/26,,,Mets at Nationals - Time TBD,Nationals Park - Washington,"",05/18/26,05/18/26,,,FALSE,TRUE,05/18/26,,,FREE,BUSY
05/19/26,,,Mets at Nationals - Time TBD,Nationals Park - Washington,"",05/19/26,05/19/26,,,FALSE,TRUE,05/19/26,,,FREE,BUSY
05/20/26,,,Mets at Nationals - Time TBD,Nationals Park - Washington,"",05/20/26,05/20/26,,,FALSE,TRUE,05/20/26,,,FREE,BUSY
05/21/26,,,Mets at Nationals - Time TBD,Nationals Park - Washington,"",05/21/26,05/21/26,,,FALSE,TRUE,05/21/26,,,FREE,BUSY
05/22/26,,,Nationals at Braves - Time TBD,Truist Park - Atlanta,"",05/22/26,05/22/26,,,FALSE,TRUE,05/22/26,,,FREE,BUSY
05/23/26,,,Nationals at Braves - Time TBD,Truist Park - Atlanta,"",05/23/26,05/23/26,,,FALSE,TRUE,05/23/26,,,FREE,BUSY
05/24/26,,,Nationals at Braves - Time TBD,Truist Park - Atlanta,"",05/24/26,05/24/26,,,FALSE,TRUE,05/24/26,,,FREE,BUSY
05/25/26,,,Nationals at Guardians - Time TBD,Progressive Field - Cleveland,"",05/25/26,05/25/26,,,FALSE,TRUE,05/25/26,,,FREE,BUSY
05/26/26,,,Nationals at Guardians - Time TBD,Progressive Field - Cleveland,"",05/26/26,05/26/26,,,FALSE,TRUE,05/26/26,,,FREE,BUSY
05/27/26,,,Nationals at Guardians - Time TBD,Progressive Field - Cleveland,"",05/27/26,05/27/26,,,FALSE,TRUE,05/27/26,,,FREE,BUSY
05/29/26,,,Padres at Nationals - Time TBD,Nationals Park - Washington,"",05/29/26,05/29/26,,,FALSE,TRUE,05/29/26,,,FREE,BUSY
05/30/26,,,Padres at Nationals - Time TBD,Nationals Park - Washington,"",05/30/26,05/30/26,,,FALSE,TRUE,05/30/26,,,FREE,BUSY
05/31/26,,,Padres at Nationals - Time TBD,Nationals Park - Washington,"",05/31/26,05/31/26,,,FALSE,TRUE,05/31/26,,,FREE,BUSY
06/01/26,,,Marlins at Nationals - Time TBD,Nationals Park - Washington,"",06/01/26,06/01/26,,,FALSE,TRUE,06/01/26,,,FREE,BUSY
06/02/26,,,Marlins at Nationals - Time TBD,Nationals Park - Washington,"",06/02/26,06/02/26,,,FALSE,TRUE,06/02/26,,,FREE,BUSY
06/03/26,,,Marlins at Nationals - Time TBD,Nationals Park - Washington,"",06/03/26,06/03/26,,,FALSE,TRUE,06/03/26,,,FREE,BUSY
06/05/26,,,Nationals at D-backs - Time TBD,Chase Field - Phoenix,"",06/05/26,06/05/26,,,FALSE,TRUE,06/05/26,,,FREE,BUSY
06/06/26,,,Nationals at D-backs - Time TBD,Chase Field - Phoenix,"",06/06/26,06/06/26,,,FALSE,TRUE,06/06/26,,,FREE,BUSY
06/07/26,,,Nationals at D-backs - Time TBD,Chase Field - Phoenix,"",06/07/26,06/07/26,,,FALSE,TRUE,06/07/26,,,FREE,BUSY
06/08/26,,,Nationals at Giants - Time TBD,Oracle Park - San Francisco,"",06/08/26,06/08/26,,,FALSE,TRUE,06/08/26,,,FREE,BUSY
06/09/26,,,Nationals at Giants - Time TBD,Oracle Park - San Francisco,"",06/09/26,06/09/26,,,FALSE,TRUE,06/09/26,,,FREE,BUSY
06/10/26,,,Nationals at Giants - Time TBD,Oracle Park - San Francisco,"",06/10/26,06/10/26,,,FALSE,TRUE,06/10/26,,,FREE,BUSY
06/12/26,,,Mariners at Nationals - Time TBD,Nationals Park - Washington,"",06/12/26,06/12/26,,,FALSE,TRUE,06/12/26,,,FREE,BUSY
06/13/26,,,Mariners at Nationals - Time TBD,Nationals Park - Washington,"",06/13/26,06/13/26,,,FALSE,TRUE,06/13/26,,,FREE,BUSY
06/14/26,,,Mariners at Nationals - Time TBD,Nationals Park - Washington,"",06/14/26,06/14/26,,,FALSE,TRUE,06/14/26,,,FREE,BUSY
06/15/26,,,Royals at Nationals - Time TBD,Nationals Park - Washington,"",06/15/26,06/15/26,,,FALSE,TRUE,06/15/26,,,FREE,BUSY
06/16/26,,,Royals at Nationals - Time TBD,Nationals Park - Washington,"",06/16/26,06/16/26,,,FALSE,TRUE,06/16/26,,,FREE,BUSY
06/17/26,,,Royals at Nationals - Time TBD,Nationals Park - Washington,"",06/17/26,06/17/26,,,FALSE,TRUE,06/17/26,,,FREE,BUSY
06/19/26,,,Nationals at Rays - Time TBD,George M. Steinbrenner Field - Tampa,"",06/19/26,06/19/26,,,FALSE,TRUE,06/19/26,,,FREE,BUSY
06/20/26,,,Nationals at Rays - Time TBD,George M. Steinbrenner Field - Tampa,"",06/20/26,06/20/26,,,FALSE,TRUE,06/20/26,,,FREE,BUSY
06/21/26,,,Nationals at Rays - Time TBD,George M. Steinbrenner Field - Tampa,"",06/21/26,06/21/26,,,FALSE,TRUE,06/21/26,,,FREE,BUSY
06/22/26,,,Phillies at Nationals - Time TBD,Nationals Park - Washington,"",06/22/26,06/22/26,,,FALSE,TRUE,06/22/26,,,FREE,BUSY
06/23/26,,,Phillies at Nationals - Time TBD,Nationals Park - Washington,"",06/23/26,06/23/26,,,FALSE,TRUE,06/23/26,,,FREE,BUSY
06/24/26,,,Phillies at Nationals - Time TBD,Nationals Park - Washington,"",06/24/26,06/24/26,,,FALSE,TRUE,06/24/26,,,FREE,BUSY
06/25/26,,,Phillies at Nationals - Time TBD,Nationals Park - Washington,"",06/25/26,06/25/26,,,FALSE,TRUE,06/25/26,,,FREE,BUSY
06/26/26,,,Nationals at Orioles - Time TBD,Oriole Park at Camden Yards - Baltimore,"",06/26/26,06/26/26,,,FALSE,TRUE,06/26/26,,,FREE,BUSY
06/27/26,,,Nationals at Orioles - Time TBD,Oriole Park at Camden Yards - Baltimore,"",06/27/26,06/27/26,,,FALSE,TRUE,06/27/26,,,FREE,BUSY
06/28/26,,,Nationals at Orioles - Time TBD,Oriole Park at Camden Yards - Baltimore,"",06/28/26,06/28/26,,,FALSE,TRUE,06/28/26,,,FREE,BUSY
06/29/26,,,Nationals at Red Sox - Time TBD,Fenway Park - Boston,"",06/29/26,06/29/26,,,FALSE,TRUE,06/29/26,,,FREE,BUSY
06/30/26,,,Nationals at Red Sox - Time TBD,Fenway Park - Boston,"",06/30/26,06/30/26,,,FALSE,TRUE,06/30/26,,,FREE,BUSY
07/01/26,,,Nationals at Red Sox - Time TBD,Fenway Park - Boston,"",07/01/26,07/01/26,,,FALSE,TRUE,07/01/26,,,FREE,BUSY
07/03/26,,,Pirates at Nationals - Time TBD,Nationals Park - Washington,"",07/03/26,07/03/26,,,FALSE,TRUE,07/03/26,,,FREE,BUSY
07/04/26,,,Pirates at Nationals - Time TBD,Nationals Park - Washington,"",07/04/26,07/04/26,,,FALSE,TRUE,07/04/26,,,FREE,BUSY
07/05/26,,,Pirates at Nationals - Time TBD,Nationals Park - Washington,"",07/05/26,07/05/26,,,FALSE,TRUE,07/05/26,,,FREE,BUSY
07/06/26,,,Astros at Nationals - Time TBD,Nationals Park - Washington,"",07/06/26,07/06/26,,,FALSE,TRUE,07/06/26,,,FREE,BUSY
07/07/26,,,Astros at Nationals - Time TBD,Nationals Park - Washington,"",07/07/26,07/07/26,,,FALSE,TRUE,07/07/26,,,FREE,BUSY
07/08/26,,,Astros at Nationals - Time TBD,Nationals Park - Washington,"",07/08/26,07/08/26,,,FALSE,TRUE,07/08/26,,,FREE,BUSY
07/10/26,,,Yankees at Nationals - Time TBD,Nationals Park - Washington,"",07/10/26,07/10/26,,,FALSE,TRUE,07/10/26,,,FREE,BUSY
07/11/26,,,Yankees at Nationals - Time TBD,Nationals Park - Washington,"",07/11/26,07/11/26,,,FALSE,TRUE,07/11/26,,,FREE,BUSY
07/12/26,,,Yankees at Nationals - Time TBD,Nationals Park - Washington,"",07/12/26,07/12/26,,,FALSE,TRUE,07/12/26,,,FREE,BUSY
07/17/26,,,Nationals at Athletics - Time TBD,Sutter Health Park - Sacramento,"",07/17/26,07/17/26,,,FALSE,TRUE,07/17/26,,,FREE,BUSY
07/18/26,,,Nationals at Athletics - Time TBD,Sutter Health Park - Sacramento,"",07/18/26,07/18/26,,,FALSE,TRUE,07/18/26,,,FREE,BUSY
07/19/26,,,Nationals at Athletics - Time TBD,Sutter Health Park - Sacramento,"",07/19/26,07/19/26,,,FALSE,TRUE,07/19/26,,,FREE,BUSY
07/20/26,,,Nationals at Rockies - Time TBD,Coors Field - Denver,"",07/20/26,07/20/26,,,FALSE,TRUE,07/20/26,,,FREE,BUSY
07/21/26,,,Nationals at Rockies - Time TBD,Coors Field - Denver,"",07/21/26,07/21/26,,,FALSE,TRUE,07/21/26,,,FREE,BUSY
07/22/26,,,Nationals at Rockies - Time TBD,Coors Field - Denver,"",07/22/26,07/22/26,,,FALSE,TRUE,07/22/26,,,FREE,BUSY
07/24/26,,,D-backs at Nationals - Time TBD,Nationals Park - Washington,"",07/24/26,07/24/26,,,FALSE,TRUE,07/24/26,,,FREE,BUSY
07/25/26,,,D-backs at Nationals - Time TBD,Nationals Park - Washington,"",07/25/26,07/25/26,,,FALSE,TRUE,07/25/26,,,FREE,BUSY
07/26/26,,,D-backs at Nationals - Time TBD,Nationals Park - Washington,"",07/26/26,07/26/26,,,FALSE,TRUE,07/26/26,,,FREE,BUSY
07/27/26,,,Blue Jays at Nationals - Time TBD,Nationals Park - Washington,"",07/27/26,07/27/26,,,FALSE,TRUE,07/27/26,,,FREE,BUSY
07/28/26,,,Blue Jays at Nationals - Time TBD,Nationals Park - Washington,"",07/28/26,07/28/26,,,FALSE,TRUE,07/28/26,,,FREE,BUSY
07/29/26,,,Blue Jays at Nationals - Time TBD,Nationals Park - Washington,"",07/29/26,07/29/26,,,FALSE,TRUE,07/29/26,,,FREE,BUSY
07/30/26,,,Nationals at Braves - Time TBD,Truist Park - Atlanta,"",07/30/26,07/30/26,,,FALSE,TRUE,07/30/26,,,FREE,BUSY
07/31/26,,,Nationals at Braves - Time TBD,Truist Park - Atlanta,"",07/31/26,07/31/26,,,FALSE,TRUE,07/31/26,,,FREE,BUSY
08/01/26,,,Nationals at Braves - Time TBD,Truist Park - Atlanta,"",08/01/26,08/01/26,,,FALSE,TRUE,08/01/26,,,FREE,BUSY
08/02/26,,,Nationals at Braves - Time TBD,Truist Park - Atlanta,"",08/02/26,08/02/26,,,FALSE,TRUE,08/02/26,,,FREE,BUSY
08/03/26,,,Nationals at Phillies - Time TBD,Citizens Bank Park - Philadelphia,"",08/03/26,08/03/26,,,FALSE,TRUE,08/03/26,,,FREE,BUSY
08/04/26,,,Nationals at Phillies - Time TBD,Citizens Bank Park - Philadelphia,"",08/04/26,08/04/26,,,FALSE,TRUE,08/04/26,,,FREE,BUSY
08/05/26,,,Nationals at Phillies - Time TBD,Citizens Bank Park - Philadelphia,"",08/05/26,08/05/26,,,FALSE,TRUE,08/05/26,,,FREE,BUSY
08/06/26,,,Nationals at Phillies - Time TBD,Citizens Bank Park - Philadelphia,"",08/06/26,08/06/26,,,FALSE,TRUE,08/06/26,,,FREE,BUSY
08/07/26,,,Reds at Nationals - Time TBD,Nationals Park - Washington,"",08/07/26,08/07/26,,,FALSE,TRUE,08/07/26,,,FREE,BUSY
08/08/26,,,Reds at Nationals - Time TBD,Nationals Park - Washington,"",08/08/26,08/08/26,,,FALSE,TRUE,08/08/26,,,FREE,BUSY
08/09/26,,,Reds at Nationals - Time TBD,Nationals Park - Washington,"",08/09/26,08/09/26,,,FALSE,TRUE,08/09/26,,,FREE,BUSY
08/11/26,,,Cubs at Nationals - Time TBD,Nationals Park - Washington,"",08/11/26,08/11/26,,,FALSE,TRUE,08/11/26,,,FREE,BUSY
08/12/26,,,Cubs at Nationals - Time TBD,Nationals Park - Washington,"",08/12/26,08/12/26,,,FALSE,TRUE,08/12/26,,,FREE,BUSY
08/13/26,,,Cubs at Nationals - Time TBD,Nationals Park - Washington,"",08/13/26,08/13/26,,,FALSE,TRUE,08/13/26,,,FREE,BUSY
08/14/26,,,Nationals at Mets - Time TBD,Citi Field - Flushing,"",08/14/26,08/14/26,,,FALSE,TRUE,08/14/26,,,FREE,BUSY
08/15/26,,,Nationals at Mets - Time TBD,Citi Field - Flushing,"",08/15/26,08/15/26,,,FALSE,TRUE,08/15/26,,,FREE,BUSY
08/16/26,,,Nationals at Mets - Time TBD,Citi Field - Flushing,"",08/16/26,08/16/26,,,FALSE,TRUE,08/16/26,,,FREE,BUSY
08/18/26,,,Nationals at Rangers - Time TBD,Globe Life Field - Arlington,"",08/18/26,08/18/26,,,FALSE,TRUE,08/18/26,,,FREE,BUSY
08/19/26,,,Nationals at Rangers - Time TBD,Globe Life Field - Arlington,"",08/19/26,08/19/26,,,FALSE,TRUE,08/19/26,,,FREE,BUSY
08/20/26,,,Nationals at Rangers - Time TBD,Globe Life Field - Arlington,"",08/20/26,08/20/26,,,FALSE,TRUE,08/20/26,,,FREE,BUSY
08/21/26,,,Nationals at Marlins - Time TBD,loanDepot park - Miami,"",08/21/26,08/21/26,,,FALSE,TRUE,08/21/26,,,FREE,BUSY
08/22/26,,,Nationals at Marlins - Time TBD,loanDepot park - Miami,"",08/22/26,08/22/26,,,FALSE,TRUE,08/22/26,,,FREE,BUSY
08/23/26,,,Nationals at Marlins - Time TBD,loanDepot park - Miami,"",08/23/26,08/23/26,,,FALSE,TRUE,08/23/26,,,FREE,BUSY
08/24/26,,,Rockies at Nationals - Time TBD,Nationals Park - Washington,"",08/24/26,08/24/26,,,FALSE,TRUE,08/24/26,,,FREE,BUSY
08/25/26,,,Rockies at Nationals - Time TBD,Nationals Park - Washington,"",08/25/26,08/25/26,,,FALSE,TRUE,08/25/26,,,FREE,BUSY
08/26/26,,,Rockies at Nationals - Time TBD,Nationals Park - Washington,"",08/26/26,08/26/26,,,FALSE,TRUE,08/26/26,,,FREE,BUSY
08/27/26,,,Rockies at Nationals - Time TBD,Nationals Park - Washington,"",08/27/26,08/27/26,,,FALSE,TRUE,08/27/26,,,FREE,BUSY
08/28/26,,,Marlins at Nationals - Time TBD,Nationals Park - Washington,"",08/28/26,08/28/26,,,FALSE,TRUE,08/28/26,,,FREE,BUSY
08/29/26,,,Marlins at Nationals - Time TBD,Nationals Park - Washington,"",08/29/26,08/29/26,,,FALSE,TRUE,08/29/26,,,FREE,BUSY
08/30/26,,,Marlins at Nationals - Time TBD,Nationals Park - Washington,"",08/30/26,08/30/26,,,FALSE,TRUE,08/30/26,,,FREE,BUSY
08/31/26,,,Marlins at Nationals - Time TBD,Nationals Park - Washington,"",08/31/26,08/31/26,,,FALSE,TRUE,08/31/26,,,FREE,BUSY
09/01/26,,,Braves at Nationals - Time TBD,Nationals Park - Washington,"",09/01/26,09/01/26,,,FALSE,TRUE,09/01/26,,,FREE,BUSY
09/02/26,,,Braves at Nationals - Time TBD,Nationals Park - Washington,"",09/02/26,09/02/26,,,FALSE,TRUE,09/02/26,,,FREE,BUSY
09/04/26,,,Nationals at Dodgers - Time TBD,Dodger Stadium - Los Angeles,"",09/04/26,09/04/26,,,FALSE,TRUE,09/04/26,,,FREE,BUSY
09/05/26,,,Nationals at Dodgers - Time TBD,Dodger Stadium - Los Angeles,"",09/05/26,09/05/26,,,FALSE,TRUE,09/05/26,,,FREE,BUSY
09/06/26,,,Nationals at Dodgers - Time TBD,Dodger Stadium - Los Angeles,"",09/06/26,09/06/26,,,FALSE,TRUE,09/06/26,,,FREE,BUSY
09/07/26,,,Nationals at Padres - Time TBD,Petco Park - San Diego,"",09/07/26,09/07/26,,,FALSE,TRUE,09/07/26,,,FREE,BUSY
09/08/26,,,Nationals at Padres - Time TBD,Petco Park - San Diego,"",09/08/26,09/08/26,,,FALSE,TRUE,09/08/26,,,FREE,BUSY
09/09/26,,,Nationals at Padres - Time TBD,Petco Park - San Diego,"",09/09/26,09/09/26,,,FALSE,TRUE,09/09/26,,,FREE,BUSY
09/11/26,,,Angels at Nationals - Time TBD,Nationals Park - Washington,"",09/11/26,09/11/26,,,FALSE,TRUE,09/11/26,,,FREE,BUSY
09/12/26,,,Angels at Nationals - Time TBD,Nationals Park - Washington,"",09/12/26,09/12/26,,,FALSE,TRUE,09/12/26,,,FREE,BUSY
09/13/26,,,Angels at Nationals - Time TBD,Nationals Park - Washington,"",09/13/26,09/13/26,,,FALSE,TRUE,09/13/26,,,FREE,BUSY
09/15/26,,,Phillies at Nationals - Time TBD,Nationals Park - Washington,"",09/15/26,09/15/26,,,FALSE,TRUE,09/15/26,,,FREE,BUSY
09/16/26,,,Phillies at Nationals - Time TBD,Nationals Park - Washington,"",09/16/26,09/16/26,,,FALSE,TRUE,09/16/26,,,FREE,BUSY
09/18/26,,,Nationals at Cardinals - Time TBD,Busch Stadium - St. Louis,"",09/18/26,09/18/26,,,FALSE,TRUE,09/18/26,,,FREE,BUSY
09/19/26,,,Nationals at Cardinals - Time TBD,Busch Stadium - St. Louis,"",09/19/26,09/19/26,,,FALSE,TRUE,09/19/26,,,FREE,BUSY
09/20/26,,,Nationals at Cardinals - Time TBD,Busch Stadium - St. Louis,"",09/20/26,09/20/26,,,FALSE,TRUE,09/20/26,,,FREE,BUSY
09/21/26,,,Nationals at Tigers - Time TBD,Comerica Park - Detroit,"",09/21/26,09/21/26,,,FALSE,TRUE,09/21/26,,,FREE,BUSY
09/22/26,,,Nationals at Tigers - Time TBD,Comerica Park - Detroit,"",09/22/26,09/22/26,,,FALSE,TRUE,09/22/26,,,FREE,BUSY
09/23/26,,,Nationals at Tigers - Time TBD,Comerica Park - Detroit,"",09/23/26,09/23/26,,,FALSE,TRUE,09/23/26,,,FREE,BUSY
09/25/26,,,Mets at Nationals - Time TBD,Nationals Park - Washington,"",09/25/26,09/25/26,,,FALSE,TRUE,09/25/26,,,FREE,BUSY
09/26/26,,,Mets at Nationals - Time TBD,Nationals Park - Washington,"",09/26/26,09/26/26,,,FALSE,TRUE,09/26/26,,,FREE,BUSY
09/27/26,,,Mets at Nationals - Time TBD,Nationals Park - Washington,"",09/27/26,09/27/26,,,FALSE,TRUE,09/27/26,,,FREE,BUSY
