START DATE,START TIME,START TIME ET,SUBJECT,LOCATION,DESCRIPTION,END DATE,END DATE ET,END TIME,END TIME ET,REMINDER OFF,REMINDER ON,REMINDER DATE,REMINDER TIME,REMINDER TIME ET,SHOWTIMEAS FREE,SHOWTIMEAS BUSY
02/21/25,01:10 PM,03:10 PM,Mariners at Padres,Peoria Stadium - Peoria,"Local TV: Padres Television Network Presented by UC San Diego Health ----- Local Radio: KWFN 97.3",02/21/25,02/21/25,04:10 PM,06:10 PM,FALSE,TRUE,02/21/25,12:10 PM,02:10 PM,FREE,BUSY
02/22/25,01:10 PM,03:10 PM,Athletics at Padres,Peoria Stadium - Peoria,"Local TV: Padres Television Network Presented by UC San Diego Health ----- Local Radio: KWFN 97.3",02/22/25,02/22/25,04:10 PM,06:10 PM,FALSE,TRUE,02/22/25,12:10 PM,02:10 PM,FREE,BUSY
02/23/25,12:05 PM,03:05 PM,Padres at Dodgers,Camelback Ranch - Glendale,"Local Radio: KWFN 97.3",02/23/25,02/23/25,03:05 PM,06:05 PM,FALSE,TRUE,02/23/25,11:05 AM,02:05 PM,FREE,BUSY
02/24/25,01:10 PM,03:10 PM,Cubs at Padres,Peoria Stadium - Peoria,"Local TV: Padres Television Network Presented by UC San Diego Health",02/24/25,02/24/25,04:10 PM,06:10 PM,FALSE,TRUE,02/24/25,12:10 PM,02:10 PM,FREE,BUSY
02/25/25,01:10 PM,03:10 PM,Angels at Padres,Peoria Stadium - Peoria,"Local TV: Padres Television Network Presented by UC San Diego Health",02/25/25,02/25/25,04:10 PM,06:10 PM,FALSE,TRUE,02/25/25,12:10 PM,02:10 PM,FREE,BUSY
02/26/25,12:05 PM,03:05 PM,Padres at White Sox,Camelback Ranch - Glendale,"Local Radio: MLB Audio",02/26/25,02/26/25,03:05 PM,06:05 PM,FALSE,TRUE,02/26/25,11:05 AM,02:05 PM,FREE,BUSY
02/27/25,12:05 PM,03:05 PM,Padres at Athletics,Hohokam Stadium - Mesa,"Local Radio: MLB Audio",02/27/25,02/27/25,03:05 PM,06:05 PM,FALSE,TRUE,02/27/25,11:05 AM,02:05 PM,FREE,BUSY
02/28/25,06:40 PM,08:40 PM,Mariners at Padres,Peoria Stadium - Peoria,"Local TV: Padres Television Network Presented by UC San Diego Health ----- Local Radio: KWFN 97.3",02/28/25,02/28/25,09:40 PM,11:40 PM,FALSE,TRUE,02/28/25,05:40 PM,07:40 PM,FREE,BUSY
03/01/25,12:05 PM,03:05 PM,Padres at Reds,Goodyear Ballpark - Goodyear,"Local Radio: KWFN 97.3",03/01/25,03/01/25,03:05 PM,06:05 PM,FALSE,TRUE,03/01/25,11:05 AM,02:05 PM,FREE,BUSY
03/02/25,01:10 PM,03:10 PM,Royals at Padres,Peoria Stadium - Peoria,"Local TV: Padres Television Network Presented by UC San Diego Health ----- Local Radio: KWFN 97.3",03/02/25,03/02/25,04:10 PM,06:10 PM,FALSE,TRUE,03/02/25,12:10 PM,02:10 PM,FREE,BUSY
03/04/25,01:10 PM,03:10 PM,Giants at Padres,Peoria Stadium - Peoria,"Local TV: Padres Television Network Presented by UC San Diego Health",03/04/25,03/04/25,04:10 PM,06:10 PM,FALSE,TRUE,03/04/25,12:10 PM,02:10 PM,FREE,BUSY
03/04/25,12:05 PM,03:05 PM,Padres at Cubs,Sloan Park - Mesa,"",03/04/25,03/04/25,03:05 PM,06:05 PM,FALSE,TRUE,03/04/25,11:05 AM,02:05 PM,FREE,BUSY
03/05/25,01:10 PM,03:10 PM,Rockies at Padres,Peoria Stadium - Peoria,"Local TV: Padres Television Network Presented by UC San Diego Health",03/05/25,03/05/25,04:10 PM,06:10 PM,FALSE,TRUE,03/05/25,12:10 PM,02:10 PM,FREE,BUSY
03/06/25,12:05 PM,03:05 PM,Padres at Rangers,Surprise Stadium - Surprise,"Local Radio: KWFN 97.3",03/06/25,03/06/25,03:05 PM,06:05 PM,FALSE,TRUE,03/06/25,11:05 AM,02:05 PM,FREE,BUSY
03/08/25,01:10 PM,03:10 PM,Guardians at Padres,Peoria Stadium - Peoria,"Local TV: Padres Television Network Presented by UC San Diego Health ----- Local Radio: KWFN 97.3",03/08/25,03/08/25,04:10 PM,06:10 PM,FALSE,TRUE,03/08/25,12:10 PM,02:10 PM,FREE,BUSY
03/09/25,01:05 PM,04:05 PM,Padres at Giants,Scottsdale Stadium - Scottsdale,"Local Radio: KWFN 97.3",03/09/25,03/09/25,04:05 PM,07:05 PM,FALSE,TRUE,03/09/25,12:05 PM,03:05 PM,FREE,BUSY
03/10/25,01:10 PM,04:10 PM,Reds at Padres,Peoria Stadium - Peoria,"Local TV: Padres Television Network Presented by UC San Diego Health",03/10/25,03/10/25,04:10 PM,07:10 PM,FALSE,TRUE,03/10/25,12:10 PM,03:10 PM,FREE,BUSY
03/11/25,01:10 PM,04:10 PM,White Sox at Padres,Peoria Stadium - Peoria,"Local TV: Padres Television Network Presented by UC San Diego Health",03/11/25,03/11/25,04:10 PM,07:10 PM,FALSE,TRUE,03/11/25,12:10 PM,03:10 PM,FREE,BUSY
03/12/25,01:10 PM,04:10 PM,Padres at Rockies,Salt River Fields at Talking Stick - Scottsdale,"Local TV: Padres Television Network Presented by UC San Diego Health ----- Local Radio: MLB Audio",03/12/25,03/12/25,04:10 PM,07:10 PM,FALSE,TRUE,03/12/25,12:10 PM,03:10 PM,FREE,BUSY
03/13/25,12:15 PM,03:15 PM,Padres at Royals,Surprise Stadium - Surprise,"Local Radio: MLB Audio",03/13/25,03/13/25,03:15 PM,06:15 PM,FALSE,TRUE,03/13/25,11:15 AM,02:15 PM,FREE,BUSY
03/14/25,06:40 PM,09:40 PM,Rangers at Padres,Peoria Stadium - Peoria,"Local TV: Padres Television Network Presented by UC San Diego Health ----- Local Radio: KWFN 97.3",03/14/25,03/15/25,09:40 PM,12:40 AM,FALSE,TRUE,03/14/25,05:40 PM,08:40 PM,FREE,BUSY
03/15/25,01:10 PM,04:10 PM,Padres at Mariners,Peoria Stadium - Peoria,"Local TV: Padres Television Network Presented by UC San Diego Health ----- Local Radio: KWFN 97.3",03/15/25,03/15/25,04:10 PM,07:10 PM,FALSE,TRUE,03/15/25,12:10 PM,03:10 PM,FREE,BUSY
03/16/25,01:10 PM,04:10 PM,Padres at Angels,Tempe Diablo Stadium - Tempe,"",03/16/25,03/16/25,04:10 PM,07:10 PM,FALSE,TRUE,03/16/25,12:10 PM,03:10 PM,FREE,BUSY
03/16/25,01:10 PM,04:10 PM,D-backs at Padres,Peoria Stadium - Peoria,"Local TV: Padres Television Network Presented by UC San Diego Health ----- Local Radio: KWFN 97.3",03/16/25,03/16/25,04:10 PM,07:10 PM,FALSE,TRUE,03/16/25,12:10 PM,03:10 PM,FREE,BUSY
03/17/25,01:10 PM,04:10 PM,Brewers at Padres,Peoria Stadium - Peoria,"Local TV: Padres Television Network Presented by UC San Diego Health",03/17/25,03/17/25,04:10 PM,07:10 PM,FALSE,TRUE,03/17/25,12:10 PM,03:10 PM,FREE,BUSY
03/18/25,06:05 PM,09:05 PM,Padres at Giants,Scottsdale Stadium - Scottsdale,"Local TV: Padres Television Network Presented by UC San Diego Health ----- Local Radio: KWFN 97.3",03/18/25,03/19/25,09:05 PM,12:05 AM,FALSE,TRUE,03/18/25,05:05 PM,08:05 PM,FREE,BUSY
03/20/25,06:40 PM,09:40 PM,Rangers at Padres,Peoria Stadium - Peoria,"Local TV: Padres Television Network Presented by UC San Diego Health- MLBN (out-of-market only) ----- Local Radio: KWFN 97.3",03/20/25,03/21/25,09:40 PM,12:40 AM,FALSE,TRUE,03/20/25,05:40 PM,08:40 PM,FREE,BUSY
03/21/25,01:05 PM,04:05 PM,Padres at Cubs,Sloan Park - Mesa,"Local Radio: MLB Audio",03/21/25,03/21/25,04:05 PM,07:05 PM,FALSE,TRUE,03/21/25,12:05 PM,03:05 PM,FREE,BUSY
03/22/25,01:05 PM,04:05 PM,Padres at Guardians,Goodyear Ballpark - Goodyear,"",03/22/25,03/22/25,04:05 PM,07:05 PM,FALSE,TRUE,03/22/25,12:05 PM,03:05 PM,FREE,BUSY
03/22/25,01:10 PM,04:10 PM,Reds at Padres,Peoria Stadium - Peoria,"Local TV: Padres Television Network Presented by UC San Diego Health ----- Local Radio: KWFN 97.3",03/22/25,03/22/25,04:10 PM,07:10 PM,FALSE,TRUE,03/22/25,12:10 PM,03:10 PM,FREE,BUSY
03/23/25,01:10 PM,04:10 PM,Padres at D-backs,Salt River Fields at Talking Stick - Scottsdale,"Local Radio: KWFN 97.3",03/23/25,03/23/25,04:10 PM,07:10 PM,FALSE,TRUE,03/23/25,12:10 PM,03:10 PM,FREE,BUSY
03/24/25,12:10 PM,03:10 PM,Mariners at Padres,Peoria Stadium - Peoria,"Local Radio: MLB Audio",03/24/25,03/24/25,03:10 PM,06:10 PM,FALSE,TRUE,03/24/25,11:10 AM,02:10 PM,FREE,BUSY
03/27/25,01:10 PM,04:10 PM,Braves at Padres,Petco Park - San Diego,"Local TV: Padres Television Network Presented by UC San Diego Health ----- Local Radio: KWFN 97.3- XEMO 860",03/27/25,03/27/25,04:10 PM,07:10 PM,FALSE,TRUE,03/27/25,12:10 PM,03:10 PM,FREE,BUSY
03/28/25,06:40 PM,09:40 PM,Braves at Padres,Petco Park - San Diego,"Local TV: Padres Television Network Presented by UC San Diego Health ----- Local Radio: KWFN 97.3- XEMO 860",03/28/25,03/29/25,09:40 PM,12:40 AM,FALSE,TRUE,03/28/25,05:40 PM,08:40 PM,FREE,BUSY
03/29/25,04:15 PM,07:15 PM,Braves at Padres,Petco Park - San Diego,"Local TV: FOX ----- Local Radio: KWFN 97.3- XEMO 860",03/29/25,03/29/25,07:15 PM,10:15 PM,FALSE,TRUE,03/29/25,03:15 PM,06:15 PM,FREE,BUSY
03/30/25,04:10 PM,07:10 PM,Braves at Padres,Petco Park - San Diego,"Local TV: ESPN ----- Local Radio: KWFN 97.3- XEMO 860",03/30/25,03/30/25,07:10 PM,10:10 PM,FALSE,TRUE,03/30/25,03:10 PM,06:10 PM,FREE,BUSY
03/31/25,06:40 PM,09:40 PM,Guardians at Padres,Petco Park - San Diego,"Local TV: Padres Television Network Presented by UC San Diego Health ----- Local Radio: KWFN 97.3- XEMO 860",03/31/25,04/01/25,09:40 PM,12:40 AM,FALSE,TRUE,03/31/25,05:40 PM,08:40 PM,FREE,BUSY
04/01/25,06:40 PM,09:40 PM,Guardians at Padres,Petco Park - San Diego,"Local TV: Padres Television Network Presented by UC San Diego Health ----- Local Radio: KWFN 97.3- XEMO 860",04/01/25,04/02/25,09:40 PM,12:40 AM,FALSE,TRUE,04/01/25,05:40 PM,08:40 PM,FREE,BUSY
04/02/25,01:10 PM,04:10 PM,Guardians at Padres,Petco Park - San Diego,"Local TV: Padres Television Network Presented by UC San Diego Health ----- Local Radio: KWFN 97.3- XEMO 860",04/02/25,04/02/25,04:10 PM,07:10 PM,FALSE,TRUE,04/02/25,12:10 PM,03:10 PM,FREE,BUSY
04/04/25,11:20 AM,02:20 PM,Padres at Cubs,Wrigley Field - Chicago,"Local TV: Padres Television Network Presented by UC San Diego Health ----- Local Radio: KWFN 97.3- XEMO 860",04/04/25,04/04/25,02:20 PM,05:20 PM,FALSE,TRUE,04/04/25,10:20 AM,01:20 PM,FREE,BUSY
04/05/25,11:20 AM,02:20 PM,Padres at Cubs,Wrigley Field - Chicago,"Local TV: Padres Television Network Presented by UC San Diego Health ----- Local Radio: KWFN 97.3- XEMO 860",04/05/25,04/05/25,02:20 PM,05:20 PM,FALSE,TRUE,04/05/25,10:20 AM,01:20 PM,FREE,BUSY
04/06/25,11:20 AM,02:20 PM,Padres at Cubs,Wrigley Field - Chicago,"Local TV: Padres Television Network Presented by UC San Diego Health ----- Local Radio: KWFN 97.3- XEMO 860",04/06/25,04/06/25,02:20 PM,05:20 PM,FALSE,TRUE,04/06/25,10:20 AM,01:20 PM,FREE,BUSY
04/07/25,07:05 PM,10:05 PM,Padres at Athletics,Sutter Health Park - Sacramento,"Local TV: Padres Television Network Presented by UC San Diego Health ----- Local Radio: KWFN 97.3- XEMO 860",04/07/25,04/08/25,10:05 PM,01:05 AM,FALSE,TRUE,04/07/25,06:05 PM,09:05 PM,FREE,BUSY
04/08/25,07:05 PM,10:05 PM,Padres at Athletics,Sutter Health Park - Sacramento,"Local TV: Padres Television Network Presented by UC San Diego Health ----- Local Radio: KWFN 97.3- XEMO 860",04/08/25,04/09/25,10:05 PM,01:05 AM,FALSE,TRUE,04/08/25,06:05 PM,09:05 PM,FREE,BUSY
04/09/25,12:35 PM,03:35 PM,Padres at Athletics,Sutter Health Park - Sacramento,"Local TV: Padres Television Network Presented by UC San Diego Health ----- Local Radio: KWFN 97.3- XEMO 860",04/09/25,04/09/25,03:35 PM,06:35 PM,FALSE,TRUE,04/09/25,11:35 AM,02:35 PM,FREE,BUSY
04/11/25,06:40 PM,09:40 PM,Rockies at Padres,Petco Park - San Diego,"Local TV: Padres Television Network Presented by UC San Diego Health ----- Local Radio: KWFN 97.3- XEMO 860",04/11/25,04/12/25,09:40 PM,12:40 AM,FALSE,TRUE,04/11/25,05:40 PM,08:40 PM,FREE,BUSY
04/12/25,05:40 PM,08:40 PM,Rockies at Padres,Petco Park - San Diego,"Local TV: Padres Television Network Presented by UC San Diego Health ----- Local Radio: KWFN 97.3- XEMO 860",04/12/25,04/12/25,08:40 PM,11:40 PM,FALSE,TRUE,04/12/25,04:40 PM,07:40 PM,FREE,BUSY
04/13/25,01:10 PM,04:10 PM,Rockies at Padres,Petco Park - San Diego,"Local TV: Padres Television Network Presented by UC San Diego Health ----- Local Radio: KWFN 97.3- XEMO 860",04/13/25,04/13/25,04:10 PM,07:10 PM,FALSE,TRUE,04/13/25,12:10 PM,03:10 PM,FREE,BUSY
04/14/25,06:40 PM,09:40 PM,Cubs at Padres,Petco Park - San Diego,"Local TV: Padres Television Network Presented by UC San Diego Health ----- Local Radio: KWFN 97.3- XEMO 860",04/14/25,04/15/25,09:40 PM,12:40 AM,FALSE,TRUE,04/14/25,05:40 PM,08:40 PM,FREE,BUSY
04/15/25,06:40 PM,09:40 PM,Cubs at Padres,Petco Park - San Diego,"Local TV: Padres Television Network Presented by UC San Diego Health ----- Local Radio: KWFN 97.3- XEMO 860",04/15/25,04/16/25,09:40 PM,12:40 AM,FALSE,TRUE,04/15/25,05:40 PM,08:40 PM,FREE,BUSY
04/16/25,01:10 PM,04:10 PM,Cubs at Padres,Petco Park - San Diego,"Local TV: Padres Television Network Presented by UC San Diego Health ----- Local Radio: KWFN 97.3- XEMO 860",04/16/25,04/16/25,04:10 PM,07:10 PM,FALSE,TRUE,04/16/25,12:10 PM,03:10 PM,FREE,BUSY
04/18/25,05:10 PM,08:10 PM,Padres at Astros,Daikin Park - Houston,"Local TV: Padres Television Network Presented by UC San Diego Health ----- Local Radio: KWFN 97.3- XEMO 860",04/18/25,04/18/25,08:10 PM,11:10 PM,FALSE,TRUE,04/18/25,04:10 PM,07:10 PM,FREE,BUSY
04/19/25,04:10 PM,07:10 PM,Padres at Astros,Daikin Park - Houston,"Local TV: Padres Television Network Presented by UC San Diego Health- FS1 ----- Local Radio: KWFN 97.3- XEMO 860",04/19/25,04/19/25,07:10 PM,10:10 PM,FALSE,TRUE,04/19/25,03:10 PM,06:10 PM,FREE,BUSY
04/20/25,04:10 PM,07:10 PM,Padres at Astros,Daikin Park - Houston,"Local TV: ESPN ----- Local Radio: KWFN 97.3- XEMO 860",04/20/25,04/20/25,07:10 PM,10:10 PM,FALSE,TRUE,04/20/25,03:10 PM,06:10 PM,FREE,BUSY
04/21/25,03:40 PM,06:40 PM,Padres at Tigers,Comerica Park - Detroit,"Local TV: Padres Television Network Presented by UC San Diego Health- FS1 ----- Local Radio: KWFN 97.3- XEMO 860",04/21/25,04/21/25,06:40 PM,09:40 PM,FALSE,TRUE,04/21/25,02:40 PM,05:40 PM,FREE,BUSY
04/22/25,03:40 PM,06:40 PM,Padres at Tigers,Comerica Park - Detroit,"Local TV: Padres Television Network Presented by UC San Diego Health ----- Local Radio: KWFN 97.3- XEMO 860",04/22/25,04/22/25,06:40 PM,09:40 PM,FALSE,TRUE,04/22/25,02:40 PM,05:40 PM,FREE,BUSY
04/23/25,10:10 AM,01:10 PM,Padres at Tigers,Comerica Park - Detroit,"Local TV: Padres Television Network Presented by UC San Diego Health- MLBN (out-of-market only) ----- Local Radio: KWFN 97.3- XEMO 860",04/23/25,04/23/25,01:10 PM,04:10 PM,FALSE,TRUE,04/23/25,09:10 AM,12:10 PM,FREE,BUSY
04/25/25,06:40 PM,09:40 PM,Rays at Padres,Petco Park - San Diego,"Local TV: Padres Television Network Presented by UC San Diego Health ----- Local Radio: KWFN 97.3- XEMO 860",04/25/25,04/26/25,09:40 PM,12:40 AM,FALSE,TRUE,04/25/25,05:40 PM,08:40 PM,FREE,BUSY
04/26/25,05:40 PM,08:40 PM,Rays at Padres,Petco Park - San Diego,"Local TV: Padres Television Network Presented by UC San Diego Health- KFMB 8.1 (CBS) ----- Local Radio: KWFN 97.3- XEMO 860",04/26/25,04/26/25,08:40 PM,11:40 PM,FALSE,TRUE,04/26/25,04:40 PM,07:40 PM,FREE,BUSY
04/27/25,01:10 PM,04:10 PM,Rays at Padres,Petco Park - San Diego,"Local TV: Padres Television Network Presented by UC San Diego Health ----- Local Radio: KWFN 97.3- XEMO 860",04/27/25,04/27/25,04:10 PM,07:10 PM,FALSE,TRUE,04/27/25,12:10 PM,03:10 PM,FREE,BUSY
04/29/25,06:40 PM,09:40 PM,Giants at Padres,Petco Park - San Diego,"Local TV: Padres Television Network Presented by UC San Diego Health ----- Local Radio: KWFN 97.3- XEMO 860",04/29/25,04/30/25,09:40 PM,12:40 AM,FALSE,TRUE,04/29/25,05:40 PM,08:40 PM,FREE,BUSY
04/30/25,01:10 PM,04:10 PM,Giants at Padres,Petco Park - San Diego,"Local TV: Padres Television Network Presented by UC San Diego Health ----- Local Radio: KWFN 97.3- XEMO 860",04/30/25,04/30/25,04:10 PM,07:10 PM,FALSE,TRUE,04/30/25,12:10 PM,03:10 PM,FREE,BUSY
05/02/25,03:40 PM,06:40 PM,Padres at Pirates,PNC Park - Pittsburgh,"Local TV: Apple TV+ ----- Local Radio: KWFN 97.3- XEMO 860",05/02/25,05/02/25,06:40 PM,09:40 PM,FALSE,TRUE,05/02/25,02:40 PM,05:40 PM,FREE,BUSY
05/03/25,01:05 PM,04:05 PM,Padres at Pirates,PNC Park - Pittsburgh,"Local TV: Padres Television Network Presented by UC San Diego Health ----- Local Radio: KWFN 97.3- XEMO 860",05/03/25,05/03/25,04:05 PM,07:05 PM,FALSE,TRUE,05/03/25,12:05 PM,03:05 PM,FREE,BUSY
05/04/25,10:35 AM,01:35 PM,Padres at Pirates,PNC Park - Pittsburgh,"Local TV: Padres Television Network Presented by UC San Diego Health ----- Local Radio: KWFN 97.3- XEMO 860",05/04/25,05/04/25,01:35 PM,04:35 PM,FALSE,TRUE,05/04/25,09:35 AM,12:35 PM,FREE,BUSY
05/05/25,04:05 PM,07:05 PM,Padres at Yankees,Yankee Stadium - Bronx,"Local TV: Padres Television Network Presented by UC San Diego Health- MLBN ----- Local Radio: KWFN 97.3- XEMO 860",05/05/25,05/05/25,07:05 PM,10:05 PM,FALSE,TRUE,05/05/25,03:05 PM,06:05 PM,FREE,BUSY
05/06/25,04:05 PM,07:05 PM,Padres at Yankees,Yankee Stadium - Bronx,"Local TV: Padres Television Network Presented by UC San Diego Health- TBS (out-of-market only) ----- Local Radio: KWFN 97.3- XEMO 860",05/06/25,05/06/25,07:05 PM,10:05 PM,FALSE,TRUE,05/06/25,03:05 PM,06:05 PM,FREE,BUSY
05/07/25,04:05 PM,07:05 PM,Padres at Yankees,Yankee Stadium - Bronx,"Local TV: Padres Television Network Presented by UC San Diego Health- MLBN ----- Local Radio: KWFN 97.3- XEMO 860",05/07/25,05/07/25,07:05 PM,10:05 PM,FALSE,TRUE,05/07/25,03:05 PM,06:05 PM,FREE,BUSY
05/09/25,05:40 PM,08:40 PM,Padres at Rockies,Coors Field - Denver,"Local TV: Padres Television Network Presented by UC San Diego Health ----- Local Radio: KWFN 97.3- XEMO 860",05/09/25,05/09/25,08:40 PM,11:40 PM,FALSE,TRUE,05/09/25,04:40 PM,07:40 PM,FREE,BUSY
05/10/25,05:10 PM,08:10 PM,Padres at Rockies,Coors Field - Denver,"Local TV: Padres Television Network Presented by UC San Diego Health- KFMB 8.1 (CBS) ----- Local Radio: KWFN 97.3- XEMO 860",05/10/25,05/10/25,08:10 PM,11:10 PM,FALSE,TRUE,05/10/25,04:10 PM,07:10 PM,FREE,BUSY
05/11/25,12:10 PM,03:10 PM,Padres at Rockies,Coors Field - Denver,"Local TV: Padres Television Network Presented by UC San Diego Health ----- Local Radio: KWFN 97.3- XEMO 860",05/11/25,05/11/25,03:10 PM,06:10 PM,FALSE,TRUE,05/11/25,11:10 AM,02:10 PM,FREE,BUSY
05/12/25,06:40 PM,09:40 PM,Angels at Padres,Petco Park - San Diego,"Local TV: Padres Television Network Presented by UC San Diego Health ----- Local Radio: KWFN 97.3- XEMO 860",05/12/25,05/13/25,09:40 PM,12:40 AM,FALSE,TRUE,05/12/25,05:40 PM,08:40 PM,FREE,BUSY
05/13/25,06:40 PM,09:40 PM,Angels at Padres,Petco Park - San Diego,"Local TV: Padres Television Network Presented by UC San Diego Health ----- Local Radio: KWFN 97.3- XEMO 860",05/13/25,05/14/25,09:40 PM,12:40 AM,FALSE,TRUE,05/13/25,05:40 PM,08:40 PM,FREE,BUSY
05/14/25,06:40 PM,09:40 PM,Angels at Padres,Petco Park - San Diego,"Local TV: Padres Television Network Presented by UC San Diego Health ----- Local Radio: KWFN 97.3- XEMO 860",05/14/25,05/15/25,09:40 PM,12:40 AM,FALSE,TRUE,05/14/25,05:40 PM,08:40 PM,FREE,BUSY
05/16/25,06:40 PM,09:40 PM,Mariners at Padres,Petco Park - San Diego,"Local TV: Apple TV+ ----- Local Radio: KWFN 97.3- XEMO 860",05/16/25,05/17/25,09:40 PM,12:40 AM,FALSE,TRUE,05/16/25,05:40 PM,08:40 PM,FREE,BUSY
05/17/25,05:40 PM,08:40 PM,Mariners at Padres,Petco Park - San Diego,"Local TV: Padres Television Network Presented by UC San Diego Health- KFMB 8.1 (CBS) ----- Local Radio: KWFN 97.3- XEMO 860",05/17/25,05/17/25,08:40 PM,11:40 PM,FALSE,TRUE,05/17/25,04:40 PM,07:40 PM,FREE,BUSY
05/18/25,01:10 PM,04:10 PM,Mariners at Padres,Petco Park - San Diego,"Local TV: Padres Television Network Presented by UC San Diego Health ----- Local Radio: KWFN 97.3- XEMO 860",05/18/25,05/18/25,04:10 PM,07:10 PM,FALSE,TRUE,05/18/25,12:10 PM,03:10 PM,FREE,BUSY
05/20/25,04:07 PM,07:07 PM,Padres at Blue Jays,Rogers Centre - Toronto,"Local TV: Padres Television Network Presented by UC San Diego Health ----- Local Radio: KWFN 97.3- XEMO 860",05/20/25,05/20/25,07:07 PM,10:07 PM,FALSE,TRUE,05/20/25,03:07 PM,06:07 PM,FREE,BUSY
05/21/25,04:07 PM,07:07 PM,Padres at Blue Jays,Rogers Centre - Toronto,"Local TV: Padres Television Network Presented by UC San Diego Health ----- Local Radio: KWFN 97.3- XEMO 860",05/21/25,05/21/25,07:07 PM,10:07 PM,FALSE,TRUE,05/21/25,03:07 PM,06:07 PM,FREE,BUSY
05/22/25,10:07 AM,01:07 PM,Padres at Blue Jays,Rogers Centre - Toronto,"Local TV: Padres Television Network Presented by UC San Diego Health- MLBN (out-of-market only) ----- Local Radio: KWFN 97.3- XEMO 860",05/22/25,05/22/25,01:07 PM,04:07 PM,FALSE,TRUE,05/22/25,09:07 AM,12:07 PM,FREE,BUSY
05/23/25,04:15 PM,07:15 PM,Padres at Braves,Truist Park - Atlanta,"Local TV: Padres Television Network Presented by UC San Diego Health- MLBN (out-of-market only) ----- Local Radio: KWFN 97.3- XEMO 860",05/23/25,05/23/25,07:15 PM,10:15 PM,FALSE,TRUE,05/23/25,03:15 PM,06:15 PM,FREE,BUSY
05/24/25,01:10 PM,04:10 PM,Padres at Braves,Truist Park - Atlanta,"Local TV: Padres Television Network Presented by UC San Diego Health ----- Local Radio: KWFN 97.3- XEMO 860",05/24/25,05/24/25,04:10 PM,07:10 PM,FALSE,TRUE,05/24/25,12:10 PM,03:10 PM,FREE,BUSY
05/25/25,01:10 PM,04:10 PM,Padres at Braves,Truist Park - Atlanta,"Local TV: Padres Television Network Presented by UC San Diego Health- MLBN (out-of-market only) ----- Local Radio: KWFN 97.3- XEMO 860",05/25/25,05/25/25,04:10 PM,07:10 PM,FALSE,TRUE,05/25/25,12:10 PM,03:10 PM,FREE,BUSY
05/26/25,05:40 PM,08:40 PM,Marlins at Padres,Petco Park - San Diego,"Local TV: Padres Television Network Presented by UC San Diego Health ----- Local Radio: KWFN 97.3- XEMO 860",05/26/25,05/26/25,08:40 PM,11:40 PM,FALSE,TRUE,05/26/25,04:40 PM,07:40 PM,FREE,BUSY
05/27/25,06:40 PM,09:40 PM,Marlins at Padres,Petco Park - San Diego,"Local TV: Padres Television Network Presented by UC San Diego Health ----- Local Radio: KWFN 97.3- XEMO 860",05/27/25,05/28/25,09:40 PM,12:40 AM,FALSE,TRUE,05/27/25,05:40 PM,08:40 PM,FREE,BUSY
05/28/25,01:10 PM,04:10 PM,Marlins at Padres,Petco Park - San Diego,"Local TV: Padres Television Network Presented by UC San Diego Health ----- Local Radio: KWFN 97.3- XEMO 860",05/28/25,05/28/25,04:10 PM,07:10 PM,FALSE,TRUE,05/28/25,12:10 PM,03:10 PM,FREE,BUSY
05/30/25,06:40 PM,09:40 PM,Pirates at Padres,Petco Park - San Diego,"Local TV: Padres Television Network Presented by UC San Diego Health- MLBN (out-of-market only) ----- Local Radio: KWFN 97.3- XEMO 860",05/30/25,05/31/25,09:40 PM,12:40 AM,FALSE,TRUE,05/30/25,05:40 PM,08:40 PM,FREE,BUSY
05/31/25,06:40 PM,09:40 PM,Pirates at Padres,Petco Park - San Diego,"Local TV: Padres Television Network Presented by UC San Diego Health- KFMB 8.2 (CW) ----- Local Radio: KWFN 97.3- XEMO 860",05/31/25,06/01/25,09:40 PM,12:40 AM,FALSE,TRUE,05/31/25,05:40 PM,08:40 PM,FREE,BUSY
06/01/25,02:10 PM,05:10 PM,Pirates at Padres,Petco Park - San Diego,"Local TV: Padres Television Network Presented by UC San Diego Health ----- Local Radio: KWFN 97.3- XEMO 860",06/01/25,06/01/25,05:10 PM,08:10 PM,FALSE,TRUE,06/01/25,01:10 PM,04:10 PM,FREE,BUSY
06/02/25,06:45 PM,09:45 PM,Padres at Giants,Oracle Park - San Francisco,"Local TV: Padres Television Network Presented by UC San Diego Health ----- Local Radio: KWFN 97.3- XEMO 860",06/02/25,06/03/25,09:45 PM,12:45 AM,FALSE,TRUE,06/02/25,05:45 PM,08:45 PM,FREE,BUSY
06/03/25,06:45 PM,09:45 PM,Padres at Giants,Oracle Park - San Francisco,"Local TV: Padres Television Network Presented by UC San Diego Health ----- Local Radio: KWFN 97.3- XEMO 860",06/03/25,06/04/25,09:45 PM,12:45 AM,FALSE,TRUE,06/03/25,05:45 PM,08:45 PM,FREE,BUSY
06/04/25,06:45 PM,09:45 PM,Padres at Giants,Oracle Park - San Francisco,"Local TV: Padres Television Network Presented by UC San Diego Health ----- Local Radio: KWFN 97.3- XEMO 860",06/04/25,06/05/25,09:45 PM,12:45 AM,FALSE,TRUE,06/04/25,05:45 PM,08:45 PM,FREE,BUSY
06/05/25,12:45 PM,03:45 PM,Padres at Giants,Oracle Park - San Francisco,"Local TV: Padres Television Network Presented by UC San Diego Health ----- Local Radio: KWFN 97.3- XEMO 860",06/05/25,06/05/25,03:45 PM,06:45 PM,FALSE,TRUE,06/05/25,11:45 AM,02:45 PM,FREE,BUSY
06/06/25,05:10 PM,08:10 PM,Padres at Brewers,American Family Field - Milwaukee,"Local TV: Padres Television Network Presented by UC San Diego Health ----- Local Radio: KWFN 97.3- XEMO 860",06/06/25,06/06/25,08:10 PM,11:10 PM,FALSE,TRUE,06/06/25,04:10 PM,07:10 PM,FREE,BUSY
06/07/25,04:35 PM,07:35 PM,Padres at Brewers,American Family Field - Milwaukee,"Local TV: FOX ----- Local Radio: KWFN 97.3- XEMO 860",06/07/25,06/07/25,07:35 PM,10:35 PM,FALSE,TRUE,06/07/25,03:35 PM,06:35 PM,FREE,BUSY
06/08/25,10:05 AM,01:05 PM,Padres at Brewers,American Family Field - Milwaukee,"Local TV: Roku ----- Local Radio: KWFN 97.3- XEMO 860",06/08/25,06/08/25,01:05 PM,04:05 PM,FALSE,TRUE,06/08/25,09:05 AM,12:05 PM,FREE,BUSY
06/09/25,06:40 PM,09:40 PM,Dodgers at Padres,Petco Park - San Diego,"Local TV: Padres Television Network Presented by UC San Diego Health ----- Local Radio: KWFN 97.3- XEMO 860",06/09/25,06/10/25,09:40 PM,12:40 AM,FALSE,TRUE,06/09/25,05:40 PM,08:40 PM,FREE,BUSY
06/10/25,06:40 PM,09:40 PM,Dodgers at Padres,Petco Park - San Diego,"Local TV: Padres Television Network Presented by UC San Diego Health ----- Local Radio: KWFN 97.3- XEMO 860",06/10/25,06/11/25,09:40 PM,12:40 AM,FALSE,TRUE,06/10/25,05:40 PM,08:40 PM,FREE,BUSY
06/11/25,01:10 PM,04:10 PM,Dodgers at Padres,Petco Park - San Diego,"Local TV: Padres Television Network Presented by UC San Diego Health ----- Local Radio: KWFN 97.3- XEMO 860",06/11/25,06/11/25,04:10 PM,07:10 PM,FALSE,TRUE,06/11/25,12:10 PM,03:10 PM,FREE,BUSY
06/13/25,06:40 PM,09:40 PM,Padres at D-backs,Chase Field - Phoenix,"Local TV: Apple TV+ ----- Local Radio: KWFN 97.3- XEMO 860",06/13/25,06/14/25,09:40 PM,12:40 AM,FALSE,TRUE,06/13/25,05:40 PM,08:40 PM,FREE,BUSY
06/14/25,04:15 PM,07:15 PM,Padres at D-backs,Chase Field - Phoenix,"Local TV: FOX ----- Local Radio: KWFN 97.3- XEMO 860",06/14/25,06/14/25,07:15 PM,10:15 PM,FALSE,TRUE,06/14/25,03:15 PM,06:15 PM,FREE,BUSY
06/15/25,01:10 PM,04:10 PM,Padres at D-backs,Chase Field - Phoenix,"Local TV: Padres Television Network Presented by UC San Diego Health ----- Local Radio: KWFN 97.3- XEMO 860",06/15/25,06/15/25,04:10 PM,07:10 PM,FALSE,TRUE,06/15/25,12:10 PM,03:10 PM,FREE,BUSY
06/16/25,07:10 PM,10:10 PM,Padres at Dodgers,Dodger Stadium - Los Angeles,"Local TV: Padres Television Network Presented by UC San Diego Health- MLBN (out-of-market only) ----- Local Radio: KWFN 97.3- XEMO 860",06/16/25,06/17/25,10:10 PM,01:10 AM,FALSE,TRUE,06/16/25,06:10 PM,09:10 PM,FREE,BUSY
06/17/25,07:10 PM,10:10 PM,Padres at Dodgers,Dodger Stadium - Los Angeles,"Local TV: Padres Television Network Presented by UC San Diego Health- TBS ----- Local Radio: KWFN 97.3- XEMO 860",06/17/25,06/18/25,10:10 PM,01:10 AM,FALSE,TRUE,06/17/25,06:10 PM,09:10 PM,FREE,BUSY
06/18/25,07:10 PM,10:10 PM,Padres at Dodgers,Dodger Stadium - Los Angeles,"Local TV: Padres Television Network Presented by UC San Diego Health- MLBN ----- Local Radio: KWFN 97.3- XEMO 860",06/18/25,06/19/25,10:10 PM,01:10 AM,FALSE,TRUE,06/18/25,06:10 PM,09:10 PM,FREE,BUSY
06/19/25,07:10 PM,10:10 PM,Padres at Dodgers,Dodger Stadium - Los Angeles,"Local TV: Padres Television Network Presented by UC San Diego Health ----- Local Radio: KWFN 97.3- XEMO 860",06/19/25,06/20/25,10:10 PM,01:10 AM,FALSE,TRUE,06/19/25,06:10 PM,09:10 PM,FREE,BUSY
06/20/25,06:40 PM,09:40 PM,Royals at Padres,Petco Park - San Diego,"Local TV: Apple TV+ ----- Local Radio: KWFN 97.3- XEMO 860",06/20/25,06/21/25,09:40 PM,12:40 AM,FALSE,TRUE,06/20/25,05:40 PM,08:40 PM,FREE,BUSY
06/21/25,04:15 PM,07:15 PM,Royals at Padres,Petco Park - San Diego,"Local TV: FOX ----- Local Radio: KWFN 97.3- XEMO 860",06/21/25,06/21/25,07:15 PM,10:15 PM,FALSE,TRUE,06/21/25,03:15 PM,06:15 PM,FREE,BUSY
06/22/25,01:10 PM,04:10 PM,Royals at Padres,Petco Park - San Diego,"Local TV: Padres Television Network Presented by UC San Diego Health ----- Local Radio: KWFN 97.3- XEMO 860",06/22/25,06/22/25,04:10 PM,07:10 PM,FALSE,TRUE,06/22/25,12:10 PM,03:10 PM,FREE,BUSY
06/23/25,06:40 PM,09:40 PM,Nationals at Padres,Petco Park - San Diego,"Local TV: Padres Television Network Presented by UC San Diego Health ----- Local Radio: KWFN 97.3- XEMO 860",06/23/25,06/24/25,09:40 PM,12:40 AM,FALSE,TRUE,06/23/25,05:40 PM,08:40 PM,FREE,BUSY
06/24/25,06:40 PM,09:40 PM,Nationals at Padres,Petco Park - San Diego,"Local TV: Padres Television Network Presented by UC San Diego Health- MLBN (out-of-market only) ----- Local Radio: KWFN 97.3- XEMO 860",06/24/25,06/25/25,09:40 PM,12:40 AM,FALSE,TRUE,06/24/25,05:40 PM,08:40 PM,FREE,BUSY
06/25/25,01:10 PM,04:10 PM,Nationals at Padres,Petco Park - San Diego,"Local TV: Padres Television Network Presented by UC San Diego Health ----- Local Radio: KWFN 97.3- XEMO 860",06/25/25,06/25/25,04:10 PM,07:10 PM,FALSE,TRUE,06/25/25,12:10 PM,03:10 PM,FREE,BUSY
06/27/25,04:10 PM,07:10 PM,Padres at Reds,Great American Ball Park - Cincinnati,"Local TV: Padres Television Network Presented by UC San Diego Health ----- Local Radio: KWFN 97.3- XEMO 860",06/27/25,06/27/25,07:10 PM,10:10 PM,FALSE,TRUE,06/27/25,03:10 PM,06:10 PM,FREE,BUSY
06/28/25,01:10 PM,04:10 PM,Padres at Reds,Great American Ball Park - Cincinnati,"Local TV: Padres Television Network Presented by UC San Diego Health ----- Local Radio: KWFN 97.3- XEMO 860",06/28/25,06/28/25,04:10 PM,07:10 PM,FALSE,TRUE,06/28/25,12:10 PM,03:10 PM,FREE,BUSY
06/29/25,10:40 AM,01:40 PM,Padres at Reds,Great American Ball Park - Cincinnati,"Local TV: Padres Television Network Presented by UC San Diego Health ----- Local Radio: KWFN 97.3- XEMO 860",06/29/25,06/29/25,01:40 PM,04:40 PM,FALSE,TRUE,06/29/25,09:40 AM,12:40 PM,FREE,BUSY
06/30/25,03:35 PM,06:35 PM,Padres at Phillies,Citizens Bank Park - Philadelphia,"Local TV: Padres Television Network Presented by UC San Diego Health- MLBN (out-of-market only) ----- Local Radio: KWFN 97.3- XEMO 860",06/30/25,06/30/25,06:35 PM,09:35 PM,FALSE,TRUE,06/30/25,02:35 PM,05:35 PM,FREE,BUSY
07/02/25,10:05 AM,01:05 PM,Padres at Phillies,Citizens Bank Park - Philadelphia,"Local TV: Padres Television Network Presented by UC San Diego Health- MLBN (out-of-market only) ----- Local Radio: KWFN 97.3- XEMO 860",07/02/25,07/02/25,01:05 PM,04:05 PM,FALSE,TRUE,07/02/25,09:05 AM,12:05 PM,FREE,BUSY
07/02/25,03:15 PM,06:15 PM,Padres at Phillies,Citizens Bank Park - Philadelphia,"Local TV: Padres Television Network Presented by UC San Diego Health ----- Local Radio: KWFN 97.3- XEMO 860",07/02/25,07/02/25,06:15 PM,09:15 PM,FALSE,TRUE,07/02/25,02:15 PM,05:15 PM,FREE,BUSY
07/04/25,03:40 PM,06:40 PM,Rangers at Padres,Petco Park - San Diego,"Local TV: Padres Television Network Presented by UC San Diego Health- MLBN (out-of-market only) ----- Local Radio: KWFN 97.3- XEMO 860",07/04/25,07/04/25,06:40 PM,09:40 PM,FALSE,TRUE,07/04/25,02:40 PM,05:40 PM,FREE,BUSY
07/05/25,06:40 PM,09:40 PM,Rangers at Padres,Petco Park - San Diego,"Local TV: Padres Television Network Presented by UC San Diego Health- MLBN (out-of-market only) ----- Local Radio: KWFN 97.3- XEMO 860",07/05/25,07/06/25,09:40 PM,12:40 AM,FALSE,TRUE,07/05/25,05:40 PM,08:40 PM,FREE,BUSY
07/06/25,06:10 PM,09:10 PM,Rangers at Padres,Petco Park - San Diego,"Local TV: ESPN ----- Local Radio: KWFN 97.3- XEMO 860",07/06/25,07/07/25,09:10 PM,12:10 AM,FALSE,TRUE,07/06/25,05:10 PM,08:10 PM,FREE,BUSY
07/07/25,06:40 PM,09:40 PM,D-backs at Padres,Petco Park - San Diego,"Local TV: Padres Television Network Presented by UC San Diego Health- MLBN (out-of-market only) ----- Local Radio: KWFN 97.3- XEMO 860",07/07/25,07/08/25,09:40 PM,12:40 AM,FALSE,TRUE,07/07/25,05:40 PM,08:40 PM,FREE,BUSY
07/08/25,06:40 PM,09:40 PM,D-backs at Padres,Petco Park - San Diego,"Local TV: Padres Television Network Presented by UC San Diego Health ----- Local Radio: KWFN 97.3- XEMO 860",07/08/25,07/09/25,09:40 PM,12:40 AM,FALSE,TRUE,07/08/25,05:40 PM,08:40 PM,FREE,BUSY
07/09/25,06:40 PM,09:40 PM,D-backs at Padres,Petco Park - San Diego,"Local TV: Padres Television Network Presented by UC San Diego Health ----- Local Radio: KWFN 97.3- XEMO 860",07/09/25,07/10/25,09:40 PM,12:40 AM,FALSE,TRUE,07/09/25,05:40 PM,08:40 PM,FREE,BUSY
07/10/25,06:40 PM,09:40 PM,D-backs at Padres,Petco Park - San Diego,"Local TV: Padres Television Network Presented by UC San Diego Health- MLBN (out-of-market only) ----- Local Radio: KWFN 97.3- XEMO 860",07/10/25,07/11/25,09:40 PM,12:40 AM,FALSE,TRUE,07/10/25,05:40 PM,08:40 PM,FREE,BUSY
07/11/25,06:40 PM,09:40 PM,Phillies at Padres,Petco Park - San Diego,"Local TV: Padres Television Network Presented by UC San Diego Health- MLBN (out-of-market only) ----- Local Radio: KWFN 97.3- XEMO 860",07/11/25,07/12/25,09:40 PM,12:40 AM,FALSE,TRUE,07/11/25,05:40 PM,08:40 PM,FREE,BUSY
07/12/25,04:35 PM,07:35 PM,Phillies at Padres,Petco Park - San Diego,"Local TV: FOX ----- Local Radio: KWFN 97.3- XEMO 860",07/12/25,07/12/25,07:35 PM,10:35 PM,FALSE,TRUE,07/12/25,03:35 PM,06:35 PM,FREE,BUSY
07/13/25,01:10 PM,04:10 PM,Phillies at Padres,Petco Park - San Diego,"Local TV: Padres Television Network Presented by UC San Diego Health ----- Local Radio: KWFN 97.3- XEMO 860",07/13/25,07/13/25,04:10 PM,07:10 PM,FALSE,TRUE,07/13/25,12:10 PM,03:10 PM,FREE,BUSY
07/18/25,03:45 PM,06:45 PM,Padres at Nationals,Nationals Park - Washington,"Local TV: Padres Television Network Presented by UC San Diego Health ----- Local Radio: KWFN 97.3- XEMO 860",07/18/25,07/18/25,06:45 PM,09:45 PM,FALSE,TRUE,07/18/25,02:45 PM,05:45 PM,FREE,BUSY
07/19/25,03:45 PM,06:45 PM,Padres at Nationals,Nationals Park - Washington,"Local TV: Padres Television Network Presented by UC San Diego Health- KFMB 8.1 (CBS) ----- Local Radio: KWFN 97.3- XEMO 860",07/19/25,07/19/25,06:45 PM,09:45 PM,FALSE,TRUE,07/19/25,02:45 PM,05:45 PM,FREE,BUSY
07/20/25,10:35 AM,01:35 PM,Padres at Nationals,Nationals Park - Washington,"Local TV: Padres Television Network Presented by UC San Diego Health ----- Local Radio: KWFN 97.3- XEMO 860",07/20/25,07/20/25,01:35 PM,04:35 PM,FALSE,TRUE,07/20/25,09:35 AM,12:35 PM,FREE,BUSY
07/21/25,03:40 PM,06:40 PM,Padres at Marlins,loanDepot park - Miami,"Local TV: Padres Television Network Presented by UC San Diego Health ----- Local Radio: KWFN 97.3- XEMO 860",07/21/25,07/21/25,06:40 PM,09:40 PM,FALSE,TRUE,07/21/25,02:40 PM,05:40 PM,FREE,BUSY
07/22/25,03:40 PM,06:40 PM,Padres at Marlins,loanDepot park - Miami,"Local TV: Padres Television Network Presented by UC San Diego Health ----- Local Radio: KWFN 97.3- XEMO 860",07/22/25,07/22/25,06:40 PM,09:40 PM,FALSE,TRUE,07/22/25,02:40 PM,05:40 PM,FREE,BUSY
07/23/25,09:10 AM,12:10 PM,Padres at Marlins,loanDepot park - Miami,"Local TV: Padres Television Network Presented by UC San Diego Health ----- Local Radio: KWFN 97.3- XEMO 860",07/23/25,07/23/25,12:10 PM,03:10 PM,FALSE,TRUE,07/23/25,08:10 AM,11:10 AM,FREE,BUSY
07/24/25,04:45 PM,07:45 PM,Padres at Cardinals,Busch Stadium - St. Louis,"Local TV: Padres Television Network Presented by UC San Diego Health ----- Local Radio: KWFN 97.3- XEMO 860",07/24/25,07/24/25,07:45 PM,10:45 PM,FALSE,TRUE,07/24/25,03:45 PM,06:45 PM,FREE,BUSY
07/25/25,04:15 PM,07:15 PM,Padres at Cardinals,Busch Stadium - St. Louis,"Local TV: Padres Television Network Presented by UC San Diego Health ----- Local Radio: KWFN 97.3- XEMO 860",07/25/25,07/25/25,07:15 PM,10:15 PM,FALSE,TRUE,07/25/25,03:15 PM,06:15 PM,FREE,BUSY
07/26/25,04:15 PM,07:15 PM,Padres at Cardinals,Busch Stadium - St. Louis,"Local TV: Padres Television Network Presented by UC San Diego Health- KFMB 8.1 (CBS) ----- Local Radio: KWFN 97.3- XEMO 860",07/26/25,07/26/25,07:15 PM,10:15 PM,FALSE,TRUE,07/26/25,03:15 PM,06:15 PM,FREE,BUSY
07/27/25,11:15 AM,02:15 PM,Padres at Cardinals,Busch Stadium - St. Louis,"Local TV: Padres Television Network Presented by UC San Diego Health ----- Local Radio: KWFN 97.3- XEMO 860",07/27/25,07/27/25,02:15 PM,05:15 PM,FALSE,TRUE,07/27/25,10:15 AM,01:15 PM,FREE,BUSY
07/28/25,06:40 PM,09:40 PM,Mets at Padres,Petco Park - San Diego,"Local TV: Padres Television Network Presented by UC San Diego Health- MLBN ----- Local Radio: KWFN 97.3- XEMO 860",07/28/25,07/29/25,09:40 PM,12:40 AM,FALSE,TRUE,07/28/25,05:40 PM,08:40 PM,FREE,BUSY
07/29/25,06:40 PM,09:40 PM,Mets at Padres,Petco Park - San Diego,"Local TV: Padres Television Network Presented by UC San Diego Health- MLBN (out-of-market only) ----- Local Radio: KWFN 97.3- XEMO 860",07/29/25,07/30/25,09:40 PM,12:40 AM,FALSE,TRUE,07/29/25,05:40 PM,08:40 PM,FREE,BUSY
07/30/25,01:10 PM,04:10 PM,Mets at Padres,Petco Park - San Diego,"Local TV: Padres Television Network Presented by UC San Diego Health- MLBN (out-of-market only) ----- Local Radio: KWFN 97.3- XEMO 860",07/30/25,07/30/25,04:10 PM,07:10 PM,FALSE,TRUE,07/30/25,12:10 PM,03:10 PM,FREE,BUSY
08/01/25,06:40 PM,09:40 PM,Cardinals at Padres,Petco Park - San Diego,"Local TV: Padres Television Network Presented by UC San Diego Health ----- Local Radio: KWFN 97.3- XEMO 860",08/01/25,08/02/25,09:40 PM,12:40 AM,FALSE,TRUE,08/01/25,05:40 PM,08:40 PM,FREE,BUSY
08/02/25,07:10 PM,10:10 PM,Cardinals at Padres,Petco Park - San Diego,"Local TV: Padres Television Network Presented by UC San Diego Health- KFMB 8.2 (CW) ----- Local Radio: KWFN 97.3- XEMO 860",08/02/25,08/03/25,10:10 PM,01:10 AM,FALSE,TRUE,08/02/25,06:10 PM,09:10 PM,FREE,BUSY
08/03/25,01:10 PM,04:10 PM,Cardinals at Padres,Petco Park - San Diego,"Local TV: Padres Television Network Presented by UC San Diego Health ----- Local Radio: KWFN 97.3- XEMO 860",08/03/25,08/03/25,04:10 PM,07:10 PM,FALSE,TRUE,08/03/25,12:10 PM,03:10 PM,FREE,BUSY
08/04/25,06:40 PM,09:40 PM,Padres at D-backs,Chase Field - Phoenix,"Local TV: Padres Television Network Presented by UC San Diego Health- MLBN ----- Local Radio: KWFN 97.3- XEMO 860",08/04/25,08/05/25,09:40 PM,12:40 AM,FALSE,TRUE,08/04/25,05:40 PM,08:40 PM,FREE,BUSY
08/05/25,06:40 PM,09:40 PM,Padres at D-backs,Chase Field - Phoenix,"Local TV: Padres Television Network Presented by UC San Diego Health- MLBN (out-of-market only) ----- Local Radio: KWFN 97.3- XEMO 860",08/05/25,08/06/25,09:40 PM,12:40 AM,FALSE,TRUE,08/05/25,05:40 PM,08:40 PM,FREE,BUSY
08/06/25,06:40 PM,09:40 PM,Padres at D-backs,Chase Field - Phoenix,"Local TV: Padres Television Network Presented by UC San Diego Health- MLBN (out-of-market only) ----- Local Radio: KWFN 97.3- XEMO 860",08/06/25,08/07/25,09:40 PM,12:40 AM,FALSE,TRUE,08/06/25,05:40 PM,08:40 PM,FREE,BUSY
08/08/25,06:40 PM,09:40 PM,Red Sox at Padres,Petco Park - San Diego,"Local TV: Padres Television Network Presented by UC San Diego Health ----- Local Radio: KWFN 97.3- XEMO 860",08/08/25,08/09/25,09:40 PM,12:40 AM,FALSE,TRUE,08/08/25,05:40 PM,08:40 PM,FREE,BUSY
08/09/25,05:40 PM,08:40 PM,Red Sox at Padres,Petco Park - San Diego,"Local TV: Padres Television Network Presented by UC San Diego Health- KFMB 8.1 (CBS) ----- Local Radio: KWFN 97.3- XEMO 860",08/09/25,08/09/25,08:40 PM,11:40 PM,FALSE,TRUE,08/09/25,04:40 PM,07:40 PM,FREE,BUSY
08/10/25,01:10 PM,04:10 PM,Red Sox at Padres,Petco Park - San Diego,"Local TV: Padres Television Network Presented by UC San Diego Health ----- Local Radio: KWFN 97.3- XEMO 860",08/10/25,08/10/25,04:10 PM,07:10 PM,FALSE,TRUE,08/10/25,12:10 PM,03:10 PM,FREE,BUSY
08/11/25,06:45 PM,09:45 PM,Padres at Giants,Oracle Park - San Francisco,"Local TV: Padres Television Network Presented by UC San Diego Health ----- Local Radio: KWFN 97.3- XEMO 860",08/11/25,08/12/25,09:45 PM,12:45 AM,FALSE,TRUE,08/11/25,05:45 PM,08:45 PM,FREE,BUSY
08/12/25,06:45 PM,09:45 PM,Padres at Giants,Oracle Park - San Francisco,"Local TV: Padres Television Network Presented by UC San Diego Health ----- Local Radio: KWFN 97.3- XEMO 860",08/12/25,08/13/25,09:45 PM,12:45 AM,FALSE,TRUE,08/12/25,05:45 PM,08:45 PM,FREE,BUSY
08/13/25,12:45 PM,03:45 PM,Padres at Giants,Oracle Park - San Francisco,"Local TV: Padres Television Network Presented by UC San Diego Health ----- Local Radio: KWFN 97.3- XEMO 860",08/13/25,08/13/25,03:45 PM,06:45 PM,FALSE,TRUE,08/13/25,11:45 AM,02:45 PM,FREE,BUSY
08/15/25,07:10 PM,10:10 PM,Padres at Dodgers,Dodger Stadium - Los Angeles,"Local TV: Padres Television Network Presented by UC San Diego Health- MLBN (out-of-market only) ----- Local Radio: KWFN 97.3- XEMO 860",08/15/25,08/16/25,10:10 PM,01:10 AM,FALSE,TRUE,08/15/25,06:10 PM,09:10 PM,FREE,BUSY
08/16/25,06:10 PM,09:10 PM,Padres at Dodgers,Dodger Stadium - Los Angeles,"Local TV: Padres Television Network Presented by UC San Diego Health- KFMB 8.2 (CW) ----- Local Radio: KWFN 97.3- XEMO 860",08/16/25,08/17/25,09:10 PM,12:10 AM,FALSE,TRUE,08/16/25,05:10 PM,08:10 PM,FREE,BUSY
08/17/25,01:10 PM,04:10 PM,Padres at Dodgers,Dodger Stadium - Los Angeles,"Local TV: Padres Television Network Presented by UC San Diego Health- MLBN (out-of-market only) ----- Local Radio: KWFN 97.3- XEMO 860",08/17/25,08/17/25,04:10 PM,07:10 PM,FALSE,TRUE,08/17/25,12:10 PM,03:10 PM,FREE,BUSY
08/18/25,06:40 PM,09:40 PM,Giants at Padres,Petco Park - San Diego,"Local TV: Padres Television Network Presented by UC San Diego Health ----- Local Radio: KWFN 97.3- XEMO 860",08/18/25,08/19/25,09:40 PM,12:40 AM,FALSE,TRUE,08/18/25,05:40 PM,08:40 PM,FREE,BUSY
08/19/25,06:40 PM,09:40 PM,Giants at Padres,Petco Park - San Diego,"Local TV: Padres Television Network Presented by UC San Diego Health- MLBN (out-of-market only) ----- Local Radio: KWFN 97.3- XEMO 860",08/19/25,08/20/25,09:40 PM,12:40 AM,FALSE,TRUE,08/19/25,05:40 PM,08:40 PM,FREE,BUSY
08/20/25,06:40 PM,09:40 PM,Giants at Padres,Petco Park - San Diego,"Local TV: Padres Television Network Presented by UC San Diego Health- MLBN ----- Local Radio: KWFN 97.3- XEMO 860",08/20/25,08/21/25,09:40 PM,12:40 AM,FALSE,TRUE,08/20/25,05:40 PM,08:40 PM,FREE,BUSY
08/21/25,01:10 PM,04:10 PM,Giants at Padres,Petco Park - San Diego,"Local TV: Padres Television Network Presented by UC San Diego Health ----- Local Radio: KWFN 97.3- XEMO 860",08/21/25,08/21/25,04:10 PM,07:10 PM,FALSE,TRUE,08/21/25,12:10 PM,03:10 PM,FREE,BUSY
08/22/25,06:40 PM,09:40 PM,Dodgers at Padres,Petco Park - San Diego,"Local TV: Padres Television Network Presented by UC San Diego Health ----- Local Radio: KWFN 97.3- XEMO 860",08/22/25,08/23/25,09:40 PM,12:40 AM,FALSE,TRUE,08/22/25,05:40 PM,08:40 PM,FREE,BUSY
08/23/25,05:40 PM,08:40 PM,Dodgers at Padres,Petco Park - San Diego,"Local TV: Padres Television Network Presented by UC San Diego Health- FS1 ----- Local Radio: KWFN 97.3- XEMO 860",08/23/25,08/23/25,08:40 PM,11:40 PM,FALSE,TRUE,08/23/25,04:40 PM,07:40 PM,FREE,BUSY
08/24/25,01:10 PM,04:10 PM,Dodgers at Padres,Petco Park - San Diego,"Local TV: Padres Television Network Presented by UC San Diego Health ----- Local Radio: KWFN 97.3- XEMO 860",08/24/25,08/24/25,04:10 PM,07:10 PM,FALSE,TRUE,08/24/25,12:10 PM,03:10 PM,FREE,BUSY
08/25/25,06:40 PM,09:40 PM,Padres at Mariners,T-Mobile Park - Seattle,"Local TV: Padres Television Network Presented by UC San Diego Health ----- Local Radio: KWFN 97.3- XEMO 860",08/25/25,08/26/25,09:40 PM,12:40 AM,FALSE,TRUE,08/25/25,05:40 PM,08:40 PM,FREE,BUSY
08/26/25,06:40 PM,09:40 PM,Padres at Mariners,T-Mobile Park - Seattle,"Local TV: Padres Television Network Presented by UC San Diego Health ----- Local Radio: KWFN 97.3- XEMO 860",08/26/25,08/27/25,09:40 PM,12:40 AM,FALSE,TRUE,08/26/25,05:40 PM,08:40 PM,FREE,BUSY
08/27/25,01:10 PM,04:10 PM,Padres at Mariners,T-Mobile Park - Seattle,"Local TV: Padres Television Network Presented by UC San Diego Health- MLBN (out-of-market only) ----- Local Radio: KWFN 97.3- XEMO 860",08/27/25,08/27/25,04:10 PM,07:10 PM,FALSE,TRUE,08/27/25,12:10 PM,03:10 PM,FREE,BUSY
08/29/25,05:10 PM,08:10 PM,Padres at Twins,Target Field - Minneapolis,"Local TV: Padres Television Network Presented by UC San Diego Health ----- Local Radio: KWFN 97.3- XEMO 860",08/29/25,08/29/25,08:10 PM,11:10 PM,FALSE,TRUE,08/29/25,04:10 PM,07:10 PM,FREE,BUSY
08/30/25,04:10 PM,07:10 PM,Padres at Twins,Target Field - Minneapolis,"Local TV: Padres Television Network Presented by UC San Diego Health ----- Local Radio: KWFN 97.3- XEMO 860",08/30/25,08/30/25,07:10 PM,10:10 PM,FALSE,TRUE,08/30/25,03:10 PM,06:10 PM,FREE,BUSY
08/31/25,10:05 AM,01:05 PM,Padres at Twins,Target Field - Minneapolis,"Local TV: Roku ----- Local Radio: KWFN 97.3- XEMO 860",08/31/25,08/31/25,01:05 PM,04:05 PM,FALSE,TRUE,08/31/25,09:05 AM,12:05 PM,FREE,BUSY
09/01/25,03:40 PM,06:40 PM,Orioles at Padres,Petco Park - San Diego,"Local TV: Padres Television Network Presented by UC San Diego Health ----- Local Radio: KWFN 97.3- XEMO 860",09/01/25,09/01/25,06:40 PM,09:40 PM,FALSE,TRUE,09/01/25,02:40 PM,05:40 PM,FREE,BUSY
09/02/25,06:40 PM,09:40 PM,Orioles at Padres,Petco Park - San Diego,"Local TV: Padres Television Network Presented by UC San Diego Health ----- Local Radio: KWFN 97.3- XEMO 860",09/02/25,09/03/25,09:40 PM,12:40 AM,FALSE,TRUE,09/02/25,05:40 PM,08:40 PM,FREE,BUSY
09/03/25,01:10 PM,04:10 PM,Orioles at Padres,Petco Park - San Diego,"Local TV: Padres Television Network Presented by UC San Diego Health ----- Local Radio: KWFN 97.3- XEMO 860",09/03/25,09/03/25,04:10 PM,07:10 PM,FALSE,TRUE,09/03/25,12:10 PM,03:10 PM,FREE,BUSY
09/05/25,05:40 PM,08:40 PM,Padres at Rockies,Coors Field - Denver,"Local TV: Padres Television Network Presented by UC San Diego Health ----- Local Radio: KWFN 97.3- XEMO 860",09/05/25,09/05/25,08:40 PM,11:40 PM,FALSE,TRUE,09/05/25,04:40 PM,07:40 PM,FREE,BUSY
09/06/25,05:10 PM,08:10 PM,Padres at Rockies,Coors Field - Denver,"Local TV: Padres Television Network Presented by UC San Diego Health ----- Local Radio: KWFN 97.3- XEMO 860",09/06/25,09/06/25,08:10 PM,11:10 PM,FALSE,TRUE,09/06/25,04:10 PM,07:10 PM,FREE,BUSY
09/07/25,12:10 PM,03:10 PM,Padres at Rockies,Coors Field - Denver,"Local TV: Padres Television Network Presented by UC San Diego Health ----- Local Radio: KWFN 97.3- XEMO 860",09/07/25,09/07/25,03:10 PM,06:10 PM,FALSE,TRUE,09/07/25,11:10 AM,02:10 PM,FREE,BUSY
09/08/25,06:40 PM,09:40 PM,Reds at Padres,Petco Park - San Diego,"Local TV: Padres Television Network Presented by UC San Diego Health ----- Local Radio: KWFN 97.3- XEMO 860",09/08/25,09/09/25,09:40 PM,12:40 AM,FALSE,TRUE,09/08/25,05:40 PM,08:40 PM,FREE,BUSY
09/09/25,06:40 PM,09:40 PM,Reds at Padres,Petco Park - San Diego,"Local TV: Padres Television Network Presented by UC San Diego Health- MLBN (out-of-market only) ----- Local Radio: KWFN 97.3- XEMO 860",09/09/25,09/10/25,09:40 PM,12:40 AM,FALSE,TRUE,09/09/25,05:40 PM,08:40 PM,FREE,BUSY
09/10/25,05:40 PM,08:40 PM,Reds at Padres,Petco Park - San Diego,"Local TV: Padres Television Network Presented by UC San Diego Health ----- Local Radio: KWFN 97.3- XEMO 860",09/10/25,09/10/25,08:40 PM,11:40 PM,FALSE,TRUE,09/10/25,04:40 PM,07:40 PM,FREE,BUSY
09/11/25,06:40 PM,09:40 PM,Rockies at Padres,Petco Park - San Diego,"Local TV: Padres Television Network Presented by UC San Diego Health ----- Local Radio: KWFN 97.3- XEMO 860",09/11/25,09/12/25,09:40 PM,12:40 AM,FALSE,TRUE,09/11/25,05:40 PM,08:40 PM,FREE,BUSY
09/12/25,06:40 PM,09:40 PM,Rockies at Padres,Petco Park - San Diego,"Local TV: Padres Television Network Presented by UC San Diego Health ----- Local Radio: KWFN 97.3- XEMO 860",09/12/25,09/13/25,09:40 PM,12:40 AM,FALSE,TRUE,09/12/25,05:40 PM,08:40 PM,FREE,BUSY
09/13/25,05:40 PM,08:40 PM,Rockies at Padres,Petco Park - San Diego,"Local TV: Padres Television Network Presented by UC San Diego Health ----- Local Radio: KWFN 97.3- XEMO 860",09/13/25,09/13/25,08:40 PM,11:40 PM,FALSE,TRUE,09/13/25,04:40 PM,07:40 PM,FREE,BUSY
09/14/25,01:10 PM,04:10 PM,Rockies at Padres,Petco Park - San Diego,"Local TV: Padres Television Network Presented by UC San Diego Health ----- Local Radio: KWFN 97.3- XEMO 860",09/14/25,09/14/25,04:10 PM,07:10 PM,FALSE,TRUE,09/14/25,12:10 PM,03:10 PM,FREE,BUSY
09/16/25,04:10 PM,07:10 PM,Padres at Mets,Citi Field - Flushing,"Local TV: Padres Television Network Presented by UC San Diego Health- TBS (out-of-market only) ----- Local Radio: KWFN 97.3- XEMO 860",09/16/25,09/16/25,07:10 PM,10:10 PM,FALSE,TRUE,09/16/25,03:10 PM,06:10 PM,FREE,BUSY
09/17/25,04:10 PM,07:10 PM,Padres at Mets,Citi Field - Flushing,"Local TV: Padres Television Network Presented by UC San Diego Health ----- Local Radio: KWFN 97.3- XEMO 860",09/17/25,09/17/25,07:10 PM,10:10 PM,FALSE,TRUE,09/17/25,03:10 PM,06:10 PM,FREE,BUSY
09/18/25,10:10 AM,01:10 PM,Padres at Mets,Citi Field - Flushing,"Local TV: Padres Television Network Presented by UC San Diego Health- MLBN (out-of-market only) ----- Local Radio: KWFN 97.3- XEMO 860",09/18/25,09/18/25,01:10 PM,04:10 PM,FALSE,TRUE,09/18/25,09:10 AM,12:10 PM,FREE,BUSY
09/19/25,04:40 PM,07:40 PM,Padres at White Sox,Rate Field - Chicago,"Local TV: Padres Television Network Presented by UC San Diego Health ----- Local Radio: KWFN 97.3- XEMO 860",09/19/25,09/19/25,07:40 PM,10:40 PM,FALSE,TRUE,09/19/25,03:40 PM,06:40 PM,FREE,BUSY
09/20/25,04:10 PM,07:10 PM,Padres at White Sox,Rate Field - Chicago,"Local TV: Padres Television Network Presented by UC San Diego Health ----- Local Radio: KWFN 97.3- XEMO 860",09/20/25,09/20/25,07:10 PM,10:10 PM,FALSE,TRUE,09/20/25,03:10 PM,06:10 PM,FREE,BUSY
09/21/25,11:10 AM,02:10 PM,Padres at White Sox,Rate Field - Chicago,"Local TV: Padres Television Network Presented by UC San Diego Health ----- Local Radio: KWFN 97.3- XEMO 860",09/21/25,09/21/25,02:10 PM,05:10 PM,FALSE,TRUE,09/21/25,10:10 AM,01:10 PM,FREE,BUSY
09/22/25,06:40 PM,09:40 PM,Brewers at Padres,Petco Park - San Diego,"Local TV: Padres Television Network Presented by UC San Diego Health ----- Local Radio: KWFN 97.3- XEMO 860",09/22/25,09/23/25,09:40 PM,12:40 AM,FALSE,TRUE,09/22/25,05:40 PM,08:40 PM,FREE,BUSY
09/23/25,06:40 PM,09:40 PM,Brewers at Padres,Petco Park - San Diego,"Local TV: Padres Television Network Presented by UC San Diego Health ----- Local Radio: KWFN 97.3- XEMO 860",09/23/25,09/24/25,09:40 PM,12:40 AM,FALSE,TRUE,09/23/25,05:40 PM,08:40 PM,FREE,BUSY
09/24/25,01:10 PM,04:10 PM,Brewers at Padres,Petco Park - San Diego,"Local TV: Padres Television Network Presented by UC San Diego Health- MLBN (out-of-market only) ----- Local Radio: KWFN 97.3- XEMO 860",09/24/25,09/24/25,04:10 PM,07:10 PM,FALSE,TRUE,09/24/25,12:10 PM,03:10 PM,FREE,BUSY
09/26/25,06:40 PM,09:40 PM,D-backs at Padres,Petco Park - San Diego,"Local TV: Padres Television Network Presented by UC San Diego Health ----- Local Radio: KWFN 97.3- XEMO 860",09/26/25,09/27/25,09:40 PM,12:40 AM,FALSE,TRUE,09/26/25,05:40 PM,08:40 PM,FREE,BUSY
09/27/25,05:40 PM,08:40 PM,D-backs at Padres,Petco Park - San Diego,"Local TV: Padres Television Network Presented by UC San Diego Health- KFMB 8.1 (CBS) ----- Local Radio: KWFN 97.3- XEMO 860",09/27/25,09/27/25,08:40 PM,11:40 PM,FALSE,TRUE,09/27/25,04:40 PM,07:40 PM,FREE,BUSY
09/28/25,12:10 PM,03:10 PM,D-backs at Padres,Petco Park - San Diego,"Local TV: Padres Television Network Presented by UC San Diego Health ----- Local Radio: KWFN 97.3- XEMO 860",09/28/25,09/28/25,03:10 PM,06:10 PM,FALSE,TRUE,09/28/25,11:10 AM,02:10 PM,FREE,BUSY
09/30/25,12:08 PM,03:08 PM,Padres at Cubs,Wrigley Field - Chicago,"Local TV: ABC ----- Local Radio: KWFN 97.3- XEMO 860- ESPN Radio",09/30/25,09/30/25,03:08 PM,06:08 PM,FALSE,TRUE,09/30/25,11:08 AM,02:08 PM,FREE,BUSY
10/01/25,12:08 PM,03:08 PM,Padres at Cubs,Wrigley Field - Chicago,"Local TV: ABC ----- Local Radio: KWFN 97.3- XEMO 860- ESPN Radio",10/01/25,10/01/25,03:08 PM,06:08 PM,FALSE,TRUE,10/01/25,11:08 AM,02:08 PM,FREE,BUSY
10/02/25,02:08 PM,05:08 PM,Padres at Cubs,Wrigley Field - Chicago,"Local TV: ESPN ----- Local Radio: KWFN 97.3- XEMO 860- ESPN Radio",10/02/25,10/02/25,05:08 PM,08:08 PM,FALSE,TRUE,10/02/25,01:08 PM,04:08 PM,FREE,BUSY
03/26/26,,,Tigers at Padres - Time TBD,Petco Park - San Diego,"",03/26/26,03/26/26,,,FALSE,TRUE,03/26/26,,,FREE,BUSY
03/27/26,,,Tigers at Padres - Time TBD,Petco Park - San Diego,"",03/27/26,03/27/26,,,FALSE,TRUE,03/27/26,,,FREE,BUSY
03/28/26,,,Tigers at Padres - Time TBD,Petco Park - San Diego,"",03/28/26,03/28/26,,,FALSE,TRUE,03/28/26,,,FREE,BUSY
03/30/26,,,Giants at Padres - Time TBD,Petco Park - San Diego,"",03/30/26,03/30/26,,,FALSE,TRUE,03/30/26,,,FREE,BUSY
03/31/26,,,Giants at Padres - Time TBD,Petco Park - San Diego,"",03/31/26,03/31/26,,,FALSE,TRUE,03/31/26,,,FREE,BUSY
04/01/26,,,Giants at Padres - Time TBD,Petco Park - San Diego,"",04/01/26,04/01/26,,,FALSE,TRUE,04/01/26,,,FREE,BUSY
04/03/26,,,Padres at Red Sox - Time TBD,Fenway Park - Boston,"",04/03/26,04/03/26,,,FALSE,TRUE,04/03/26,,,FREE,BUSY
04/04/26,,,Padres at Red Sox - Time TBD,Fenway Park - Boston,"",04/04/26,04/04/26,,,FALSE,TRUE,04/04/26,,,FREE,BUSY
04/05/26,,,Padres at Red Sox - Time TBD,Fenway Park - Boston,"",04/05/26,04/05/26,,,FALSE,TRUE,04/05/26,,,FREE,BUSY
04/06/26,,,Padres at Pirates - Time TBD,PNC Park - Pittsburgh,"",04/06/26,04/06/26,,,FALSE,TRUE,04/06/26,,,FREE,BUSY
04/07/26,,,Padres at Pirates - Time TBD,PNC Park - Pittsburgh,"",04/07/26,04/07/26,,,FALSE,TRUE,04/07/26,,,FREE,BUSY
04/08/26,,,Padres at Pirates - Time TBD,PNC Park - Pittsburgh,"",04/08/26,04/08/26,,,FALSE,TRUE,04/08/26,,,FREE,BUSY
04/09/26,,,Rockies at Padres - Time TBD,Petco Park - San Diego,"",04/09/26,04/09/26,,,FALSE,TRUE,04/09/26,,,FREE,BUSY
04/10/26,,,Rockies at Padres - Time TBD,Petco Park - San Diego,"",04/10/26,04/10/26,,,FALSE,TRUE,04/10/26,,,FREE,BUSY
04/11/26,,,Rockies at Padres - Time TBD,Petco Park - San Diego,"",04/11/26,04/11/26,,,FALSE,TRUE,04/11/26,,,FREE,BUSY
04/12/26,,,Rockies at Padres - Time TBD,Petco Park - San Diego,"",04/12/26,04/12/26,,,FALSE,TRUE,04/12/26,,,FREE,BUSY
04/14/26,,,Mariners at Padres - Time TBD,Petco Park - San Diego,"",04/14/26,04/14/26,,,FALSE,TRUE,04/14/26,,,FREE,BUSY
04/15/26,,,Mariners at Padres - Time TBD,Petco Park - San Diego,"",04/15/26,04/15/26,,,FALSE,TRUE,04/15/26,,,FREE,BUSY
04/16/26,,,Mariners at Padres - Time TBD,Petco Park - San Diego,"",04/16/26,04/16/26,,,FALSE,TRUE,04/16/26,,,FREE,BUSY
04/17/26,,,Padres at Angels - Time TBD,Angel Stadium - Anaheim,"",04/17/26,04/17/26,,,FALSE,TRUE,04/17/26,,,FREE,BUSY
04/18/26,,,Padres at Angels - Time TBD,Angel Stadium - Anaheim,"",04/18/26,04/18/26,,,FALSE,TRUE,04/18/26,,,FREE,BUSY
04/19/26,,,Padres at Angels - Time TBD,Angel Stadium - Anaheim,"",04/19/26,04/19/26,,,FALSE,TRUE,04/19/26,,,FREE,BUSY
04/21/26,,,Padres at Rockies - Time TBD,Coors Field - Denver,"",04/21/26,04/21/26,,,FALSE,TRUE,04/21/26,,,FREE,BUSY
04/22/26,,,Padres at Rockies - Time TBD,Coors Field - Denver,"",04/22/26,04/22/26,,,FALSE,TRUE,04/22/26,,,FREE,BUSY
04/23/26,,,Padres at Rockies - Time TBD,Coors Field - Denver,"",04/23/26,04/23/26,,,FALSE,TRUE,04/23/26,,,FREE,BUSY
04/25/26,,,Padres at D-backs - Time TBD,Chase Field - Phoenix,"",04/25/26,04/25/26,,,FALSE,TRUE,04/25/26,,,FREE,BUSY
04/26/26,,,Padres at D-backs - Time TBD,Chase Field - Phoenix,"",04/26/26,04/26/26,,,FALSE,TRUE,04/26/26,,,FREE,BUSY
04/27/26,,,Cubs at Padres - Time TBD,Petco Park - San Diego,"",04/27/26,04/27/26,,,FALSE,TRUE,04/27/26,,,FREE,BUSY
04/28/26,,,Cubs at Padres - Time TBD,Petco Park - San Diego,"",04/28/26,04/28/26,,,FALSE,TRUE,04/28/26,,,FREE,BUSY
04/29/26,,,Cubs at Padres - Time TBD,Petco Park - San Diego,"",04/29/26,04/29/26,,,FALSE,TRUE,04/29/26,,,FREE,BUSY
05/01/26,,,White Sox at Padres - Time TBD,Petco Park - San Diego,"",05/01/26,05/01/26,,,FALSE,TRUE,05/01/26,,,FREE,BUSY
05/02/26,,,White Sox at Padres - Time TBD,Petco Park - San Diego,"",05/02/26,05/02/26,,,FALSE,TRUE,05/02/26,,,FREE,BUSY
05/03/26,,,White Sox at Padres - Time TBD,Petco Park - San Diego,"",05/03/26,05/03/26,,,FALSE,TRUE,05/03/26,,,FREE,BUSY
05/04/26,,,Padres at Giants - Time TBD,Oracle Park - San Francisco,"",05/04/26,05/04/26,,,FALSE,TRUE,05/04/26,,,FREE,BUSY
05/05/26,,,Padres at Giants - Time TBD,Oracle Park - San Francisco,"",05/05/26,05/05/26,,,FALSE,TRUE,05/05/26,,,FREE,BUSY
05/06/26,,,Padres at Giants - Time TBD,Oracle Park - San Francisco,"",05/06/26,05/06/26,,,FALSE,TRUE,05/06/26,,,FREE,BUSY
05/07/26,,,Cardinals at Padres - Time TBD,Petco Park - San Diego,"",05/07/26,05/07/26,,,FALSE,TRUE,05/07/26,,,FREE,BUSY
05/08/26,,,Cardinals at Padres - Time TBD,Petco Park - San Diego,"",05/08/26,05/08/26,,,FALSE,TRUE,05/08/26,,,FREE,BUSY
05/09/26,,,Cardinals at Padres - Time TBD,Petco Park - San Diego,"",05/09/26,05/09/26,,,FALSE,TRUE,05/09/26,,,FREE,BUSY
05/10/26,,,Cardinals at Padres - Time TBD,Petco Park - San Diego,"",05/10/26,05/10/26,,,FALSE,TRUE,05/10/26,,,FREE,BUSY
05/12/26,,,Padres at Brewers - Time TBD,American Family Field - Milwaukee,"",05/12/26,05/12/26,,,FALSE,TRUE,05/12/26,,,FREE,BUSY
05/13/26,,,Padres at Brewers - Time TBD,American Family Field - Milwaukee,"",05/13/26,05/13/26,,,FALSE,TRUE,05/13/26,,,FREE,BUSY
05/14/26,,,Padres at Brewers - Time TBD,American Family Field - Milwaukee,"",05/14/26,05/14/26,,,FALSE,TRUE,05/14/26,,,FREE,BUSY
05/15/26,,,Padres at Mariners - Time TBD,T-Mobile Park - Seattle,"",05/15/26,05/15/26,,,FALSE,TRUE,05/15/26,,,FREE,BUSY
05/16/26,,,Padres at Mariners - Time TBD,T-Mobile Park - Seattle,"",05/16/26,05/16/26,,,FALSE,TRUE,05/16/26,,,FREE,BUSY
05/17/26,,,Padres at Mariners - Time TBD,T-Mobile Park - Seattle,"",05/17/26,05/17/26,,,FALSE,TRUE,05/17/26,,,FREE,BUSY
05/18/26,,,Dodgers at Padres - Time TBD,Petco Park - San Diego,"",05/18/26,05/18/26,,,FALSE,TRUE,05/18/26,,,FREE,BUSY
05/19/26,,,Dodgers at Padres - Time TBD,Petco Park - San Diego,"",05/19/26,05/19/26,,,FALSE,TRUE,05/19/26,,,FREE,BUSY
05/20/26,,,Dodgers at Padres - Time TBD,Petco Park - San Diego,"",05/20/26,05/20/26,,,FALSE,TRUE,05/20/26,,,FREE,BUSY
05/22/26,,,Athletics at Padres - Time TBD,Petco Park - San Diego,"",05/22/26,05/22/26,,,FALSE,TRUE,05/22/26,,,FREE,BUSY
05/23/26,,,Athletics at Padres - Time TBD,Petco Park - San Diego,"",05/23/26,05/23/26,,,FALSE,TRUE,05/23/26,,,FREE,BUSY
05/24/26,,,Athletics at Padres - Time TBD,Petco Park - San Diego,"",05/24/26,05/24/26,,,FALSE,TRUE,05/24/26,,,FREE,BUSY
05/25/26,,,Phillies at Padres - Time TBD,Petco Park - San Diego,"",05/25/26,05/25/26,,,FALSE,TRUE,05/25/26,,,FREE,BUSY
05/26/26,,,Phillies at Padres - Time TBD,Petco Park - San Diego,"",05/26/26,05/26/26,,,FALSE,TRUE,05/26/26,,,FREE,BUSY
05/27/26,,,Phillies at Padres - Time TBD,Petco Park - San Diego,"",05/27/26,05/27/26,,,FALSE,TRUE,05/27/26,,,FREE,BUSY
05/29/26,,,Padres at Nationals - Time TBD,Nationals Park - Washington,"",05/29/26,05/29/26,,,FALSE,TRUE,05/29/26,,,FREE,BUSY
05/30/26,,,Padres at Nationals - Time TBD,Nationals Park - Washington,"",05/30/26,05/30/26,,,FALSE,TRUE,05/30/26,,,FREE,BUSY
05/31/26,,,Padres at Nationals - Time TBD,Nationals Park - Washington,"",05/31/26,05/31/26,,,FALSE,TRUE,05/31/26,,,FREE,BUSY
06/02/26,,,Padres at Phillies - Time TBD,Citizens Bank Park - Philadelphia,"",06/02/26,06/02/26,,,FALSE,TRUE,06/02/26,,,FREE,BUSY
06/03/26,,,Padres at Phillies - Time TBD,Citizens Bank Park - Philadelphia,"",06/03/26,06/03/26,,,FALSE,TRUE,06/03/26,,,FREE,BUSY
06/04/26,,,Padres at Phillies - Time TBD,Citizens Bank Park - Philadelphia,"",06/04/26,06/04/26,,,FALSE,TRUE,06/04/26,,,FREE,BUSY
06/05/26,,,Mets at Padres - Time TBD,Petco Park - San Diego,"",06/05/26,06/05/26,,,FALSE,TRUE,06/05/26,,,FREE,BUSY
06/06/26,,,Mets at Padres - Time TBD,Petco Park - San Diego,"",06/06/26,06/06/26,,,FALSE,TRUE,06/06/26,,,FREE,BUSY
06/07/26,,,Mets at Padres - Time TBD,Petco Park - San Diego,"",06/07/26,06/07/26,,,FALSE,TRUE,06/07/26,,,FREE,BUSY
06/08/26,,,Reds at Padres - Time TBD,Petco Park - San Diego,"",06/08/26,06/08/26,,,FALSE,TRUE,06/08/26,,,FREE,BUSY
06/09/26,,,Reds at Padres - Time TBD,Petco Park - San Diego,"",06/09/26,06/09/26,,,FALSE,TRUE,06/09/26,,,FREE,BUSY
06/10/26,,,Reds at Padres - Time TBD,Petco Park - San Diego,"",06/10/26,06/10/26,,,FALSE,TRUE,06/10/26,,,FREE,BUSY
06/12/26,,,Padres at Orioles - Time TBD,Oriole Park at Camden Yards - Baltimore,"",06/12/26,06/12/26,,,FALSE,TRUE,06/12/26,,,FREE,BUSY
06/13/26,,,Padres at Orioles - Time TBD,Oriole Park at Camden Yards - Baltimore,"",06/13/26,06/13/26,,,FALSE,TRUE,06/13/26,,,FREE,BUSY
06/14/26,,,Padres at Orioles - Time TBD,Oriole Park at Camden Yards - Baltimore,"",06/14/26,06/14/26,,,FALSE,TRUE,06/14/26,,,FREE,BUSY
06/15/26,,,Padres at Cardinals - Time TBD,Busch Stadium - St. Louis,"",06/15/26,06/15/26,,,FALSE,TRUE,06/15/26,,,FREE,BUSY
06/16/26,,,Padres at Cardinals - Time TBD,Busch Stadium - St. Louis,"",06/16/26,06/16/26,,,FALSE,TRUE,06/16/26,,,FREE,BUSY
06/17/26,,,Padres at Cardinals - Time TBD,Busch Stadium - St. Louis,"",06/17/26,06/17/26,,,FALSE,TRUE,06/17/26,,,FREE,BUSY
06/19/26,,,Padres at Rangers - Time TBD,Globe Life Field - Arlington,"",06/19/26,06/19/26,,,FALSE,TRUE,06/19/26,,,FREE,BUSY
06/20/26,,,Padres at Rangers - Time TBD,Globe Life Field - Arlington,"",06/20/26,06/20/26,,,FALSE,TRUE,06/20/26,,,FREE,BUSY
06/21/26,,,Padres at Rangers - Time TBD,Globe Life Field - Arlington,"",06/21/26,06/21/26,,,FALSE,TRUE,06/21/26,,,FREE,BUSY
06/22/26,,,Braves at Padres - Time TBD,Petco Park - San Diego,"",06/22/26,06/22/26,,,FALSE,TRUE,06/22/26,,,FREE,BUSY
06/23/26,,,Braves at Padres - Time TBD,Petco Park - San Diego,"",06/23/26,06/23/26,,,FALSE,TRUE,06/23/26,,,FREE,BUSY
06/24/26,,,Braves at Padres - Time TBD,Petco Park - San Diego,"",06/24/26,06/24/26,,,FALSE,TRUE,06/24/26,,,FREE,BUSY
06/26/26,,,Dodgers at Padres - Time TBD,Petco Park - San Diego,"",06/26/26,06/26/26,,,FALSE,TRUE,06/26/26,,,FREE,BUSY
06/27/26,,,Dodgers at Padres - Time TBD,Petco Park - San Diego,"",06/27/26,06/27/26,,,FALSE,TRUE,06/27/26,,,FREE,BUSY
06/28/26,,,Dodgers at Padres - Time TBD,Petco Park - San Diego,"",06/28/26,06/28/26,,,FALSE,TRUE,06/28/26,,,FREE,BUSY
06/29/26,,,Padres at Cubs - Time TBD,Wrigley Field - Chicago,"",06/29/26,06/29/26,,,FALSE,TRUE,06/29/26,,,FREE,BUSY
06/30/26,,,Padres at Cubs - Time TBD,Wrigley Field - Chicago,"",06/30/26,06/30/26,,,FALSE,TRUE,06/30/26,,,FREE,BUSY
07/01/26,,,Padres at Cubs - Time TBD,Wrigley Field - Chicago,"",07/01/26,07/01/26,,,FALSE,TRUE,07/01/26,,,FREE,BUSY
07/02/26,,,Padres at Dodgers - Time TBD,Dodger Stadium - Los Angeles,"",07/02/26,07/02/26,,,FALSE,TRUE,07/02/26,,,FREE,BUSY
07/03/26,,,Padres at Dodgers - Time TBD,Dodger Stadium - Los Angeles,"",07/03/26,07/03/26,,,FALSE,TRUE,07/03/26,,,FREE,BUSY
07/04/26,,,Padres at Dodgers - Time TBD,Dodger Stadium - Los Angeles,"",07/04/26,07/04/26,,,FALSE,TRUE,07/04/26,,,FREE,BUSY
07/05/26,,,Padres at Dodgers - Time TBD,Dodger Stadium - Los Angeles,"",07/05/26,07/05/26,,,FALSE,TRUE,07/05/26,,,FREE,BUSY
07/06/26,,,D-backs at Padres - Time TBD,Petco Park - San Diego,"",07/06/26,07/06/26,,,FALSE,TRUE,07/06/26,,,FREE,BUSY
07/07/26,,,D-backs at Padres - Time TBD,Petco Park - San Diego,"",07/07/26,07/07/26,,,FALSE,TRUE,07/07/26,,,FREE,BUSY
07/08/26,,,D-backs at Padres - Time TBD,Petco Park - San Diego,"",07/08/26,07/08/26,,,FALSE,TRUE,07/08/26,,,FREE,BUSY
07/09/26,,,D-backs at Padres - Time TBD,Petco Park - San Diego,"",07/09/26,07/09/26,,,FALSE,TRUE,07/09/26,,,FREE,BUSY
07/10/26,,,Blue Jays at Padres - Time TBD,Petco Park - San Diego,"",07/10/26,07/10/26,,,FALSE,TRUE,07/10/26,,,FREE,BUSY
07/11/26,,,Blue Jays at Padres - Time TBD,Petco Park - San Diego,"",07/11/26,07/11/26,,,FALSE,TRUE,07/11/26,,,FREE,BUSY
07/12/26,,,Blue Jays at Padres - Time TBD,Petco Park - San Diego,"",07/12/26,07/12/26,,,FALSE,TRUE,07/12/26,,,FREE,BUSY
07/17/26,,,Padres at Royals - Time TBD,Kauffman Stadium - Kansas City,"",07/17/26,07/17/26,,,FALSE,TRUE,07/17/26,,,FREE,BUSY
07/18/26,,,Padres at Royals - Time TBD,Kauffman Stadium - Kansas City,"",07/18/26,07/18/26,,,FALSE,TRUE,07/18/26,,,FREE,BUSY
07/19/26,,,Padres at Royals - Time TBD,Kauffman Stadium - Kansas City,"",07/19/26,07/19/26,,,FALSE,TRUE,07/19/26,,,FREE,BUSY
07/20/26,,,Padres at Braves - Time TBD,Truist Park - Atlanta,"",07/20/26,07/20/26,,,FALSE,TRUE,07/20/26,,,FREE,BUSY
07/21/26,,,Padres at Braves - Time TBD,Truist Park - Atlanta,"",07/21/26,07/21/26,,,FALSE,TRUE,07/21/26,,,FREE,BUSY
07/22/26,,,Padres at Braves - Time TBD,Truist Park - Atlanta,"",07/22/26,07/22/26,,,FALSE,TRUE,07/22/26,,,FREE,BUSY
07/23/26,,,Padres at Braves - Time TBD,Truist Park - Atlanta,"",07/23/26,07/23/26,,,FALSE,TRUE,07/23/26,,,FREE,BUSY
07/24/26,,,Padres at Marlins - Time TBD,loanDepot park - Miami,"",07/24/26,07/24/26,,,FALSE,TRUE,07/24/26,,,FREE,BUSY
07/25/26,,,Padres at Marlins - Time TBD,loanDepot park - Miami,"",07/25/26,07/25/26,,,FALSE,TRUE,07/25/26,,,FREE,BUSY
07/26/26,,,Padres at Marlins - Time TBD,loanDepot park - Miami,"",07/26/26,07/26/26,,,FALSE,TRUE,07/26/26,,,FREE,BUSY
07/28/26,,,Rockies at Padres - Time TBD,Petco Park - San Diego,"",07/28/26,07/28/26,,,FALSE,TRUE,07/28/26,,,FREE,BUSY
07/29/26,,,Rockies at Padres - Time TBD,Petco Park - San Diego,"",07/29/26,07/29/26,,,FALSE,TRUE,07/29/26,,,FREE,BUSY
07/30/26,,,Giants at Padres - Time TBD,Petco Park - San Diego,"",07/30/26,07/30/26,,,FALSE,TRUE,07/30/26,,,FREE,BUSY
07/31/26,,,Giants at Padres - Time TBD,Petco Park - San Diego,"",07/31/26,07/31/26,,,FALSE,TRUE,07/31/26,,,FREE,BUSY
08/01/26,,,Giants at Padres - Time TBD,Petco Park - San Diego,"",08/01/26,08/01/26,,,FALSE,TRUE,08/01/26,,,FREE,BUSY
08/02/26,,,Giants at Padres - Time TBD,Petco Park - San Diego,"",08/02/26,08/02/26,,,FALSE,TRUE,08/02/26,,,FREE,BUSY
08/03/26,,,Padres at D-backs - Time TBD,Chase Field - Phoenix,"",08/03/26,08/03/26,,,FALSE,TRUE,08/03/26,,,FREE,BUSY
08/04/26,,,Padres at D-backs - Time TBD,Chase Field - Phoenix,"",08/04/26,08/04/26,,,FALSE,TRUE,08/04/26,,,FREE,BUSY
08/05/26,,,Padres at D-backs - Time TBD,Chase Field - Phoenix,"",08/05/26,08/05/26,,,FALSE,TRUE,08/05/26,,,FREE,BUSY
08/06/26,,,Padres at D-backs - Time TBD,Chase Field - Phoenix,"",08/06/26,08/06/26,,,FALSE,TRUE,08/06/26,,,FREE,BUSY
08/07/26,,,Astros at Padres - Time TBD,Petco Park - San Diego,"",08/07/26,08/07/26,,,FALSE,TRUE,08/07/26,,,FREE,BUSY
08/08/26,,,Astros at Padres - Time TBD,Petco Park - San Diego,"",08/08/26,08/08/26,,,FALSE,TRUE,08/08/26,,,FREE,BUSY
08/09/26,,,Astros at Padres - Time TBD,Petco Park - San Diego,"",08/09/26,08/09/26,,,FALSE,TRUE,08/09/26,,,FREE,BUSY
08/10/26,,,Brewers at Padres - Time TBD,Petco Park - San Diego,"",08/10/26,08/10/26,,,FALSE,TRUE,08/10/26,,,FREE,BUSY
08/11/26,,,Brewers at Padres - Time TBD,Petco Park - San Diego,"",08/11/26,08/11/26,,,FALSE,TRUE,08/11/26,,,FREE,BUSY
08/12/26,,,Brewers at Padres - Time TBD,Petco Park - San Diego,"",08/12/26,08/12/26,,,FALSE,TRUE,08/12/26,,,FREE,BUSY
08/14/26,,,Padres at Guardians - Time TBD,Progressive Field - Cleveland,"",08/14/26,08/14/26,,,FALSE,TRUE,08/14/26,,,FREE,BUSY
08/15/26,,,Padres at Guardians - Time TBD,Progressive Field - Cleveland,"",08/15/26,08/15/26,,,FALSE,TRUE,08/15/26,,,FREE,BUSY
08/16/26,,,Padres at Guardians - Time TBD,Progressive Field - Cleveland,"",08/16/26,08/16/26,,,FALSE,TRUE,08/16/26,,,FREE,BUSY
08/17/26,,,Padres at Mets - Time TBD,Citi Field - Flushing,"",08/17/26,08/17/26,,,FALSE,TRUE,08/17/26,,,FREE,BUSY
08/18/26,,,Padres at Mets - Time TBD,Citi Field - Flushing,"",08/18/26,08/18/26,,,FALSE,TRUE,08/18/26,,,FREE,BUSY
08/19/26,,,Padres at Mets - Time TBD,Citi Field - Flushing,"",08/19/26,08/19/26,,,FALSE,TRUE,08/19/26,,,FREE,BUSY
08/21/26,,,Twins at Padres - Time TBD,Petco Park - San Diego,"",08/21/26,08/21/26,,,FALSE,TRUE,08/21/26,,,FREE,BUSY
08/22/26,,,Twins at Padres - Time TBD,Petco Park - San Diego,"",08/22/26,08/22/26,,,FALSE,TRUE,08/22/26,,,FREE,BUSY
08/23/26,,,Twins at Padres - Time TBD,Petco Park - San Diego,"",08/23/26,08/23/26,,,FALSE,TRUE,08/23/26,,,FREE,BUSY
08/24/26,,,Pirates at Padres - Time TBD,Petco Park - San Diego,"",08/24/26,08/24/26,,,FALSE,TRUE,08/24/26,,,FREE,BUSY
08/25/26,,,Pirates at Padres - Time TBD,Petco Park - San Diego,"",08/25/26,08/25/26,,,FALSE,TRUE,08/25/26,,,FREE,BUSY
08/26/26,,,Pirates at Padres - Time TBD,Petco Park - San Diego,"",08/26/26,08/26/26,,,FALSE,TRUE,08/26/26,,,FREE,BUSY
08/28/26,,,Padres at Rays - Time TBD,George M. Steinbrenner Field - Tampa,"",08/28/26,08/28/26,,,FALSE,TRUE,08/28/26,,,FREE,BUSY
08/29/26,,,Padres at Rays - Time TBD,George M. Steinbrenner Field - Tampa,"",08/29/26,08/29/26,,,FALSE,TRUE,08/29/26,,,FREE,BUSY
08/30/26,,,Padres at Rays - Time TBD,George M. Steinbrenner Field - Tampa,"",08/30/26,08/30/26,,,FALSE,TRUE,08/30/26,,,FREE,BUSY
08/31/26,,,Padres at Reds - Time TBD,Great American Ball Park - Cincinnati,"",08/31/26,08/31/26,,,FALSE,TRUE,08/31/26,,,FREE,BUSY
09/01/26,,,Padres at Reds - Time TBD,Great American Ball Park - Cincinnati,"",09/01/26,09/01/26,,,FALSE,TRUE,09/01/26,,,FREE,BUSY
09/02/26,,,Padres at Reds - Time TBD,Great American Ball Park - Cincinnati,"",09/02/26,09/02/26,,,FALSE,TRUE,09/02/26,,,FREE,BUSY
09/04/26,,,Yankees at Padres - Time TBD,Petco Park - San Diego,"",09/04/26,09/04/26,,,FALSE,TRUE,09/04/26,,,FREE,BUSY
09/05/26,,,Yankees at Padres - Time TBD,Petco Park - San Diego,"",09/05/26,09/05/26,,,FALSE,TRUE,09/05/26,,,FREE,BUSY
09/06/26,,,Yankees at Padres - Time TBD,Petco Park - San Diego,"",09/06/26,09/06/26,,,FALSE,TRUE,09/06/26,,,FREE,BUSY
09/07/26,,,Nationals at Padres - Time TBD,Petco Park - San Diego,"",09/07/26,09/07/26,,,FALSE,TRUE,09/07/26,,,FREE,BUSY
09/08/26,,,Nationals at Padres - Time TBD,Petco Park - San Diego,"",09/08/26,09/08/26,,,FALSE,TRUE,09/08/26,,,FREE,BUSY
09/09/26,,,Nationals at Padres - Time TBD,Petco Park - San Diego,"",09/09/26,09/09/26,,,FALSE,TRUE,09/09/26,,,FREE,BUSY
09/11/26,,,Padres at Giants - Time TBD,Oracle Park - San Francisco,"",09/11/26,09/11/26,,,FALSE,TRUE,09/11/26,,,FREE,BUSY
09/12/26,,,Padres at Giants - Time TBD,Oracle Park - San Francisco,"",09/12/26,09/12/26,,,FALSE,TRUE,09/12/26,,,FREE,BUSY
09/13/26,,,Padres at Giants - Time TBD,Oracle Park - San Francisco,"",09/13/26,09/13/26,,,FALSE,TRUE,09/13/26,,,FREE,BUSY
09/14/26,,,Padres at Rockies - Time TBD,Coors Field - Denver,"",09/14/26,09/14/26,,,FALSE,TRUE,09/14/26,,,FREE,BUSY
09/15/26,,,Padres at Rockies - Time TBD,Coors Field - Denver,"",09/15/26,09/15/26,,,FALSE,TRUE,09/15/26,,,FREE,BUSY
09/16/26,,,Padres at Rockies - Time TBD,Coors Field - Denver,"",09/16/26,09/16/26,,,FALSE,TRUE,09/16/26,,,FREE,BUSY
09/17/26,,,Padres at Rockies - Time TBD,Coors Field - Denver,"",09/17/26,09/17/26,,,FALSE,TRUE,09/17/26,,,FREE,BUSY
09/18/26,,,Marlins at Padres - Time TBD,Petco Park - San Diego,"",09/18/26,09/18/26,,,FALSE,TRUE,09/18/26,,,FREE,BUSY
09/19/26,,,Marlins at Padres - Time TBD,Petco Park - San Diego,"",09/19/26,09/19/26,,,FALSE,TRUE,09/19/26,,,FREE,BUSY
09/20/26,,,Marlins at Padres - Time TBD,Petco Park - San Diego,"",09/20/26,09/20/26,,,FALSE,TRUE,09/20/26,,,FREE,BUSY
09/22/26,,,Padres at Dodgers - Time TBD,Dodger Stadium - Los Angeles,"",09/22/26,09/22/26,,,FALSE,TRUE,09/22/26,,,FREE,BUSY
09/23/26,,,Padres at Dodgers - Time TBD,Dodger Stadium - Los Angeles,"",09/23/26,09/23/26,,,FALSE,TRUE,09/23/26,,,FREE,BUSY
09/24/26,,,Padres at Dodgers - Time TBD,Dodger Stadium - Los Angeles,"",09/24/26,09/24/26,,,FALSE,TRUE,09/24/26,,,FREE,BUSY
09/25/26,,,D-backs at Padres - Time TBD,Petco Park - San Diego,"",09/25/26,09/25/26,,,FALSE,TRUE,09/25/26,,,FREE,BUSY
09/26/26,,,D-backs at Padres - Time TBD,Petco Park - San Diego,"",09/26/26,09/26/26,,,FALSE,TRUE,09/26/26,,,FREE,BUSY
09/27/26,,,D-backs at Padres - Time TBD,Petco Park - San Diego,"",09/27/26,09/27/26,,,FALSE,TRUE,09/27/26,,,FREE,BUSY
