START DATE,START TIME,START TIME ET,SUBJECT,LOCATION,DESCRIPTION,END DATE,END DATE ET,END TIME,END TIME ET,REMINDER OFF,REMINDER ON,REMINDER DATE,REMINDER TIME,REMINDER TIME ET,SHOWTIMEAS FREE,SHOWTIMEAS BUSY
02/21/25,02:05 PM,03:05 PM,Rangers at Royals,Surprise Stadium - Surprise,"Local Radio: MLB Audio",02/21/25,02/21/25,05:05 PM,06:05 PM,FALSE,TRUE,02/21/25,01:05 PM,02:05 PM,FREE,BUSY
02/22/25,01:05 PM,03:05 PM,Giants at Rangers,Surprise Stadium - Surprise,"Local Radio: 105.3 The Fan",02/22/25,02/22/25,04:05 PM,06:05 PM,FALSE,TRUE,02/22/25,12:05 PM,02:05 PM,FREE,BUSY
02/23/25,02:05 PM,03:05 PM,Rangers at Cubs,Sloan Park - Mesa,"Local Radio: 105.3 The Fan",02/23/25,02/23/25,05:05 PM,06:05 PM,FALSE,TRUE,02/23/25,01:05 PM,02:05 PM,FREE,BUSY
02/24/25,02:05 PM,03:05 PM,Rangers at White Sox,Camelback Ranch - Glendale,"Local Radio: MLB Audio",02/24/25,02/24/25,05:05 PM,06:05 PM,FALSE,TRUE,02/24/25,01:05 PM,02:05 PM,FREE,BUSY
02/25/25,01:05 PM,03:05 PM,Royals at Rangers,Surprise Stadium - Surprise,"Local Radio: MLB Audio",02/25/25,02/25/25,04:05 PM,06:05 PM,FALSE,TRUE,02/25/25,12:05 PM,02:05 PM,FREE,BUSY
02/26/25,02:05 PM,03:05 PM,Rangers at Guardians,Goodyear Ballpark - Goodyear,"Local Radio: MLB Audio",02/26/25,02/26/25,05:05 PM,06:05 PM,FALSE,TRUE,02/26/25,01:05 PM,02:05 PM,FREE,BUSY
02/27/25,01:05 PM,03:05 PM,Mariners at Rangers,Surprise Stadium - Surprise,"Local Radio: MLB Audio",02/27/25,02/27/25,04:05 PM,06:05 PM,FALSE,TRUE,02/27/25,12:05 PM,02:05 PM,FREE,BUSY
02/28/25,01:05 PM,03:05 PM,Cubs at Rangers,Surprise Stadium - Surprise,"Local Radio: MLB Audio",02/28/25,02/28/25,04:05 PM,06:05 PM,FALSE,TRUE,02/28/25,12:05 PM,02:05 PM,FREE,BUSY
03/01/25,02:10 PM,03:10 PM,Rangers at Brewers,American Family Fields of Phoenix - Phoenix,"Local Radio: 105.3 The Fan",03/01/25,03/01/25,05:10 PM,06:10 PM,FALSE,TRUE,03/01/25,01:10 PM,02:10 PM,FREE,BUSY
03/02/25,01:05 PM,03:05 PM,D-backs at Rangers,Surprise Stadium - Surprise,"Local Radio: 105.3 The Fan",03/02/25,03/02/25,04:05 PM,06:05 PM,FALSE,TRUE,03/02/25,12:05 PM,02:05 PM,FREE,BUSY
03/03/25,02:05 PM,03:05 PM,Rangers at Royals,Surprise Stadium - Surprise,"Local Radio: MLB Audio",03/03/25,03/03/25,05:05 PM,06:05 PM,FALSE,TRUE,03/03/25,01:05 PM,02:05 PM,FREE,BUSY
03/04/25,01:05 PM,03:05 PM,Athletics at Rangers,Surprise Stadium - Surprise,"Local Radio: MLB Audio",03/04/25,03/04/25,04:05 PM,06:05 PM,FALSE,TRUE,03/04/25,12:05 PM,02:05 PM,FREE,BUSY
03/05/25,02:05 PM,03:05 PM,Rangers at Reds,Goodyear Ballpark - Goodyear,"Local Radio: MLB Audio",03/05/25,03/05/25,05:05 PM,06:05 PM,FALSE,TRUE,03/05/25,01:05 PM,02:05 PM,FREE,BUSY
03/06/25,02:05 PM,03:05 PM,Rangers at Dodgers,Camelback Ranch - Glendale,"",03/06/25,03/06/25,05:05 PM,06:05 PM,FALSE,TRUE,03/06/25,01:05 PM,02:05 PM,FREE,BUSY
03/06/25,01:05 PM,03:05 PM,Padres at Rangers,Surprise Stadium - Surprise,"Local Radio: MLB Audio",03/06/25,03/06/25,04:05 PM,06:05 PM,FALSE,TRUE,03/06/25,12:05 PM,02:05 PM,FREE,BUSY
03/08/25,01:05 PM,03:05 PM,Royals at Rangers,Surprise Stadium - Surprise,"Local Radio: 105.3 The Fan",03/08/25,03/08/25,04:05 PM,06:05 PM,FALSE,TRUE,03/08/25,12:05 PM,02:05 PM,FREE,BUSY
03/09/25,03:10 PM,04:10 PM,Rangers at D-backs,Salt River Fields at Talking Stick - Scottsdale,"Local Radio: 105.3 The Fan",03/09/25,03/09/25,06:10 PM,07:10 PM,FALSE,TRUE,03/09/25,02:10 PM,03:10 PM,FREE,BUSY
03/11/25,01:05 PM,04:05 PM,Angels at Rangers,Surprise Stadium - Surprise,"Local Radio: MLB Audio",03/11/25,03/11/25,04:05 PM,07:05 PM,FALSE,TRUE,03/11/25,12:05 PM,03:05 PM,FREE,BUSY
03/12/25,01:05 PM,04:05 PM,Reds at Rangers,Surprise Stadium - Surprise,"Local TV: CW33- Victory+ ----- Local Radio: MLB Audio",03/12/25,03/12/25,04:05 PM,07:05 PM,FALSE,TRUE,03/12/25,12:05 PM,03:05 PM,FREE,BUSY
03/13/25,02:05 PM,03:05 PM,Rangers at Giants,Scottsdale Stadium - Scottsdale,"Local Radio: MLB Audio",03/13/25,03/13/25,05:05 PM,06:05 PM,FALSE,TRUE,03/13/25,01:05 PM,02:05 PM,FREE,BUSY
03/14/25,08:40 PM,09:40 PM,Rangers at Padres,Peoria Stadium - Peoria,"",03/14/25,03/15/25,11:40 PM,12:40 AM,FALSE,TRUE,03/14/25,07:40 PM,08:40 PM,FREE,BUSY
03/14/25,06:05 PM,09:05 PM,Rockies at Rangers,Surprise Stadium - Surprise,"Local TV: CW33- Victory+ ----- Local Radio: 105.3 The Fan",03/14/25,03/15/25,09:05 PM,12:05 AM,FALSE,TRUE,03/14/25,05:05 PM,08:05 PM,FREE,BUSY
03/15/25,03:05 PM,04:05 PM,Rangers at Athletics,Hohokam Stadium - Mesa,"Local Radio: 105.3 The Fan",03/15/25,03/15/25,06:05 PM,07:05 PM,FALSE,TRUE,03/15/25,02:05 PM,03:05 PM,FREE,BUSY
03/16/25,01:05 PM,04:05 PM,White Sox at Rangers,Surprise Stadium - Surprise,"Local TV: CW33- Victory+ ----- Local Radio: 105.3 The Fan",03/16/25,03/16/25,04:05 PM,07:05 PM,FALSE,TRUE,03/16/25,12:05 PM,03:05 PM,FREE,BUSY
03/18/25,06:05 PM,09:05 PM,Guardians at Rangers,Surprise Stadium - Surprise,"Local TV: Rangers Sports Network- MLBN (out-of-market only)- Victory+ ----- Local Radio: 105.3 The Fan",03/18/25,03/19/25,09:05 PM,12:05 AM,FALSE,TRUE,03/18/25,05:05 PM,08:05 PM,FREE,BUSY
03/19/25,03:10 PM,04:10 PM,Rangers at Mariners,Peoria Stadium - Peoria,"Local Radio: MLB Audio",03/19/25,03/19/25,06:10 PM,07:10 PM,FALSE,TRUE,03/19/25,02:10 PM,03:10 PM,FREE,BUSY
03/20/25,06:05 PM,09:05 PM,Rockies at Rangers,Surprise Stadium - Surprise,"Local TV: Rangers Sports Network- Victory+ ----- Local Radio: 105.3 The Fan",03/20/25,03/21/25,09:05 PM,12:05 AM,FALSE,TRUE,03/20/25,05:05 PM,08:05 PM,FREE,BUSY
03/20/25,08:40 PM,09:40 PM,Rangers at Padres,Peoria Stadium - Peoria,"Local TV: MLBN (out-of-market only)",03/20/25,03/21/25,11:40 PM,12:40 AM,FALSE,TRUE,03/20/25,07:40 PM,08:40 PM,FREE,BUSY
03/21/25,02:10 PM,03:10 PM,Rangers at Angels,Tempe Diablo Stadium - Tempe,"Local Radio: MLB Audio",03/21/25,03/21/25,05:10 PM,06:10 PM,FALSE,TRUE,03/21/25,01:10 PM,02:10 PM,FREE,BUSY
03/22/25,12:05 PM,03:05 PM,Royals at Rangers,Surprise Stadium - Surprise,"Local TV: Rangers Sports Network- Victory+ ----- Local Radio: 105.3 The Fan",03/22/25,03/22/25,03:05 PM,06:05 PM,FALSE,TRUE,03/22/25,11:05 AM,02:05 PM,FREE,BUSY
03/24/25,07:05 PM,08:05 PM,Royals at Rangers,Globe Life Field - Arlington,"Local TV: Rangers Sports Network- Victory+ ----- Local Radio: 105.3 The Fan",03/24/25,03/24/25,10:05 PM,11:05 PM,FALSE,TRUE,03/24/25,06:05 PM,07:05 PM,FREE,BUSY
03/25/25,01:35 PM,02:35 PM,Royals at Rangers,Globe Life Field - Arlington,"Local TV: CW33- Victory+ ----- Local Radio: MLB Audio",03/25/25,03/25/25,04:35 PM,05:35 PM,FALSE,TRUE,03/25/25,12:35 PM,01:35 PM,FREE,BUSY
03/27/25,03:05 PM,04:05 PM,Red Sox at Rangers,Globe Life Field - Arlington,"Local TV: Rangers Sports Network- Victory+ ----- Local Radio: KRLD 1080- KFLC 1270",03/27/25,03/27/25,06:05 PM,07:05 PM,FALSE,TRUE,03/27/25,02:05 PM,03:05 PM,FREE,BUSY
03/28/25,07:05 PM,08:05 PM,Red Sox at Rangers,Globe Life Field - Arlington,"Local TV: CW33- Victory+ ----- Local Radio: 105.3 The Fan- KFLC 1270",03/28/25,03/28/25,10:05 PM,11:05 PM,FALSE,TRUE,03/28/25,06:05 PM,07:05 PM,FREE,BUSY
03/29/25,06:05 PM,07:05 PM,Red Sox at Rangers,Globe Life Field - Arlington,"Local TV: Rangers Sports Network- Victory+ ----- Local Radio: 105.3 The Fan- KFLC 1270",03/29/25,03/29/25,09:05 PM,10:05 PM,FALSE,TRUE,03/29/25,05:05 PM,06:05 PM,FREE,BUSY
03/30/25,01:35 PM,02:35 PM,Red Sox at Rangers,Globe Life Field - Arlington,"Local TV: Rangers Sports Network- Victory+ ----- Local Radio: 105.3 The Fan- KFLC 1270",03/30/25,03/30/25,04:35 PM,05:35 PM,FALSE,TRUE,03/30/25,12:35 PM,01:35 PM,FREE,BUSY
03/31/25,05:40 PM,06:40 PM,Rangers at Reds,Great American Ball Park - Cincinnati,"Local TV: Rangers Sports Network- Victory+ ----- Local Radio: 105.3 The Fan- KFLC 1270",03/31/25,03/31/25,08:40 PM,09:40 PM,FALSE,TRUE,03/31/25,04:40 PM,05:40 PM,FREE,BUSY
04/01/25,05:40 PM,06:40 PM,Rangers at Reds,Great American Ball Park - Cincinnati,"Local TV: Rangers Sports Network- Victory+ ----- Local Radio: 105.3 The Fan- KFLC 1270",04/01/25,04/01/25,08:40 PM,09:40 PM,FALSE,TRUE,04/01/25,04:40 PM,05:40 PM,FREE,BUSY
04/02/25,11:40 AM,12:40 PM,Rangers at Reds,Great American Ball Park - Cincinnati,"Local TV: Rangers Sports Network- Victory+ ----- Local Radio: 105.3 The Fan- KFLC 1270",04/02/25,04/02/25,02:40 PM,03:40 PM,FALSE,TRUE,04/02/25,10:40 AM,11:40 AM,FREE,BUSY
04/04/25,07:05 PM,08:05 PM,Rays at Rangers,Globe Life Field - Arlington,"Local TV: Apple TV+ ----- Local Radio: 105.3 The Fan- KFLC 1270",04/04/25,04/04/25,10:05 PM,11:05 PM,FALSE,TRUE,04/04/25,06:05 PM,07:05 PM,FREE,BUSY
04/05/25,06:05 PM,07:05 PM,Rays at Rangers,Globe Life Field - Arlington,"Local TV: Rangers Sports Network- Victory+ ----- Local Radio: 105.3 The Fan- KFLC 1270",04/05/25,04/05/25,09:05 PM,10:05 PM,FALSE,TRUE,04/05/25,05:05 PM,06:05 PM,FREE,BUSY
04/06/25,01:35 PM,02:35 PM,Rays at Rangers,Globe Life Field - Arlington,"Local TV: Rangers Sports Network- Victory+ ----- Local Radio: 105.3 The Fan- KFLC 1270",04/06/25,04/06/25,04:35 PM,05:35 PM,FALSE,TRUE,04/06/25,12:35 PM,01:35 PM,FREE,BUSY
04/07/25,06:40 PM,07:40 PM,Rangers at Cubs,Wrigley Field - Chicago,"Local TV: Rangers Sports Network- Victory+ ----- Local Radio: 105.3 The Fan- KFLC 1270",04/07/25,04/07/25,09:40 PM,10:40 PM,FALSE,TRUE,04/07/25,05:40 PM,06:40 PM,FREE,BUSY
04/08/25,06:40 PM,07:40 PM,Rangers at Cubs,Wrigley Field - Chicago,"Local TV: Rangers Sports Network- Victory+ ----- Local Radio: 105.3 The Fan- KFLC 1270",04/08/25,04/08/25,09:40 PM,10:40 PM,FALSE,TRUE,04/08/25,05:40 PM,06:40 PM,FREE,BUSY
04/09/25,01:20 PM,02:20 PM,Rangers at Cubs,Wrigley Field - Chicago,"Local TV: Rangers Sports Network- Victory+ ----- Local Radio: 105.3 The Fan- KFLC 1270",04/09/25,04/09/25,04:20 PM,05:20 PM,FALSE,TRUE,04/09/25,12:20 PM,01:20 PM,FREE,BUSY
04/11/25,08:40 PM,09:40 PM,Rangers at Mariners,T-Mobile Park - Seattle,"Local TV: Rangers Sports Network- Victory+ ----- Local Radio: 105.3 The Fan- KFLC 1270",04/11/25,04/12/25,11:40 PM,12:40 AM,FALSE,TRUE,04/11/25,07:40 PM,08:40 PM,FREE,BUSY
04/12/25,08:40 PM,09:40 PM,Rangers at Mariners,T-Mobile Park - Seattle,"Local TV: Rangers Sports Network- Victory+ ----- Local Radio: 105.3 The Fan- KFLC 1270",04/12/25,04/13/25,11:40 PM,12:40 AM,FALSE,TRUE,04/12/25,07:40 PM,08:40 PM,FREE,BUSY
04/13/25,03:10 PM,04:10 PM,Rangers at Mariners,T-Mobile Park - Seattle,"Local TV: Rangers Sports Network- Victory+ ----- Local Radio: 105.3 The Fan- KFLC 1270",04/13/25,04/13/25,06:10 PM,07:10 PM,FALSE,TRUE,04/13/25,02:10 PM,03:10 PM,FREE,BUSY
04/15/25,07:05 PM,08:05 PM,Angels at Rangers,Globe Life Field - Arlington,"Local TV: Rangers Sports Network- Victory+ ----- Local Radio: 105.3 The Fan- KFLC 1270",04/15/25,04/15/25,10:05 PM,11:05 PM,FALSE,TRUE,04/15/25,06:05 PM,07:05 PM,FREE,BUSY
04/16/25,07:05 PM,08:05 PM,Angels at Rangers,Globe Life Field - Arlington,"Local TV: Rangers Sports Network- Victory+ ----- Local Radio: 105.3 The Fan- KFLC 1270",04/16/25,04/16/25,10:05 PM,11:05 PM,FALSE,TRUE,04/16/25,06:05 PM,07:05 PM,FREE,BUSY
04/17/25,07:05 PM,08:05 PM,Angels at Rangers,Globe Life Field - Arlington,"Local TV: Rangers Sports Network- Victory+- MLBN (out-of-market only) ----- Local Radio: 105.3 The Fan- KFLC 1270",04/17/25,04/17/25,10:05 PM,11:05 PM,FALSE,TRUE,04/17/25,06:05 PM,07:05 PM,FREE,BUSY
04/18/25,07:05 PM,08:05 PM,Dodgers at Rangers,Globe Life Field - Arlington,"Local TV: CW33- Victory+- MLBN (out-of-market only) ----- Local Radio: 105.3 The Fan- KFLC 1270",04/18/25,04/18/25,10:05 PM,11:05 PM,FALSE,TRUE,04/18/25,06:05 PM,07:05 PM,FREE,BUSY
04/19/25,03:05 PM,04:05 PM,Dodgers at Rangers,Globe Life Field - Arlington,"Local TV: FOX ----- Local Radio: 105.3 The Fan- KFLC 1270",04/19/25,04/19/25,06:05 PM,07:05 PM,FALSE,TRUE,04/19/25,02:05 PM,03:05 PM,FREE,BUSY
04/20/25,01:35 PM,02:35 PM,Dodgers at Rangers,Globe Life Field - Arlington,"Local TV: Rangers Sports Network- Victory+ ----- Local Radio: 105.3 The Fan- KFLC 1270",04/20/25,04/20/25,04:35 PM,05:35 PM,FALSE,TRUE,04/20/25,12:35 PM,01:35 PM,FREE,BUSY
04/22/25,09:05 PM,10:05 PM,Rangers at Athletics,Sutter Health Park - Sacramento,"Local TV: Rangers Sports Network- Victory+- MLBN (out-of-market only) ----- Local Radio: 105.3 The Fan- KFLC 1270",04/23/25,04/23/25,12:05 AM,01:05 AM,FALSE,TRUE,04/22/25,08:05 PM,09:05 PM,FREE,BUSY
04/23/25,09:05 PM,10:05 PM,Rangers at Athletics,Sutter Health Park - Sacramento,"Local TV: Rangers Sports Network- Victory+ ----- Local Radio: 105.3 The Fan- KFLC 1270",04/24/25,04/24/25,12:05 AM,01:05 AM,FALSE,TRUE,04/23/25,08:05 PM,09:05 PM,FREE,BUSY
04/24/25,09:05 PM,10:05 PM,Rangers at Athletics,Sutter Health Park - Sacramento,"Local TV: Rangers Sports Network- Victory+ ----- Local Radio: KRLD 1080- KFLC 1270",04/25/25,04/25/25,12:05 AM,01:05 AM,FALSE,TRUE,04/24/25,08:05 PM,09:05 PM,FREE,BUSY
04/25/25,09:15 PM,10:15 PM,Rangers at Giants,Oracle Park - San Francisco,"Local TV: Apple TV+ ----- Local Radio: 105.3 The Fan- KFLC 1270",04/26/25,04/26/25,12:15 AM,01:15 AM,FALSE,TRUE,04/25/25,08:15 PM,09:15 PM,FREE,BUSY
04/26/25,03:05 PM,04:05 PM,Rangers at Giants,Oracle Park - San Francisco,"Local TV: FOX ----- Local Radio: 105.3 The Fan- KFLC 1270",04/26/25,04/26/25,06:05 PM,07:05 PM,FALSE,TRUE,04/26/25,02:05 PM,03:05 PM,FREE,BUSY
04/27/25,03:05 PM,04:05 PM,Rangers at Giants,Oracle Park - San Francisco,"Local TV: Rangers Sports Network- Victory+ ----- Local Radio: 105.3 The Fan- KFLC 1270",04/27/25,04/27/25,06:05 PM,07:05 PM,FALSE,TRUE,04/27/25,02:05 PM,03:05 PM,FREE,BUSY
04/28/25,07:05 PM,08:05 PM,Athletics at Rangers,Globe Life Field - Arlington,"Local TV: Rangers Sports Network- Victory+ ----- Local Radio: 105.3 The Fan- KFLC 1270",04/28/25,04/28/25,10:05 PM,11:05 PM,FALSE,TRUE,04/28/25,06:05 PM,07:05 PM,FREE,BUSY
04/29/25,07:05 PM,08:05 PM,Athletics at Rangers,Globe Life Field - Arlington,"Local TV: Rangers Sports Network- Victory+ ----- Local Radio: 105.3 The Fan- KFLC 1270",04/29/25,04/29/25,10:05 PM,11:05 PM,FALSE,TRUE,04/29/25,06:05 PM,07:05 PM,FREE,BUSY
04/30/25,07:05 PM,08:05 PM,Athletics at Rangers,Globe Life Field - Arlington,"Local TV: Rangers Sports Network- Victory+ ----- Local Radio: 105.3 The Fan- KFLC 1270",04/30/25,04/30/25,10:05 PM,11:05 PM,FALSE,TRUE,04/30/25,06:05 PM,07:05 PM,FREE,BUSY
05/01/25,01:35 PM,02:35 PM,Athletics at Rangers,Globe Life Field - Arlington,"Local TV: Rangers Sports Network- Victory+ ----- Local Radio: 105.3 The Fan- KFLC 1270",05/01/25,05/01/25,04:35 PM,05:35 PM,FALSE,TRUE,05/01/25,12:35 PM,01:35 PM,FREE,BUSY
05/02/25,07:05 PM,08:05 PM,Mariners at Rangers,Globe Life Field - Arlington,"Local TV: CW33- Victory+ ----- Local Radio: 105.3 The Fan- KFLC 1270",05/02/25,05/02/25,10:05 PM,11:05 PM,FALSE,TRUE,05/02/25,06:05 PM,07:05 PM,FREE,BUSY
05/03/25,06:05 PM,07:05 PM,Mariners at Rangers,Globe Life Field - Arlington,"Local TV: Rangers Sports Network- Victory+ ----- Local Radio: 105.3 The Fan- KFLC 1270",05/03/25,05/03/25,09:05 PM,10:05 PM,FALSE,TRUE,05/03/25,05:05 PM,06:05 PM,FREE,BUSY
05/04/25,01:35 PM,02:35 PM,Mariners at Rangers,Globe Life Field - Arlington,"Local TV: Rangers Sports Network- Victory+ ----- Local Radio: 105.3 The Fan- KFLC 1270",05/04/25,05/04/25,04:35 PM,05:35 PM,FALSE,TRUE,05/04/25,12:35 PM,01:35 PM,FREE,BUSY
05/06/25,05:45 PM,06:45 PM,Rangers at Red Sox,Fenway Park - Boston,"Local TV: Rangers Sports Network- Victory+ ----- Local Radio: 105.3 The Fan- KFLC 1270",05/06/25,05/06/25,08:45 PM,09:45 PM,FALSE,TRUE,05/06/25,04:45 PM,05:45 PM,FREE,BUSY
05/07/25,05:45 PM,06:45 PM,Rangers at Red Sox,Fenway Park - Boston,"Local TV: Rangers Sports Network- Victory+ ----- Local Radio: 105.3 The Fan- KFLC 1270",05/07/25,05/07/25,08:45 PM,09:45 PM,FALSE,TRUE,05/07/25,04:45 PM,05:45 PM,FREE,BUSY
05/08/25,12:35 PM,01:35 PM,Rangers at Red Sox,Fenway Park - Boston,"Local TV: Rangers Sports Network- Victory+- MLBN (out-of-market only) ----- Local Radio: 105.3 The Fan- KFLC 1270",05/08/25,05/08/25,03:35 PM,04:35 PM,FALSE,TRUE,05/08/25,11:35 AM,12:35 PM,FREE,BUSY
05/09/25,05:40 PM,06:40 PM,Rangers at Tigers,Comerica Park - Detroit,"Local TV: Rangers Sports Network- Victory+ ----- Local Radio: 105.3 The Fan- KFLC 1270",05/09/25,05/09/25,08:40 PM,09:40 PM,FALSE,TRUE,05/09/25,04:40 PM,05:40 PM,FREE,BUSY
05/10/25,05:10 PM,06:10 PM,Rangers at Tigers,Comerica Park - Detroit,"Local TV: Rangers Sports Network- Victory+ ----- Local Radio: 105.3 The Fan- KFLC 1270",05/10/25,05/10/25,08:10 PM,09:10 PM,FALSE,TRUE,05/10/25,04:10 PM,05:10 PM,FREE,BUSY
05/11/25,12:40 PM,01:40 PM,Rangers at Tigers,Comerica Park - Detroit,"Local TV: Rangers Sports Network- Victory+- MLBN (out-of-market only) ----- Local Radio: 105.3 The Fan- KFLC 1270",05/11/25,05/11/25,03:40 PM,04:40 PM,FALSE,TRUE,05/11/25,11:40 AM,12:40 PM,FREE,BUSY
05/12/25,07:05 PM,08:05 PM,Rockies at Rangers,Globe Life Field - Arlington,"Local TV: Rangers Sports Network- Victory+ ----- Local Radio: 105.3 The Fan- KFLC 1270",05/12/25,05/12/25,10:05 PM,11:05 PM,FALSE,TRUE,05/12/25,06:05 PM,07:05 PM,FREE,BUSY
05/13/25,07:05 PM,08:05 PM,Rockies at Rangers,Globe Life Field - Arlington,"Local TV: Rangers Sports Network- Victory+ ----- Local Radio: 105.3 The Fan- KFLC 1270",05/13/25,05/13/25,10:05 PM,11:05 PM,FALSE,TRUE,05/13/25,06:05 PM,07:05 PM,FREE,BUSY
05/14/25,07:05 PM,08:05 PM,Rockies at Rangers,Globe Life Field - Arlington,"Local TV: Rangers Sports Network- Victory+ ----- Local Radio: 105.3 The Fan- KFLC 1270",05/14/25,05/14/25,10:05 PM,11:05 PM,FALSE,TRUE,05/14/25,06:05 PM,07:05 PM,FREE,BUSY
05/15/25,07:05 PM,08:05 PM,Astros at Rangers,Globe Life Field - Arlington,"Local TV: Rangers Sports Network- Victory+- MLBN ----- Local Radio: 105.3 The Fan- KFLC 1270",05/15/25,05/15/25,10:05 PM,11:05 PM,FALSE,TRUE,05/15/25,06:05 PM,07:05 PM,FREE,BUSY
05/16/25,07:05 PM,08:05 PM,Astros at Rangers,Globe Life Field - Arlington,"Local TV: Apple TV+ ----- Local Radio: 105.3 The Fan- KFLC 1270",05/16/25,05/16/25,10:05 PM,11:05 PM,FALSE,TRUE,05/16/25,06:05 PM,07:05 PM,FREE,BUSY
05/17/25,06:05 PM,07:05 PM,Astros at Rangers,Globe Life Field - Arlington,"Local TV: Rangers Sports Network- Victory+ ----- Local Radio: 105.3 The Fan- KFLC 1270",05/17/25,05/17/25,09:05 PM,10:05 PM,FALSE,TRUE,05/17/25,05:05 PM,06:05 PM,FREE,BUSY
05/18/25,12:05 PM,01:05 PM,Astros at Rangers,Globe Life Field - Arlington,"Local TV: Roku ----- Local Radio: 105.3 The Fan- KFLC 1270",05/18/25,05/18/25,03:05 PM,04:05 PM,FALSE,TRUE,05/18/25,11:05 AM,12:05 PM,FREE,BUSY
05/20/25,06:05 PM,07:05 PM,Rangers at Yankees,Yankee Stadium - Bronx,"Local TV: Rangers Sports Network- Victory+ ----- Local Radio: 105.3 The Fan- KFLC 1270",05/20/25,05/20/25,09:05 PM,10:05 PM,FALSE,TRUE,05/20/25,05:05 PM,06:05 PM,FREE,BUSY
05/21/25,06:05 PM,07:05 PM,Rangers at Yankees,Yankee Stadium - Bronx,"Local TV: Rangers Sports Network- Victory+ ----- Local Radio: 105.3 The Fan- KFLC 1270",05/21/25,05/21/25,09:05 PM,10:05 PM,FALSE,TRUE,05/21/25,05:05 PM,06:05 PM,FREE,BUSY
05/22/25,11:35 AM,12:35 PM,Rangers at Yankees,Yankee Stadium - Bronx,"Local TV: Rangers Sports Network- Victory+ ----- Local Radio: 105.3 The Fan- KFLC 1270",05/22/25,05/22/25,02:35 PM,03:35 PM,FALSE,TRUE,05/22/25,10:35 AM,11:35 AM,FREE,BUSY
05/23/25,06:40 PM,07:40 PM,Rangers at White Sox,Rate Field - Chicago,"Local TV: CW33- Victory+ ----- Local Radio: 105.3 The Fan- KFLC 1270",05/23/25,05/23/25,09:40 PM,10:40 PM,FALSE,TRUE,05/23/25,05:40 PM,06:40 PM,FREE,BUSY
05/24/25,03:10 PM,04:10 PM,Rangers at White Sox,Rate Field - Chicago,"Local TV: Rangers Sports Network- Victory+ ----- Local Radio: 105.3 The Fan- KFLC 1270",05/24/25,05/24/25,06:10 PM,07:10 PM,FALSE,TRUE,05/24/25,02:10 PM,03:10 PM,FREE,BUSY
05/25/25,01:10 PM,02:10 PM,Rangers at White Sox,Rate Field - Chicago,"Local TV: Rangers Sports Network- Victory+ ----- Local Radio: 105.3 The Fan- KFLC 1270",05/25/25,05/25/25,04:10 PM,05:10 PM,FALSE,TRUE,05/25/25,12:10 PM,01:10 PM,FREE,BUSY
05/26/25,03:05 PM,04:05 PM,Blue Jays at Rangers,Globe Life Field - Arlington,"Local TV: Rangers Sports Network- Victory+ ----- Local Radio: 105.3 The Fan- KFLC 1270",05/26/25,05/26/25,06:05 PM,07:05 PM,FALSE,TRUE,05/26/25,02:05 PM,03:05 PM,FREE,BUSY
05/27/25,07:05 PM,08:05 PM,Blue Jays at Rangers,Globe Life Field - Arlington,"Local TV: Rangers Sports Network- Victory+ ----- Local Radio: 105.3 The Fan- KFLC 1270",05/27/25,05/27/25,10:05 PM,11:05 PM,FALSE,TRUE,05/27/25,06:05 PM,07:05 PM,FREE,BUSY
05/28/25,07:05 PM,08:05 PM,Blue Jays at Rangers,Globe Life Field - Arlington,"Local TV: Rangers Sports Network- Victory+ ----- Local Radio: 105.3 The Fan- KFLC 1270",05/28/25,05/28/25,10:05 PM,11:05 PM,FALSE,TRUE,05/28/25,06:05 PM,07:05 PM,FREE,BUSY
05/30/25,07:05 PM,08:05 PM,Cardinals at Rangers,Globe Life Field - Arlington,"Local TV: CW33- Victory+ ----- Local Radio: 105.3 The Fan- KFLC 1270",05/30/25,05/30/25,10:05 PM,11:05 PM,FALSE,TRUE,05/30/25,06:05 PM,07:05 PM,FREE,BUSY
05/31/25,03:05 PM,04:05 PM,Cardinals at Rangers,Globe Life Field - Arlington,"Local TV: Rangers Sports Network- Victory+ ----- Local Radio: 105.3 The Fan- KFLC 1270",05/31/25,05/31/25,06:05 PM,07:05 PM,FALSE,TRUE,05/31/25,02:05 PM,03:05 PM,FREE,BUSY
06/01/25,12:05 PM,01:05 PM,Cardinals at Rangers,Globe Life Field - Arlington,"Local TV: Roku ----- Local Radio: 105.3 The Fan- KFLC 1270",06/01/25,06/01/25,03:05 PM,04:05 PM,FALSE,TRUE,06/01/25,11:05 AM,12:05 PM,FREE,BUSY
06/03/25,06:35 PM,07:35 PM,Rangers at Rays,George M. Steinbrenner Field - Tampa,"Local TV: Rangers Sports Network- Victory+ ----- Local Radio: 105.3 The Fan- KFLC 1270",06/03/25,06/03/25,09:35 PM,10:35 PM,FALSE,TRUE,06/03/25,05:35 PM,06:35 PM,FREE,BUSY
06/04/25,06:35 PM,07:35 PM,Rangers at Rays,George M. Steinbrenner Field - Tampa,"Local TV: Rangers Sports Network- Victory+ ----- Local Radio: 105.3 The Fan- KFLC 1270",06/04/25,06/04/25,09:35 PM,10:35 PM,FALSE,TRUE,06/04/25,05:35 PM,06:35 PM,FREE,BUSY
06/05/25,06:35 PM,07:35 PM,Rangers at Rays,George M. Steinbrenner Field - Tampa,"Local TV: Rangers Sports Network- Victory+ ----- Local Radio: 105.3 The Fan- KFLC 1270",06/05/25,06/05/25,09:35 PM,10:35 PM,FALSE,TRUE,06/05/25,05:35 PM,06:35 PM,FREE,BUSY
06/06/25,05:45 PM,06:45 PM,Rangers at Nationals,Nationals Park - Washington,"Local TV: Rangers Sports Network- Victory+ ----- Local Radio: 105.3 The Fan- KFLC 1270",06/06/25,06/06/25,08:45 PM,09:45 PM,FALSE,TRUE,06/06/25,04:45 PM,05:45 PM,FREE,BUSY
06/07/25,03:05 PM,04:05 PM,Rangers at Nationals,Nationals Park - Washington,"Local TV: Rangers Sports Network- Victory+ ----- Local Radio: 105.3 The Fan- KFLC 1270",06/07/25,06/07/25,06:05 PM,07:05 PM,FALSE,TRUE,06/07/25,02:05 PM,03:05 PM,FREE,BUSY
06/08/25,12:35 PM,01:35 PM,Rangers at Nationals,Nationals Park - Washington,"Local TV: Rangers Sports Network- Victory+ ----- Local Radio: 105.3 The Fan- KFLC 1270",06/08/25,06/08/25,03:35 PM,04:35 PM,FALSE,TRUE,06/08/25,11:35 AM,12:35 PM,FREE,BUSY
06/10/25,06:40 PM,07:40 PM,Rangers at Twins,Target Field - Minneapolis,"Local TV: Rangers Sports Network- Victory+ ----- Local Radio: 105.3 The Fan- KFLC 1270",06/10/25,06/10/25,09:40 PM,10:40 PM,FALSE,TRUE,06/10/25,05:40 PM,06:40 PM,FREE,BUSY
06/11/25,06:40 PM,07:40 PM,Rangers at Twins,Target Field - Minneapolis,"Local TV: Rangers Sports Network- Victory+ ----- Local Radio: 105.3 The Fan- KFLC 1270",06/11/25,06/11/25,09:40 PM,10:40 PM,FALSE,TRUE,06/11/25,05:40 PM,06:40 PM,FREE,BUSY
06/12/25,12:10 PM,01:10 PM,Rangers at Twins,Target Field - Minneapolis,"Local TV: Rangers Sports Network- Victory+- MLBN (out-of-market only) ----- Local Radio: 105.3 The Fan- KFLC 1270",06/12/25,06/12/25,03:10 PM,04:10 PM,FALSE,TRUE,06/12/25,11:10 AM,12:10 PM,FREE,BUSY
06/13/25,07:05 PM,08:05 PM,White Sox at Rangers,Globe Life Field - Arlington,"Local TV: CW33- Victory+ ----- Local Radio: 105.3 The Fan- KFLC 1270",06/13/25,06/13/25,10:05 PM,11:05 PM,FALSE,TRUE,06/13/25,06:05 PM,07:05 PM,FREE,BUSY
06/14/25,03:05 PM,04:05 PM,White Sox at Rangers,Globe Life Field - Arlington,"Local TV: Rangers Sports Network- Victory+ ----- Local Radio: 105.3 The Fan- KFLC 1270",06/14/25,06/14/25,06:05 PM,07:05 PM,FALSE,TRUE,06/14/25,02:05 PM,03:05 PM,FREE,BUSY
06/15/25,01:35 PM,02:35 PM,White Sox at Rangers,Globe Life Field - Arlington,"Local TV: Rangers Sports Network- Victory+ ----- Local Radio: 105.3 The Fan- KFLC 1270",06/15/25,06/15/25,04:35 PM,05:35 PM,FALSE,TRUE,06/15/25,12:35 PM,01:35 PM,FREE,BUSY
06/17/25,07:05 PM,08:05 PM,Royals at Rangers,Globe Life Field - Arlington,"Local TV: Rangers Sports Network- Victory+ ----- Local Radio: 105.3 The Fan- KFLC 1270",06/17/25,06/17/25,10:05 PM,11:05 PM,FALSE,TRUE,06/17/25,06:05 PM,07:05 PM,FREE,BUSY
06/18/25,07:05 PM,08:05 PM,Royals at Rangers,Globe Life Field - Arlington,"Local TV: Rangers Sports Network- Victory+ ----- Local Radio: 105.3 The Fan- KFLC 1270",06/18/25,06/18/25,10:05 PM,11:05 PM,FALSE,TRUE,06/18/25,06:05 PM,07:05 PM,FREE,BUSY
06/19/25,01:35 PM,02:35 PM,Royals at Rangers,Globe Life Field - Arlington,"Local TV: Rangers Sports Network- Victory+ ----- Local Radio: 105.3 The Fan- KFLC 1270",06/19/25,06/19/25,04:35 PM,05:35 PM,FALSE,TRUE,06/19/25,12:35 PM,01:35 PM,FREE,BUSY
06/20/25,05:40 PM,06:40 PM,Rangers at Pirates,PNC Park - Pittsburgh,"Local TV: CW33- Victory+ ----- Local Radio: 105.3 The Fan- KFLC 1270",06/20/25,06/20/25,08:40 PM,09:40 PM,FALSE,TRUE,06/20/25,04:40 PM,05:40 PM,FREE,BUSY
06/21/25,03:05 PM,04:05 PM,Rangers at Pirates,PNC Park - Pittsburgh,"Local TV: Rangers Sports Network- Victory+- FS1 ----- Local Radio: 105.3 The Fan- KFLC 1270",06/21/25,06/21/25,06:05 PM,07:05 PM,FALSE,TRUE,06/21/25,02:05 PM,03:05 PM,FREE,BUSY
06/22/25,12:35 PM,01:35 PM,Rangers at Pirates,PNC Park - Pittsburgh,"Local TV: Rangers Sports Network- Victory+- MLBN (out-of-market only) ----- Local Radio: 105.3 The Fan- KFLC 1270",06/22/25,06/22/25,03:35 PM,04:35 PM,FALSE,TRUE,06/22/25,11:35 AM,12:35 PM,FREE,BUSY
06/23/25,05:35 PM,06:35 PM,Rangers at Orioles,Oriole Park at Camden Yards - Baltimore,"Local TV: Rangers Sports Network- Victory+ ----- Local Radio: 105.3 The Fan- KFLC 1270",06/23/25,06/23/25,08:35 PM,09:35 PM,FALSE,TRUE,06/23/25,04:35 PM,05:35 PM,FREE,BUSY
06/24/25,05:35 PM,06:35 PM,Rangers at Orioles,Oriole Park at Camden Yards - Baltimore,"Local TV: Rangers Sports Network- Victory+ ----- Local Radio: 105.3 The Fan- KFLC 1270",06/24/25,06/24/25,08:35 PM,09:35 PM,FALSE,TRUE,06/24/25,04:35 PM,05:35 PM,FREE,BUSY
06/25/25,05:35 PM,06:35 PM,Rangers at Orioles,Oriole Park at Camden Yards - Baltimore,"Local TV: Rangers Sports Network- Victory+ ----- Local Radio: 105.3 The Fan- KFLC 1270",06/25/25,06/25/25,08:35 PM,09:35 PM,FALSE,TRUE,06/25/25,04:35 PM,05:35 PM,FREE,BUSY
06/27/25,07:05 PM,08:05 PM,Mariners at Rangers,Globe Life Field - Arlington,"Local TV: Rangers Sports Network- Victory+ ----- Local Radio: 105.3 The Fan- KFLC 1270",06/27/25,06/27/25,10:05 PM,11:05 PM,FALSE,TRUE,06/27/25,06:05 PM,07:05 PM,FREE,BUSY
06/28/25,03:05 PM,04:05 PM,Mariners at Rangers,Globe Life Field - Arlington,"Local TV: Rangers Sports Network- Victory+- FS1 ----- Local Radio: 105.3 The Fan- KFLC 1270",06/28/25,06/28/25,06:05 PM,07:05 PM,FALSE,TRUE,06/28/25,02:05 PM,03:05 PM,FREE,BUSY
06/29/25,01:35 PM,02:35 PM,Mariners at Rangers,Globe Life Field - Arlington,"Local TV: Rangers Sports Network- Victory+ ----- Local Radio: 105.3 The Fan- KFLC 1270",06/29/25,06/29/25,04:35 PM,05:35 PM,FALSE,TRUE,06/29/25,12:35 PM,01:35 PM,FREE,BUSY
06/30/25,07:05 PM,08:05 PM,Orioles at Rangers,Globe Life Field - Arlington,"Local TV: Rangers Sports Network- Victory+ ----- Local Radio: 105.3 The Fan- KFLC 1270",06/30/25,06/30/25,10:05 PM,11:05 PM,FALSE,TRUE,06/30/25,06:05 PM,07:05 PM,FREE,BUSY
07/01/25,07:05 PM,08:05 PM,Orioles at Rangers,Globe Life Field - Arlington,"Local TV: Rangers Sports Network- Victory+ ----- Local Radio: 105.3 The Fan- KFLC 1270",07/01/25,07/01/25,10:05 PM,11:05 PM,FALSE,TRUE,07/01/25,06:05 PM,07:05 PM,FREE,BUSY
07/02/25,07:05 PM,08:05 PM,Orioles at Rangers,Globe Life Field - Arlington,"Local TV: Rangers Sports Network- Victory+ ----- Local Radio: 105.3 The Fan- KFLC 1270",07/02/25,07/02/25,10:05 PM,11:05 PM,FALSE,TRUE,07/02/25,06:05 PM,07:05 PM,FREE,BUSY
07/04/25,05:40 PM,06:40 PM,Rangers at Padres,Petco Park - San Diego,"Local TV: CW33- Victory+- MLBN (out-of-market only) ----- Local Radio: 105.3 The Fan- KFLC 1270",07/04/25,07/04/25,08:40 PM,09:40 PM,FALSE,TRUE,07/04/25,04:40 PM,05:40 PM,FREE,BUSY
07/05/25,08:40 PM,09:40 PM,Rangers at Padres,Petco Park - San Diego,"Local TV: Rangers Sports Network- Victory+- MLBN (out-of-market only) ----- Local Radio: 105.3 The Fan- KFLC 1270",07/05/25,07/06/25,11:40 PM,12:40 AM,FALSE,TRUE,07/05/25,07:40 PM,08:40 PM,FREE,BUSY
07/06/25,08:10 PM,09:10 PM,Rangers at Padres,Petco Park - San Diego,"Local TV: ESPN ----- Local Radio: 105.3 The Fan- KFLC 1270",07/06/25,07/07/25,11:10 PM,12:10 AM,FALSE,TRUE,07/06/25,07:10 PM,08:10 PM,FREE,BUSY
07/07/25,08:38 PM,09:38 PM,Rangers at Angels,Angel Stadium - Anaheim,"Local TV: Rangers Sports Network- Victory+ ----- Local Radio: 105.3 The Fan- KFLC 1270",07/07/25,07/08/25,11:38 PM,12:38 AM,FALSE,TRUE,07/07/25,07:38 PM,08:38 PM,FREE,BUSY
07/08/25,08:38 PM,09:38 PM,Rangers at Angels,Angel Stadium - Anaheim,"Local TV: Rangers Sports Network- Victory+ ----- Local Radio: 105.3 The Fan- KFLC 1270",07/08/25,07/09/25,11:38 PM,12:38 AM,FALSE,TRUE,07/08/25,07:38 PM,08:38 PM,FREE,BUSY
07/09/25,08:38 PM,09:38 PM,Rangers at Angels,Angel Stadium - Anaheim,"Local TV: Rangers Sports Network- Victory+ ----- Local Radio: 105.3 The Fan- KFLC 1270",07/09/25,07/10/25,11:38 PM,12:38 AM,FALSE,TRUE,07/09/25,07:38 PM,08:38 PM,FREE,BUSY
07/10/25,08:38 PM,09:38 PM,Rangers at Angels,Angel Stadium - Anaheim,"Local TV: Rangers Sports Network- Victory+ ----- Local Radio: 105.3 The Fan- KFLC 1270",07/10/25,07/11/25,11:38 PM,12:38 AM,FALSE,TRUE,07/10/25,07:38 PM,08:38 PM,FREE,BUSY
07/11/25,07:10 PM,08:10 PM,Rangers at Astros,Daikin Park - Houston,"Local TV: CW33- Victory+ ----- Local Radio: 105.3 The Fan- KFLC 1270",07/11/25,07/11/25,10:10 PM,11:10 PM,FALSE,TRUE,07/11/25,06:10 PM,07:10 PM,FREE,BUSY
07/12/25,06:35 PM,07:35 PM,Rangers at Astros,Daikin Park - Houston,"Local TV: FOX ----- Local Radio: 105.3 The Fan- KFLC 1270",07/12/25,07/12/25,09:35 PM,10:35 PM,FALSE,TRUE,07/12/25,05:35 PM,06:35 PM,FREE,BUSY
07/13/25,01:10 PM,02:10 PM,Rangers at Astros,Daikin Park - Houston,"Local TV: Rangers Sports Network- Victory+ ----- Local Radio: 105.3 The Fan- KFLC 1270",07/13/25,07/13/25,04:10 PM,05:10 PM,FALSE,TRUE,07/13/25,12:10 PM,01:10 PM,FREE,BUSY
07/18/25,07:05 PM,08:05 PM,Tigers at Rangers,Globe Life Field - Arlington,"Local TV: CW33- Victory+ ----- Local Radio: 105.3 The Fan- KFLC 1270",07/18/25,07/18/25,10:05 PM,11:05 PM,FALSE,TRUE,07/18/25,06:05 PM,07:05 PM,FREE,BUSY
07/19/25,06:05 PM,07:05 PM,Tigers at Rangers,Globe Life Field - Arlington,"Local TV: Rangers Sports Network- Victory+ ----- Local Radio: 105.3 The Fan- KFLC 1270",07/19/25,07/19/25,09:05 PM,10:05 PM,FALSE,TRUE,07/19/25,05:05 PM,06:05 PM,FREE,BUSY
07/20/25,06:10 PM,07:10 PM,Tigers at Rangers,Globe Life Field - Arlington,"Local TV: ESPN ----- Local Radio: 105.3 The Fan- KFLC 1270",07/20/25,07/20/25,09:10 PM,10:10 PM,FALSE,TRUE,07/20/25,05:10 PM,06:10 PM,FREE,BUSY
07/21/25,07:05 PM,08:05 PM,Athletics at Rangers,Globe Life Field - Arlington,"Local TV: Rangers Sports Network- Victory+- MLBN (out-of-market only) ----- Local Radio: 105.3 The Fan- KFLC 1270",07/21/25,07/21/25,10:05 PM,11:05 PM,FALSE,TRUE,07/21/25,06:05 PM,07:05 PM,FREE,BUSY
07/22/25,07:05 PM,08:05 PM,Athletics at Rangers,Globe Life Field - Arlington,"Local TV: Rangers Sports Network- Victory+ ----- Local Radio: 105.3 The Fan- KFLC 1270",07/22/25,07/22/25,10:05 PM,11:05 PM,FALSE,TRUE,07/22/25,06:05 PM,07:05 PM,FREE,BUSY
07/23/25,07:05 PM,08:05 PM,Athletics at Rangers,Globe Life Field - Arlington,"Local TV: Rangers Sports Network- Victory+ ----- Local Radio: 105.3 The Fan- KFLC 1270",07/23/25,07/23/25,10:05 PM,11:05 PM,FALSE,TRUE,07/23/25,06:05 PM,07:05 PM,FREE,BUSY
07/25/25,07:05 PM,08:05 PM,Braves at Rangers,Globe Life Field - Arlington,"Local TV: CW33- Victory+- MLBN (out-of-market only) ----- Local Radio: 105.3 The Fan- KFLC 1270",07/25/25,07/25/25,10:05 PM,11:05 PM,FALSE,TRUE,07/25/25,06:05 PM,07:05 PM,FREE,BUSY
07/26/25,06:05 PM,07:05 PM,Braves at Rangers,Globe Life Field - Arlington,"Local TV: Rangers Sports Network- Victory+ ----- Local Radio: 105.3 The Fan- KFLC 1270",07/26/25,07/26/25,09:05 PM,10:05 PM,FALSE,TRUE,07/26/25,05:05 PM,06:05 PM,FREE,BUSY
07/27/25,01:35 PM,02:35 PM,Braves at Rangers,Globe Life Field - Arlington,"Local TV: Rangers Sports Network- Victory+ ----- Local Radio: 105.3 The Fan- KFLC 1270",07/27/25,07/27/25,04:35 PM,05:35 PM,FALSE,TRUE,07/27/25,12:35 PM,01:35 PM,FREE,BUSY
07/28/25,08:38 PM,09:38 PM,Rangers at Angels,Angel Stadium - Anaheim,"Local TV: Rangers Sports Network- Victory+ ----- Local Radio: 105.3 The Fan- KFLC 1270",07/28/25,07/29/25,11:38 PM,12:38 AM,FALSE,TRUE,07/28/25,07:38 PM,08:38 PM,FREE,BUSY
07/29/25,08:38 PM,09:38 PM,Rangers at Angels,Angel Stadium - Anaheim,"Local TV: Rangers Sports Network- Victory+ ----- Local Radio: 105.3 The Fan- KFLC 1270",07/29/25,07/30/25,11:38 PM,12:38 AM,FALSE,TRUE,07/29/25,07:38 PM,08:38 PM,FREE,BUSY
07/30/25,08:38 PM,09:38 PM,Rangers at Angels,Angel Stadium - Anaheim,"Local TV: Rangers Sports Network- Victory+ ----- Local Radio: 105.3 The Fan- KFLC 1270",07/30/25,07/31/25,11:38 PM,12:38 AM,FALSE,TRUE,07/30/25,07:38 PM,08:38 PM,FREE,BUSY
07/31/25,08:40 PM,09:40 PM,Rangers at Mariners,T-Mobile Park - Seattle,"Local TV: Rangers Sports Network- Victory+ ----- Local Radio: 105.3 The Fan- KFLC 1270",07/31/25,08/01/25,11:40 PM,12:40 AM,FALSE,TRUE,07/31/25,07:40 PM,08:40 PM,FREE,BUSY
08/01/25,09:10 PM,10:10 PM,Rangers at Mariners,T-Mobile Park - Seattle,"Local TV: Rangers Sports Network- Victory+ ----- Local Radio: 105.3 The Fan- KFLC 1270",08/02/25,08/02/25,12:10 AM,01:10 AM,FALSE,TRUE,08/01/25,08:10 PM,09:10 PM,FREE,BUSY
08/02/25,03:10 PM,04:10 PM,Rangers at Mariners,T-Mobile Park - Seattle,"Local TV: Rangers Sports Network- Victory+ ----- Local Radio: 105.3 The Fan- KFLC 1270",08/02/25,08/02/25,06:10 PM,07:10 PM,FALSE,TRUE,08/02/25,02:10 PM,03:10 PM,FREE,BUSY
08/03/25,03:10 PM,04:10 PM,Rangers at Mariners,T-Mobile Park - Seattle,"Local TV: Rangers Sports Network- Victory+ ----- Local Radio: 105.3 The Fan- KFLC 1270",08/03/25,08/03/25,06:10 PM,07:10 PM,FALSE,TRUE,08/03/25,02:10 PM,03:10 PM,FREE,BUSY
08/04/25,07:05 PM,08:05 PM,Yankees at Rangers,Globe Life Field - Arlington,"Local TV: Rangers Sports Network- Victory+ ----- Local Radio: 105.3 The Fan- KFLC 1270",08/04/25,08/04/25,10:05 PM,11:05 PM,FALSE,TRUE,08/04/25,06:05 PM,07:05 PM,FREE,BUSY
08/05/25,07:05 PM,08:05 PM,Yankees at Rangers,Globe Life Field - Arlington,"Local TV: Rangers Sports Network- Victory+ ----- Local Radio: 105.3 The Fan- KFLC 1270",08/05/25,08/05/25,10:05 PM,11:05 PM,FALSE,TRUE,08/05/25,06:05 PM,07:05 PM,FREE,BUSY
08/06/25,01:35 PM,02:35 PM,Yankees at Rangers,Globe Life Field - Arlington,"Local TV: Rangers Sports Network- Victory+ ----- Local Radio: 105.3 The Fan- KFLC 1270",08/06/25,08/06/25,04:35 PM,05:35 PM,FALSE,TRUE,08/06/25,12:35 PM,01:35 PM,FREE,BUSY
08/08/25,07:05 PM,08:05 PM,Phillies at Rangers,Globe Life Field - Arlington,"Local TV: CW33- Victory+- MLBN (out-of-market only) ----- Local Radio: 105.3 The Fan- KFLC 1270",08/08/25,08/08/25,10:05 PM,11:05 PM,FALSE,TRUE,08/08/25,06:05 PM,07:05 PM,FREE,BUSY
08/09/25,06:15 PM,07:15 PM,Phillies at Rangers,Globe Life Field - Arlington,"Local TV: FOX ----- Local Radio: KRLD 1080- KFLC 1270",08/09/25,08/09/25,09:15 PM,10:15 PM,FALSE,TRUE,08/09/25,05:15 PM,06:15 PM,FREE,BUSY
08/10/25,01:35 PM,02:35 PM,Phillies at Rangers,Globe Life Field - Arlington,"Local TV: Rangers Sports Network- Victory+ ----- Local Radio: 105.3 The Fan- KFLC 1270",08/10/25,08/10/25,04:35 PM,05:35 PM,FALSE,TRUE,08/10/25,12:35 PM,01:35 PM,FREE,BUSY
08/11/25,07:05 PM,08:05 PM,D-backs at Rangers,Globe Life Field - Arlington,"Local TV: Rangers Sports Network- Victory+ ----- Local Radio: 105.3 The Fan- KFLC 1270",08/11/25,08/11/25,10:05 PM,11:05 PM,FALSE,TRUE,08/11/25,06:05 PM,07:05 PM,FREE,BUSY
08/12/25,07:05 PM,08:05 PM,D-backs at Rangers,Globe Life Field - Arlington,"Local TV: Rangers Sports Network- Victory+ ----- Local Radio: 105.3 The Fan- KFLC 1270",08/12/25,08/12/25,10:05 PM,11:05 PM,FALSE,TRUE,08/12/25,06:05 PM,07:05 PM,FREE,BUSY
08/13/25,01:35 PM,02:35 PM,D-backs at Rangers,Globe Life Field - Arlington,"Local TV: Rangers Sports Network- Victory+- MLBN (out-of-market only) ----- Local Radio: 105.3 The Fan- KFLC 1270",08/13/25,08/13/25,04:35 PM,05:35 PM,FALSE,TRUE,08/13/25,12:35 PM,01:35 PM,FREE,BUSY
08/15/25,06:07 PM,07:07 PM,Rangers at Blue Jays,Rogers Centre - Toronto,"Local TV: Apple TV+ ----- Local Radio: 105.3 The Fan- KFLC 1270",08/15/25,08/15/25,09:07 PM,10:07 PM,FALSE,TRUE,08/15/25,05:07 PM,06:07 PM,FREE,BUSY
08/16/25,02:07 PM,03:07 PM,Rangers at Blue Jays,Rogers Centre - Toronto,"Local TV: Rangers Sports Network- Victory+ ----- Local Radio: KRLD 1080- KFLC 1270",08/16/25,08/16/25,05:07 PM,06:07 PM,FALSE,TRUE,08/16/25,01:07 PM,02:07 PM,FREE,BUSY
08/17/25,12:37 PM,01:37 PM,Rangers at Blue Jays,Rogers Centre - Toronto,"Local TV: Rangers Sports Network- Victory+ ----- Local Radio: 105.3 The Fan- KFLC 1270",08/17/25,08/17/25,03:37 PM,04:37 PM,FALSE,TRUE,08/17/25,11:37 AM,12:37 PM,FREE,BUSY
08/18/25,06:40 PM,07:40 PM,Rangers at Royals,Kauffman Stadium - Kansas City,"Local TV: Rangers Sports Network- Victory+ ----- Local Radio: 105.3 The Fan- KFLC 1270",08/18/25,08/18/25,09:40 PM,10:40 PM,FALSE,TRUE,08/18/25,05:40 PM,06:40 PM,FREE,BUSY
08/19/25,06:40 PM,07:40 PM,Rangers at Royals,Kauffman Stadium - Kansas City,"Local TV: Rangers Sports Network- Victory+ ----- Local Radio: 105.3 The Fan- KFLC 1270",08/19/25,08/19/25,09:40 PM,10:40 PM,FALSE,TRUE,08/19/25,05:40 PM,06:40 PM,FREE,BUSY
08/20/25,06:40 PM,07:40 PM,Rangers at Royals,Kauffman Stadium - Kansas City,"Local TV: Rangers Sports Network- Victory+ ----- Local Radio: 105.3 The Fan- KFLC 1270",08/20/25,08/20/25,09:40 PM,10:40 PM,FALSE,TRUE,08/20/25,05:40 PM,06:40 PM,FREE,BUSY
08/21/25,01:10 PM,02:10 PM,Rangers at Royals,Kauffman Stadium - Kansas City,"Local TV: Rangers Sports Network- Victory+- MLBN (out-of-market only) ----- Local Radio: 105.3 The Fan- KFLC 1270",08/21/25,08/21/25,04:10 PM,05:10 PM,FALSE,TRUE,08/21/25,12:10 PM,01:10 PM,FREE,BUSY
08/22/25,07:05 PM,08:05 PM,Guardians at Rangers,Globe Life Field - Arlington,"Local TV: Rangers Sports Network- Victory+ ----- Local Radio: KRLD 1080- KFLC 1270",08/22/25,08/22/25,10:05 PM,11:05 PM,FALSE,TRUE,08/22/25,06:05 PM,07:05 PM,FREE,BUSY
08/23/25,06:05 PM,07:05 PM,Guardians at Rangers,Globe Life Field - Arlington,"Local TV: Rangers Sports Network- Victory+ ----- Local Radio: 105.3 The Fan- KFLC 1270",08/23/25,08/23/25,09:05 PM,10:05 PM,FALSE,TRUE,08/23/25,05:05 PM,06:05 PM,FREE,BUSY
08/24/25,01:35 PM,02:35 PM,Guardians at Rangers,Globe Life Field - Arlington,"Local TV: Rangers Sports Network- Victory+ ----- Local Radio: 105.3 The Fan- KFLC 1270",08/24/25,08/24/25,04:35 PM,05:35 PM,FALSE,TRUE,08/24/25,12:35 PM,01:35 PM,FREE,BUSY
08/25/25,07:05 PM,08:05 PM,Angels at Rangers,Globe Life Field - Arlington,"Local TV: Rangers Sports Network- Victory+ ----- Local Radio: 105.3 The Fan- KFLC 1270",08/25/25,08/25/25,10:05 PM,11:05 PM,FALSE,TRUE,08/25/25,06:05 PM,07:05 PM,FREE,BUSY
08/26/25,07:05 PM,08:05 PM,Angels at Rangers,Globe Life Field - Arlington,"Local TV: Rangers Sports Network- Victory+ ----- Local Radio: 105.3 The Fan- KFLC 1270",08/26/25,08/26/25,10:05 PM,11:05 PM,FALSE,TRUE,08/26/25,06:05 PM,07:05 PM,FREE,BUSY
08/27/25,07:05 PM,08:05 PM,Angels at Rangers,Globe Life Field - Arlington,"Local TV: Rangers Sports Network- Victory+ ----- Local Radio: 105.3 The Fan- KFLC 1270",08/27/25,08/27/25,10:05 PM,11:05 PM,FALSE,TRUE,08/27/25,06:05 PM,07:05 PM,FREE,BUSY
08/29/25,09:05 PM,10:05 PM,Rangers at Athletics,Sutter Health Park - Sacramento,"Local TV: Rangers Sports Network- Victory+- MLBN (out-of-market only) ----- Local Radio: 105.3 The Fan- KFLC 1270",08/30/25,08/30/25,12:05 AM,01:05 AM,FALSE,TRUE,08/29/25,08:05 PM,09:05 PM,FREE,BUSY
08/30/25,09:05 PM,10:05 PM,Rangers at Athletics,Sutter Health Park - Sacramento,"Local TV: Rangers Sports Network- Victory+- MLBN (out-of-market only) ----- Local Radio: 105.3 The Fan- KFLC 1270",08/31/25,08/31/25,12:05 AM,01:05 AM,FALSE,TRUE,08/30/25,08:05 PM,09:05 PM,FREE,BUSY
08/31/25,03:05 PM,04:05 PM,Rangers at Athletics,Sutter Health Park - Sacramento,"Local TV: Rangers Sports Network- Victory+ ----- Local Radio: 105.3 The Fan- KFLC 1270",08/31/25,08/31/25,06:05 PM,07:05 PM,FALSE,TRUE,08/31/25,02:05 PM,03:05 PM,FREE,BUSY
09/01/25,07:10 PM,08:10 PM,Rangers at D-backs,Chase Field - Phoenix,"Local TV: Rangers Sports Network- MLBN (out-of-market only)- Victory+ ----- Local Radio: 105.3 The Fan- KFLC 1270",09/01/25,09/01/25,10:10 PM,11:10 PM,FALSE,TRUE,09/01/25,06:10 PM,07:10 PM,FREE,BUSY
09/02/25,08:40 PM,09:40 PM,Rangers at D-backs,Chase Field - Phoenix,"Local TV: Rangers Sports Network- Victory+ ----- Local Radio: 105.3 The Fan- KFLC 1270",09/02/25,09/03/25,11:40 PM,12:40 AM,FALSE,TRUE,09/02/25,07:40 PM,08:40 PM,FREE,BUSY
09/03/25,02:40 PM,03:40 PM,Rangers at D-backs,Chase Field - Phoenix,"Local TV: Rangers Sports Network- Victory+ ----- Local Radio: 105.3 The Fan- KFLC 1270",09/03/25,09/03/25,05:40 PM,06:40 PM,FALSE,TRUE,09/03/25,01:40 PM,02:40 PM,FREE,BUSY
09/05/25,07:05 PM,08:05 PM,Astros at Rangers,Globe Life Field - Arlington,"Local TV: CW33- Victory+ ----- Local Radio: 105.3 The Fan- KFLC 1270",09/05/25,09/05/25,10:05 PM,11:05 PM,FALSE,TRUE,09/05/25,06:05 PM,07:05 PM,FREE,BUSY
09/06/25,06:15 PM,07:15 PM,Astros at Rangers,Globe Life Field - Arlington,"Local TV: FOX ----- Local Radio: 105.3 The Fan- KFLC 1270",09/06/25,09/06/25,09:15 PM,10:15 PM,FALSE,TRUE,09/06/25,05:15 PM,06:15 PM,FREE,BUSY
09/07/25,01:35 PM,02:35 PM,Astros at Rangers,Globe Life Field - Arlington,"Local TV: Rangers Sports Network- Victory+ ----- Local Radio: 105.3 The Fan- KFLC 1270",09/07/25,09/07/25,04:35 PM,05:35 PM,FALSE,TRUE,09/07/25,12:35 PM,01:35 PM,FREE,BUSY
09/08/25,07:05 PM,08:05 PM,Brewers at Rangers,Globe Life Field - Arlington,"Local TV: Rangers Sports Network- Victory+ ----- Local Radio: 105.3 The Fan- KFLC 1270",09/08/25,09/08/25,10:05 PM,11:05 PM,FALSE,TRUE,09/08/25,06:05 PM,07:05 PM,FREE,BUSY
09/09/25,07:05 PM,08:05 PM,Brewers at Rangers,Globe Life Field - Arlington,"Local TV: Rangers Sports Network- Victory+ ----- Local Radio: 105.3 The Fan- KFLC 1270",09/09/25,09/09/25,10:05 PM,11:05 PM,FALSE,TRUE,09/09/25,06:05 PM,07:05 PM,FREE,BUSY
09/10/25,01:35 PM,02:35 PM,Brewers at Rangers,Globe Life Field - Arlington,"Local TV: Rangers Sports Network- MLBN (out-of-market only)- Victory+ ----- Local Radio: 105.3 The Fan- KFLC 1270",09/10/25,09/10/25,04:35 PM,05:35 PM,FALSE,TRUE,09/10/25,12:35 PM,01:35 PM,FREE,BUSY
09/12/25,06:10 PM,07:10 PM,Rangers at Mets,Citi Field - Flushing,"Local TV: Rangers Sports Network- MLBN (out-of-market only)- Victory+ ----- Local Radio: 105.3 The Fan- KFLC 1270",09/12/25,09/12/25,09:10 PM,10:10 PM,FALSE,TRUE,09/12/25,05:10 PM,06:10 PM,FREE,BUSY
09/13/25,03:10 PM,04:10 PM,Rangers at Mets,Citi Field - Flushing,"Local TV: Rangers Sports Network- Victory+ ----- Local Radio: 105.3 The Fan- KFLC 1270",09/13/25,09/13/25,06:10 PM,07:10 PM,FALSE,TRUE,09/13/25,02:10 PM,03:10 PM,FREE,BUSY
09/14/25,12:40 PM,01:40 PM,Rangers at Mets,Citi Field - Flushing,"Local TV: Rangers Sports Network- MLBN (out-of-market only)- Victory+ ----- Local Radio: KRLD 1080- KFLC 1270",09/14/25,09/14/25,03:40 PM,04:40 PM,FALSE,TRUE,09/14/25,11:40 AM,12:40 PM,FREE,BUSY
09/15/25,07:10 PM,08:10 PM,Rangers at Astros,Daikin Park - Houston,"Local TV: Rangers Sports Network- Victory+ ----- Local Radio: 105.3 The Fan- KFLC 1270",09/15/25,09/15/25,10:10 PM,11:10 PM,FALSE,TRUE,09/15/25,06:10 PM,07:10 PM,FREE,BUSY
09/16/25,07:10 PM,08:10 PM,Rangers at Astros,Daikin Park - Houston,"Local TV: Rangers Sports Network- Victory+ ----- Local Radio: 105.3 The Fan- KFLC 1270",09/16/25,09/16/25,10:10 PM,11:10 PM,FALSE,TRUE,09/16/25,06:10 PM,07:10 PM,FREE,BUSY
09/17/25,07:10 PM,08:10 PM,Rangers at Astros,Daikin Park - Houston,"Local TV: Rangers Sports Network- Victory+ ----- Local Radio: 105.3 The Fan- KFLC 1270",09/17/25,09/17/25,10:10 PM,11:10 PM,FALSE,TRUE,09/17/25,06:10 PM,07:10 PM,FREE,BUSY
09/19/25,07:05 PM,08:05 PM,Marlins at Rangers,Globe Life Field - Arlington,"Local TV: CW33- Victory+ ----- Local Radio: 105.3 The Fan- KFLC 1270",09/19/25,09/19/25,10:05 PM,11:05 PM,FALSE,TRUE,09/19/25,06:05 PM,07:05 PM,FREE,BUSY
09/20/25,06:05 PM,07:05 PM,Marlins at Rangers,Globe Life Field - Arlington,"Local TV: Rangers Sports Network- Victory+ ----- Local Radio: 105.3 The Fan- KFLC 1270",09/20/25,09/20/25,09:05 PM,10:05 PM,FALSE,TRUE,09/20/25,05:05 PM,06:05 PM,FREE,BUSY
09/21/25,01:35 PM,02:35 PM,Marlins at Rangers,Globe Life Field - Arlington,"Local TV: Rangers Sports Network- Victory+ ----- Local Radio: KRLD 1080- KFLC 1270",09/21/25,09/21/25,04:35 PM,05:35 PM,FALSE,TRUE,09/21/25,12:35 PM,01:35 PM,FREE,BUSY
09/23/25,07:05 PM,08:05 PM,Twins at Rangers,Globe Life Field - Arlington,"Local TV: Rangers Sports Network- Victory+ ----- Local Radio: 105.3 The Fan- KFLC 1270",09/23/25,09/23/25,10:05 PM,11:05 PM,FALSE,TRUE,09/23/25,06:05 PM,07:05 PM,FREE,BUSY
09/24/25,07:05 PM,08:05 PM,Twins at Rangers,Globe Life Field - Arlington,"Local TV: Rangers Sports Network- Victory+ ----- Local Radio: 105.3 The Fan- KFLC 1270",09/24/25,09/24/25,10:05 PM,11:05 PM,FALSE,TRUE,09/24/25,06:05 PM,07:05 PM,FREE,BUSY
09/25/25,01:35 PM,02:35 PM,Twins at Rangers,Globe Life Field - Arlington,"Local TV: Rangers Sports Network- Victory+ ----- Local Radio: 105.3 The Fan- KFLC 1270",09/25/25,09/25/25,04:35 PM,05:35 PM,FALSE,TRUE,09/25/25,12:35 PM,01:35 PM,FREE,BUSY
09/26/25,06:10 PM,07:10 PM,Rangers at Guardians,Progressive Field - Cleveland,"Local TV: Victory+- CW33- MLBN (out-of-market only) ----- Local Radio: 105.3 The Fan- KFLC 1270",09/26/25,09/26/25,09:10 PM,10:10 PM,FALSE,TRUE,09/26/25,05:10 PM,06:10 PM,FREE,BUSY
09/27/25,06:15 PM,07:15 PM,Rangers at Guardians,Progressive Field - Cleveland,"Local TV: FOX ----- Local Radio: 105.3 The Fan- KFLC 1270",09/27/25,09/27/25,09:15 PM,10:15 PM,FALSE,TRUE,09/27/25,05:15 PM,06:15 PM,FREE,BUSY
09/28/25,02:10 PM,03:10 PM,Rangers at Guardians,Progressive Field - Cleveland,"Local TV: Rangers Sports Network- Victory+ ----- Local Radio: KRLD 1080- KFLC 1270",09/28/25,09/28/25,05:10 PM,06:10 PM,FALSE,TRUE,09/28/25,01:10 PM,02:10 PM,FREE,BUSY
03/26/26,,,Rangers at Phillies - Time TBD,Citizens Bank Park - Philadelphia,"",03/26/26,03/26/26,,,FALSE,TRUE,03/26/26,,,FREE,BUSY
03/28/26,,,Rangers at Phillies - Time TBD,Citizens Bank Park - Philadelphia,"",03/28/26,03/28/26,,,FALSE,TRUE,03/28/26,,,FREE,BUSY
03/29/26,,,Rangers at Phillies - Time TBD,Citizens Bank Park - Philadelphia,"",03/29/26,03/29/26,,,FALSE,TRUE,03/29/26,,,FREE,BUSY
03/30/26,,,Rangers at Orioles - Time TBD,Oriole Park at Camden Yards - Baltimore,"",03/30/26,03/30/26,,,FALSE,TRUE,03/30/26,,,FREE,BUSY
03/31/26,,,Rangers at Orioles - Time TBD,Oriole Park at Camden Yards - Baltimore,"",03/31/26,03/31/26,,,FALSE,TRUE,03/31/26,,,FREE,BUSY
04/01/26,,,Rangers at Orioles - Time TBD,Oriole Park at Camden Yards - Baltimore,"",04/01/26,04/01/26,,,FALSE,TRUE,04/01/26,,,FREE,BUSY
04/03/26,,,Reds at Rangers - Time TBD,Globe Life Field - Arlington,"",04/03/26,04/03/26,,,FALSE,TRUE,04/03/26,,,FREE,BUSY
04/04/26,,,Reds at Rangers - Time TBD,Globe Life Field - Arlington,"",04/04/26,04/04/26,,,FALSE,TRUE,04/04/26,,,FREE,BUSY
04/05/26,,,Reds at Rangers - Time TBD,Globe Life Field - Arlington,"",04/05/26,04/05/26,,,FALSE,TRUE,04/05/26,,,FREE,BUSY
04/06/26,,,Mariners at Rangers - Time TBD,Globe Life Field - Arlington,"",04/06/26,04/06/26,,,FALSE,TRUE,04/06/26,,,FREE,BUSY
04/07/26,,,Mariners at Rangers - Time TBD,Globe Life Field - Arlington,"",04/07/26,04/07/26,,,FALSE,TRUE,04/07/26,,,FREE,BUSY
04/08/26,,,Mariners at Rangers - Time TBD,Globe Life Field - Arlington,"",04/08/26,04/08/26,,,FALSE,TRUE,04/08/26,,,FREE,BUSY
04/10/26,,,Rangers at Dodgers - Time TBD,Dodger Stadium - Los Angeles,"",04/10/26,04/10/26,,,FALSE,TRUE,04/10/26,,,FREE,BUSY
04/11/26,,,Rangers at Dodgers - Time TBD,Dodger Stadium - Los Angeles,"",04/11/26,04/11/26,,,FALSE,TRUE,04/11/26,,,FREE,BUSY
04/12/26,,,Rangers at Dodgers - Time TBD,Dodger Stadium - Los Angeles,"",04/12/26,04/12/26,,,FALSE,TRUE,04/12/26,,,FREE,BUSY
04/13/26,,,Rangers at Athletics - Time TBD,Sutter Health Park - Sacramento,"",04/13/26,04/13/26,,,FALSE,TRUE,04/13/26,,,FREE,BUSY
04/14/26,,,Rangers at Athletics - Time TBD,Sutter Health Park - Sacramento,"",04/14/26,04/14/26,,,FALSE,TRUE,04/14/26,,,FREE,BUSY
04/15/26,,,Rangers at Athletics - Time TBD,Sutter Health Park - Sacramento,"",04/15/26,04/15/26,,,FALSE,TRUE,04/15/26,,,FREE,BUSY
04/16/26,,,Rangers at Athletics - Time TBD,Sutter Health Park - Sacramento,"",04/16/26,04/16/26,,,FALSE,TRUE,04/16/26,,,FREE,BUSY
04/17/26,,,Rangers at Mariners - Time TBD,T-Mobile Park - Seattle,"",04/17/26,04/17/26,,,FALSE,TRUE,04/17/26,,,FREE,BUSY
04/18/26,,,Rangers at Mariners - Time TBD,T-Mobile Park - Seattle,"",04/18/26,04/18/26,,,FALSE,TRUE,04/18/26,,,FREE,BUSY
04/19/26,,,Rangers at Mariners - Time TBD,T-Mobile Park - Seattle,"",04/19/26,04/19/26,,,FALSE,TRUE,04/19/26,,,FREE,BUSY
04/21/26,,,Pirates at Rangers - Time TBD,Globe Life Field - Arlington,"",04/21/26,04/21/26,,,FALSE,TRUE,04/21/26,,,FREE,BUSY
04/22/26,,,Pirates at Rangers - Time TBD,Globe Life Field - Arlington,"",04/22/26,04/22/26,,,FALSE,TRUE,04/22/26,,,FREE,BUSY
04/23/26,,,Pirates at Rangers - Time TBD,Globe Life Field - Arlington,"",04/23/26,04/23/26,,,FALSE,TRUE,04/23/26,,,FREE,BUSY
04/24/26,,,Athletics at Rangers - Time TBD,Globe Life Field - Arlington,"",04/24/26,04/24/26,,,FALSE,TRUE,04/24/26,,,FREE,BUSY
04/25/26,,,Athletics at Rangers - Time TBD,Globe Life Field - Arlington,"",04/25/26,04/25/26,,,FALSE,TRUE,04/25/26,,,FREE,BUSY
04/26/26,,,Athletics at Rangers - Time TBD,Globe Life Field - Arlington,"",04/26/26,04/26/26,,,FALSE,TRUE,04/26/26,,,FREE,BUSY
04/27/26,,,Yankees at Rangers - Time TBD,Globe Life Field - Arlington,"",04/27/26,04/27/26,,,FALSE,TRUE,04/27/26,,,FREE,BUSY
04/28/26,,,Yankees at Rangers - Time TBD,Globe Life Field - Arlington,"",04/28/26,04/28/26,,,FALSE,TRUE,04/28/26,,,FREE,BUSY
04/29/26,,,Yankees at Rangers - Time TBD,Globe Life Field - Arlington,"",04/29/26,04/29/26,,,FALSE,TRUE,04/29/26,,,FREE,BUSY
05/01/26,,,Rangers at Tigers - Time TBD,Comerica Park - Detroit,"",05/01/26,05/01/26,,,FALSE,TRUE,05/01/26,,,FREE,BUSY
05/02/26,,,Rangers at Tigers - Time TBD,Comerica Park - Detroit,"",05/02/26,05/02/26,,,FALSE,TRUE,05/02/26,,,FREE,BUSY
05/03/26,,,Rangers at Tigers - Time TBD,Comerica Park - Detroit,"",05/03/26,05/03/26,,,FALSE,TRUE,05/03/26,,,FREE,BUSY
05/05/26,,,Rangers at Yankees - Time TBD,Yankee Stadium - Bronx,"",05/05/26,05/05/26,,,FALSE,TRUE,05/05/26,,,FREE,BUSY
05/06/26,,,Rangers at Yankees - Time TBD,Yankee Stadium - Bronx,"",05/06/26,05/06/26,,,FALSE,TRUE,05/06/26,,,FREE,BUSY
05/07/26,,,Rangers at Yankees - Time TBD,Yankee Stadium - Bronx,"",05/07/26,05/07/26,,,FALSE,TRUE,05/07/26,,,FREE,BUSY
05/08/26,,,Cubs at Rangers - Time TBD,Globe Life Field - Arlington,"",05/08/26,05/08/26,,,FALSE,TRUE,05/08/26,,,FREE,BUSY
05/09/26,,,Cubs at Rangers - Time TBD,Globe Life Field - Arlington,"",05/09/26,05/09/26,,,FALSE,TRUE,05/09/26,,,FREE,BUSY
05/10/26,,,Cubs at Rangers - Time TBD,Globe Life Field - Arlington,"",05/10/26,05/10/26,,,FALSE,TRUE,05/10/26,,,FREE,BUSY
05/11/26,,,D-backs at Rangers - Time TBD,Globe Life Field - Arlington,"",05/11/26,05/11/26,,,FALSE,TRUE,05/11/26,,,FREE,BUSY
05/12/26,,,D-backs at Rangers - Time TBD,Globe Life Field - Arlington,"",05/12/26,05/12/26,,,FALSE,TRUE,05/12/26,,,FREE,BUSY
05/13/26,,,D-backs at Rangers - Time TBD,Globe Life Field - Arlington,"",05/13/26,05/13/26,,,FALSE,TRUE,05/13/26,,,FREE,BUSY
05/15/26,,,Rangers at Astros - Time TBD,Daikin Park - Houston,"",05/15/26,05/15/26,,,FALSE,TRUE,05/15/26,,,FREE,BUSY
05/16/26,,,Rangers at Astros - Time TBD,Daikin Park - Houston,"",05/16/26,05/16/26,,,FALSE,TRUE,05/16/26,,,FREE,BUSY
05/17/26,,,Rangers at Astros - Time TBD,Daikin Park - Houston,"",05/17/26,05/17/26,,,FALSE,TRUE,05/17/26,,,FREE,BUSY
05/18/26,,,Rangers at Rockies - Time TBD,Coors Field - Denver,"",05/18/26,05/18/26,,,FALSE,TRUE,05/18/26,,,FREE,BUSY
05/19/26,,,Rangers at Rockies - Time TBD,Coors Field - Denver,"",05/19/26,05/19/26,,,FALSE,TRUE,05/19/26,,,FREE,BUSY
05/20/26,,,Rangers at Rockies - Time TBD,Coors Field - Denver,"",05/20/26,05/20/26,,,FALSE,TRUE,05/20/26,,,FREE,BUSY
05/22/26,,,Rangers at Angels - Time TBD,Angel Stadium - Anaheim,"",05/22/26,05/22/26,,,FALSE,TRUE,05/22/26,,,FREE,BUSY
05/23/26,,,Rangers at Angels - Time TBD,Angel Stadium - Anaheim,"",05/23/26,05/23/26,,,FALSE,TRUE,05/23/26,,,FREE,BUSY
05/24/26,,,Rangers at Angels - Time TBD,Angel Stadium - Anaheim,"",05/24/26,05/24/26,,,FALSE,TRUE,05/24/26,,,FREE,BUSY
05/25/26,,,Astros at Rangers - Time TBD,Globe Life Field - Arlington,"",05/25/26,05/25/26,,,FALSE,TRUE,05/25/26,,,FREE,BUSY
05/26/26,,,Astros at Rangers - Time TBD,Globe Life Field - Arlington,"",05/26/26,05/26/26,,,FALSE,TRUE,05/26/26,,,FREE,BUSY
05/27/26,,,Astros at Rangers - Time TBD,Globe Life Field - Arlington,"",05/27/26,05/27/26,,,FALSE,TRUE,05/27/26,,,FREE,BUSY
05/28/26,,,Astros at Rangers - Time TBD,Globe Life Field - Arlington,"",05/28/26,05/28/26,,,FALSE,TRUE,05/28/26,,,FREE,BUSY
05/29/26,,,Royals at Rangers - Time TBD,Globe Life Field - Arlington,"",05/29/26,05/29/26,,,FALSE,TRUE,05/29/26,,,FREE,BUSY
05/30/26,,,Royals at Rangers - Time TBD,Globe Life Field - Arlington,"",05/30/26,05/30/26,,,FALSE,TRUE,05/30/26,,,FREE,BUSY
05/31/26,,,Royals at Rangers - Time TBD,Globe Life Field - Arlington,"",05/31/26,05/31/26,,,FALSE,TRUE,05/31/26,,,FREE,BUSY
06/01/26,,,Rangers at Cardinals - Time TBD,Busch Stadium - St. Louis,"",06/01/26,06/01/26,,,FALSE,TRUE,06/01/26,,,FREE,BUSY
06/02/26,,,Rangers at Cardinals - Time TBD,Busch Stadium - St. Louis,"",06/02/26,06/02/26,,,FALSE,TRUE,06/02/26,,,FREE,BUSY
06/03/26,,,Rangers at Cardinals - Time TBD,Busch Stadium - St. Louis,"",06/03/26,06/03/26,,,FALSE,TRUE,06/03/26,,,FREE,BUSY
06/05/26,,,Guardians at Rangers - Time TBD,Globe Life Field - Arlington,"",06/05/26,06/05/26,,,FALSE,TRUE,06/05/26,,,FREE,BUSY
06/06/26,,,Guardians at Rangers - Time TBD,Globe Life Field - Arlington,"",06/06/26,06/06/26,,,FALSE,TRUE,06/06/26,,,FREE,BUSY
06/07/26,,,Guardians at Rangers - Time TBD,Globe Life Field - Arlington,"",06/07/26,06/07/26,,,FALSE,TRUE,06/07/26,,,FREE,BUSY
06/09/26,,,Rangers at Royals - Time TBD,Kauffman Stadium - Kansas City,"",06/09/26,06/09/26,,,FALSE,TRUE,06/09/26,,,FREE,BUSY
06/10/26,,,Rangers at Royals - Time TBD,Kauffman Stadium - Kansas City,"",06/10/26,06/10/26,,,FALSE,TRUE,06/10/26,,,FREE,BUSY
06/11/26,,,Rangers at Royals - Time TBD,Kauffman Stadium - Kansas City,"",06/11/26,06/11/26,,,FALSE,TRUE,06/11/26,,,FREE,BUSY
06/12/26,,,Rangers at Red Sox - Time TBD,Fenway Park - Boston,"",06/12/26,06/12/26,,,FALSE,TRUE,06/12/26,,,FREE,BUSY
06/13/26,,,Rangers at Red Sox - Time TBD,Fenway Park - Boston,"",06/13/26,06/13/26,,,FALSE,TRUE,06/13/26,,,FREE,BUSY
06/14/26,,,Rangers at Red Sox - Time TBD,Fenway Park - Boston,"",06/14/26,06/14/26,,,FALSE,TRUE,06/14/26,,,FREE,BUSY
06/15/26,,,Twins at Rangers - Time TBD,Globe Life Field - Arlington,"",06/15/26,06/15/26,,,FALSE,TRUE,06/15/26,,,FREE,BUSY
06/16/26,,,Twins at Rangers - Time TBD,Globe Life Field - Arlington,"",06/16/26,06/16/26,,,FALSE,TRUE,06/16/26,,,FREE,BUSY
06/18/26,,,Twins at Rangers - Time TBD,Globe Life Field - Arlington,"",06/18/26,06/18/26,,,FALSE,TRUE,06/18/26,,,FREE,BUSY
06/19/26,,,Padres at Rangers - Time TBD,Globe Life Field - Arlington,"",06/19/26,06/19/26,,,FALSE,TRUE,06/19/26,,,FREE,BUSY
06/20/26,,,Padres at Rangers - Time TBD,Globe Life Field - Arlington,"",06/20/26,06/20/26,,,FALSE,TRUE,06/20/26,,,FREE,BUSY
06/21/26,,,Padres at Rangers - Time TBD,Globe Life Field - Arlington,"",06/21/26,06/21/26,,,FALSE,TRUE,06/21/26,,,FREE,BUSY
06/22/26,,,Rangers at Marlins - Time TBD,loanDepot park - Miami,"",06/22/26,06/22/26,,,FALSE,TRUE,06/22/26,,,FREE,BUSY
06/23/26,,,Rangers at Marlins - Time TBD,loanDepot park - Miami,"",06/23/26,06/23/26,,,FALSE,TRUE,06/23/26,,,FREE,BUSY
06/24/26,,,Rangers at Marlins - Time TBD,loanDepot park - Miami,"",06/24/26,06/24/26,,,FALSE,TRUE,06/24/26,,,FREE,BUSY
06/25/26,,,Rangers at Blue Jays - Time TBD,Rogers Centre - Toronto,"",06/25/26,06/25/26,,,FALSE,TRUE,06/25/26,,,FREE,BUSY
06/26/26,,,Rangers at Blue Jays - Time TBD,Rogers Centre - Toronto,"",06/26/26,06/26/26,,,FALSE,TRUE,06/26/26,,,FREE,BUSY
06/27/26,,,Rangers at Blue Jays - Time TBD,Rogers Centre - Toronto,"",06/27/26,06/27/26,,,FALSE,TRUE,06/27/26,,,FREE,BUSY
06/28/26,,,Rangers at Blue Jays - Time TBD,Rogers Centre - Toronto,"",06/28/26,06/28/26,,,FALSE,TRUE,06/28/26,,,FREE,BUSY
06/29/26,,,Rangers at Guardians - Time TBD,Progressive Field - Cleveland,"",06/29/26,06/29/26,,,FALSE,TRUE,06/29/26,,,FREE,BUSY
06/30/26,,,Rangers at Guardians - Time TBD,Progressive Field - Cleveland,"",06/30/26,06/30/26,,,FALSE,TRUE,06/30/26,,,FREE,BUSY
07/01/26,,,Rangers at Guardians - Time TBD,Progressive Field - Cleveland,"",07/01/26,07/01/26,,,FALSE,TRUE,07/01/26,,,FREE,BUSY
07/02/26,,,Tigers at Rangers - Time TBD,Globe Life Field - Arlington,"",07/02/26,07/02/26,,,FALSE,TRUE,07/02/26,,,FREE,BUSY
07/04/26,,,Tigers at Rangers - Time TBD,Globe Life Field - Arlington,"",07/04/26,07/04/26,,,FALSE,TRUE,07/04/26,,,FREE,BUSY
07/05/26,,,Tigers at Rangers - Time TBD,Globe Life Field - Arlington,"",07/05/26,07/05/26,,,FALSE,TRUE,07/05/26,,,FREE,BUSY
07/07/26,,,Angels at Rangers - Time TBD,Globe Life Field - Arlington,"",07/07/26,07/07/26,,,FALSE,TRUE,07/07/26,,,FREE,BUSY
07/08/26,,,Angels at Rangers - Time TBD,Globe Life Field - Arlington,"",07/08/26,07/08/26,,,FALSE,TRUE,07/08/26,,,FREE,BUSY
07/09/26,,,Angels at Rangers - Time TBD,Globe Life Field - Arlington,"",07/09/26,07/09/26,,,FALSE,TRUE,07/09/26,,,FREE,BUSY
07/10/26,,,Astros at Rangers - Time TBD,Globe Life Field - Arlington,"",07/10/26,07/10/26,,,FALSE,TRUE,07/10/26,,,FREE,BUSY
07/11/26,,,Astros at Rangers - Time TBD,Globe Life Field - Arlington,"",07/11/26,07/11/26,,,FALSE,TRUE,07/11/26,,,FREE,BUSY
07/12/26,,,Astros at Rangers - Time TBD,Globe Life Field - Arlington,"",07/12/26,07/12/26,,,FALSE,TRUE,07/12/26,,,FREE,BUSY
07/17/26,,,Rangers at Braves - Time TBD,Truist Park - Atlanta,"",07/17/26,07/17/26,,,FALSE,TRUE,07/17/26,,,FREE,BUSY
07/18/26,,,Rangers at Braves - Time TBD,Truist Park - Atlanta,"",07/18/26,07/18/26,,,FALSE,TRUE,07/18/26,,,FREE,BUSY
07/19/26,,,Rangers at Braves - Time TBD,Truist Park - Atlanta,"",07/19/26,07/19/26,,,FALSE,TRUE,07/19/26,,,FREE,BUSY
07/20/26,,,White Sox at Rangers - Time TBD,Globe Life Field - Arlington,"",07/20/26,07/20/26,,,FALSE,TRUE,07/20/26,,,FREE,BUSY
07/21/26,,,White Sox at Rangers - Time TBD,Globe Life Field - Arlington,"",07/21/26,07/21/26,,,FALSE,TRUE,07/21/26,,,FREE,BUSY
07/22/26,,,White Sox at Rangers - Time TBD,Globe Life Field - Arlington,"",07/22/26,07/22/26,,,FALSE,TRUE,07/22/26,,,FREE,BUSY
07/24/26,,,Mariners at Rangers - Time TBD,Globe Life Field - Arlington,"",07/24/26,07/24/26,,,FALSE,TRUE,07/24/26,,,FREE,BUSY
07/25/26,,,Mariners at Rangers - Time TBD,Globe Life Field - Arlington,"",07/25/26,07/25/26,,,FALSE,TRUE,07/25/26,,,FREE,BUSY
07/26/26,,,Mariners at Rangers - Time TBD,Globe Life Field - Arlington,"",07/26/26,07/26/26,,,FALSE,TRUE,07/26/26,,,FREE,BUSY
07/27/26,,,Mariners at Rangers - Time TBD,Globe Life Field - Arlington,"",07/27/26,07/27/26,,,FALSE,TRUE,07/27/26,,,FREE,BUSY
07/28/26,,,Rangers at Rays - Time TBD,George M. Steinbrenner Field - Tampa,"",07/28/26,07/28/26,,,FALSE,TRUE,07/28/26,,,FREE,BUSY
07/29/26,,,Rangers at Rays - Time TBD,George M. Steinbrenner Field - Tampa,"",07/29/26,07/29/26,,,FALSE,TRUE,07/29/26,,,FREE,BUSY
07/30/26,,,Rangers at Rays - Time TBD,George M. Steinbrenner Field - Tampa,"",07/30/26,07/30/26,,,FALSE,TRUE,07/30/26,,,FREE,BUSY
07/31/26,,,Rangers at Astros - Time TBD,Daikin Park - Houston,"",07/31/26,07/31/26,,,FALSE,TRUE,07/31/26,,,FREE,BUSY
08/01/26,,,Rangers at Astros - Time TBD,Daikin Park - Houston,"",08/01/26,08/01/26,,,FALSE,TRUE,08/01/26,,,FREE,BUSY
08/02/26,,,Rangers at Astros - Time TBD,Daikin Park - Houston,"",08/02/26,08/02/26,,,FALSE,TRUE,08/02/26,,,FREE,BUSY
08/03/26,,,Giants at Rangers - Time TBD,Globe Life Field - Arlington,"",08/03/26,08/03/26,,,FALSE,TRUE,08/03/26,,,FREE,BUSY
08/04/26,,,Giants at Rangers - Time TBD,Globe Life Field - Arlington,"",08/04/26,08/04/26,,,FALSE,TRUE,08/04/26,,,FREE,BUSY
08/05/26,,,Giants at Rangers - Time TBD,Globe Life Field - Arlington,"",08/05/26,08/05/26,,,FALSE,TRUE,08/05/26,,,FREE,BUSY
08/07/26,,,Orioles at Rangers - Time TBD,Globe Life Field - Arlington,"",08/07/26,08/07/26,,,FALSE,TRUE,08/07/26,,,FREE,BUSY
08/08/26,,,Orioles at Rangers - Time TBD,Globe Life Field - Arlington,"",08/08/26,08/08/26,,,FALSE,TRUE,08/08/26,,,FREE,BUSY
08/09/26,,,Orioles at Rangers - Time TBD,Globe Life Field - Arlington,"",08/09/26,08/09/26,,,FALSE,TRUE,08/09/26,,,FREE,BUSY
08/10/26,,,Rangers at Angels - Time TBD,Angel Stadium - Anaheim,"",08/10/26,08/10/26,,,FALSE,TRUE,08/10/26,,,FREE,BUSY
08/11/26,,,Rangers at Angels - Time TBD,Angel Stadium - Anaheim,"",08/11/26,08/11/26,,,FALSE,TRUE,08/11/26,,,FREE,BUSY
08/12/26,,,Rangers at Angels - Time TBD,Angel Stadium - Anaheim,"",08/12/26,08/12/26,,,FALSE,TRUE,08/12/26,,,FREE,BUSY
08/13/26,,,Rangers at Angels - Time TBD,Angel Stadium - Anaheim,"",08/13/26,08/13/26,,,FALSE,TRUE,08/13/26,,,FREE,BUSY
08/14/26,,,Rangers at Athletics - Time TBD,Sutter Health Park - Sacramento,"",08/14/26,08/14/26,,,FALSE,TRUE,08/14/26,,,FREE,BUSY
08/15/26,,,Rangers at Athletics - Time TBD,Sutter Health Park - Sacramento,"",08/15/26,08/15/26,,,FALSE,TRUE,08/15/26,,,FREE,BUSY
08/16/26,,,Rangers at Athletics - Time TBD,Sutter Health Park - Sacramento,"",08/16/26,08/16/26,,,FALSE,TRUE,08/16/26,,,FREE,BUSY
08/18/26,,,Nationals at Rangers - Time TBD,Globe Life Field - Arlington,"",08/18/26,08/18/26,,,FALSE,TRUE,08/18/26,,,FREE,BUSY
08/19/26,,,Nationals at Rangers - Time TBD,Globe Life Field - Arlington,"",08/19/26,08/19/26,,,FALSE,TRUE,08/19/26,,,FREE,BUSY
08/20/26,,,Nationals at Rangers - Time TBD,Globe Life Field - Arlington,"",08/20/26,08/20/26,,,FALSE,TRUE,08/20/26,,,FREE,BUSY
08/21/26,,,Angels at Rangers - Time TBD,Globe Life Field - Arlington,"",08/21/26,08/21/26,,,FALSE,TRUE,08/21/26,,,FREE,BUSY
08/22/26,,,Angels at Rangers - Time TBD,Globe Life Field - Arlington,"",08/22/26,08/22/26,,,FALSE,TRUE,08/22/26,,,FREE,BUSY
08/23/26,,,Angels at Rangers - Time TBD,Globe Life Field - Arlington,"",08/23/26,08/23/26,,,FALSE,TRUE,08/23/26,,,FREE,BUSY
08/24/26,,,Rangers at White Sox - Time TBD,Rate Field - Chicago,"",08/24/26,08/24/26,,,FALSE,TRUE,08/24/26,,,FREE,BUSY
08/25/26,,,Rangers at White Sox - Time TBD,Rate Field - Chicago,"",08/25/26,08/25/26,,,FALSE,TRUE,08/25/26,,,FREE,BUSY
08/26/26,,,Rangers at White Sox - Time TBD,Rate Field - Chicago,"",08/26/26,08/26/26,,,FALSE,TRUE,08/26/26,,,FREE,BUSY
08/28/26,,,Rangers at Brewers - Time TBD,American Family Field - Milwaukee,"",08/28/26,08/28/26,,,FALSE,TRUE,08/28/26,,,FREE,BUSY
08/29/26,,,Rangers at Brewers - Time TBD,American Family Field - Milwaukee,"",08/29/26,08/29/26,,,FALSE,TRUE,08/29/26,,,FREE,BUSY
08/30/26,,,Rangers at Brewers - Time TBD,American Family Field - Milwaukee,"",08/30/26,08/30/26,,,FALSE,TRUE,08/30/26,,,FREE,BUSY
08/31/26,,,Athletics at Rangers - Time TBD,Globe Life Field - Arlington,"",08/31/26,08/31/26,,,FALSE,TRUE,08/31/26,,,FREE,BUSY
09/01/26,,,Athletics at Rangers - Time TBD,Globe Life Field - Arlington,"",09/01/26,09/01/26,,,FALSE,TRUE,09/01/26,,,FREE,BUSY
09/02/26,,,Athletics at Rangers - Time TBD,Globe Life Field - Arlington,"",09/02/26,09/02/26,,,FALSE,TRUE,09/02/26,,,FREE,BUSY
09/03/26,,,Rays at Rangers - Time TBD,Globe Life Field - Arlington,"",09/03/26,09/03/26,,,FALSE,TRUE,09/03/26,,,FREE,BUSY
09/04/26,,,Rays at Rangers - Time TBD,Globe Life Field - Arlington,"",09/04/26,09/04/26,,,FALSE,TRUE,09/04/26,,,FREE,BUSY
09/05/26,,,Rays at Rangers - Time TBD,Globe Life Field - Arlington,"",09/05/26,09/05/26,,,FALSE,TRUE,09/05/26,,,FREE,BUSY
09/06/26,,,Rays at Rangers - Time TBD,Globe Life Field - Arlington,"",09/06/26,09/06/26,,,FALSE,TRUE,09/06/26,,,FREE,BUSY
09/08/26,,,Rangers at Mariners - Time TBD,T-Mobile Park - Seattle,"",09/08/26,09/08/26,,,FALSE,TRUE,09/08/26,,,FREE,BUSY
09/09/26,,,Rangers at Mariners - Time TBD,T-Mobile Park - Seattle,"",09/09/26,09/09/26,,,FALSE,TRUE,09/09/26,,,FREE,BUSY
09/10/26,,,Rangers at Mariners - Time TBD,T-Mobile Park - Seattle,"",09/10/26,09/10/26,,,FALSE,TRUE,09/10/26,,,FREE,BUSY
09/11/26,,,Rangers at D-backs - Time TBD,Chase Field - Phoenix,"",09/11/26,09/11/26,,,FALSE,TRUE,09/11/26,,,FREE,BUSY
09/12/26,,,Rangers at D-backs - Time TBD,Chase Field - Phoenix,"",09/12/26,09/12/26,,,FALSE,TRUE,09/12/26,,,FREE,BUSY
09/13/26,,,Rangers at D-backs - Time TBD,Chase Field - Phoenix,"",09/13/26,09/13/26,,,FALSE,TRUE,09/13/26,,,FREE,BUSY
09/15/26,,,Red Sox at Rangers - Time TBD,Globe Life Field - Arlington,"",09/15/26,09/15/26,,,FALSE,TRUE,09/15/26,,,FREE,BUSY
09/16/26,,,Red Sox at Rangers - Time TBD,Globe Life Field - Arlington,"",09/16/26,09/16/26,,,FALSE,TRUE,09/16/26,,,FREE,BUSY
09/17/26,,,Red Sox at Rangers - Time TBD,Globe Life Field - Arlington,"",09/17/26,09/17/26,,,FALSE,TRUE,09/17/26,,,FREE,BUSY
09/18/26,,,Blue Jays at Rangers - Time TBD,Globe Life Field - Arlington,"",09/18/26,09/18/26,,,FALSE,TRUE,09/18/26,,,FREE,BUSY
09/19/26,,,Blue Jays at Rangers - Time TBD,Globe Life Field - Arlington,"",09/19/26,09/19/26,,,FALSE,TRUE,09/19/26,,,FREE,BUSY
09/20/26,,,Blue Jays at Rangers - Time TBD,Globe Life Field - Arlington,"",09/20/26,09/20/26,,,FALSE,TRUE,09/20/26,,,FREE,BUSY
09/22/26,,,Mets at Rangers - Time TBD,Globe Life Field - Arlington,"",09/22/26,09/22/26,,,FALSE,TRUE,09/22/26,,,FREE,BUSY
09/23/26,,,Mets at Rangers - Time TBD,Globe Life Field - Arlington,"",09/23/26,09/23/26,,,FALSE,TRUE,09/23/26,,,FREE,BUSY
09/24/26,,,Mets at Rangers - Time TBD,Globe Life Field - Arlington,"",09/24/26,09/24/26,,,FALSE,TRUE,09/24/26,,,FREE,BUSY
09/25/26,,,Rangers at Twins - Time TBD,Target Field - Minneapolis,"",09/25/26,09/25/26,,,FALSE,TRUE,09/25/26,,,FREE,BUSY
09/26/26,,,Rangers at Twins - Time TBD,Target Field - Minneapolis,"",09/26/26,09/26/26,,,FALSE,TRUE,09/26/26,,,FREE,BUSY
09/27/26,,,Rangers at Twins - Time TBD,Target Field - Minneapolis,"",09/27/26,09/27/26,,,FALSE,TRUE,09/27/26,,,FREE,BUSY
