START DATE,START TIME,START TIME ET,SUBJECT,LOCATION,DESCRIPTION,END DATE,END DATE ET,END TIME,END TIME ET,REMINDER OFF,REMINDER ON,REMINDER DATE,REMINDER TIME,REMINDER TIME ET,SHOWTIMEAS FREE,SHOWTIMEAS BUSY
02/22/25,01:05 PM,03:05 PM,Guardians at Reds,Goodyear Ballpark - Goodyear,"Local Radio: WLW 700",02/22/25,02/22/25,04:05 PM,06:05 PM,FALSE,TRUE,02/22/25,12:05 PM,02:05 PM,FREE,BUSY
02/22/25,03:10 PM,03:10 PM,Reds at Brewers,American Family Fields of Phoenix - Phoenix,"",02/22/25,02/22/25,06:10 PM,06:10 PM,FALSE,TRUE,02/22/25,02:10 PM,02:10 PM,FREE,BUSY
02/23/25,03:05 PM,03:05 PM,Reds at Giants,Scottsdale Stadium - Scottsdale,"Local Radio: WLW 700",02/23/25,02/23/25,06:05 PM,06:05 PM,FALSE,TRUE,02/23/25,02:05 PM,02:05 PM,FREE,BUSY
02/24/25,01:05 PM,03:05 PM,Dodgers at Reds,Goodyear Ballpark - Goodyear,"Local Radio: WSAI-1360",02/24/25,02/24/25,04:05 PM,06:05 PM,FALSE,TRUE,02/24/25,12:05 PM,02:05 PM,FREE,BUSY
02/26/25,03:10 PM,03:10 PM,Reds at Angels,Tempe Diablo Stadium - Tempe,"Local TV: FanDuel Sports Network Ohio ----- Local Radio: WLW 700",02/26/25,02/26/25,06:10 PM,06:10 PM,FALSE,TRUE,02/26/25,02:10 PM,02:10 PM,FREE,BUSY
02/27/25,01:05 PM,03:05 PM,D-backs at Reds,Goodyear Ballpark - Goodyear,"Local Radio: WSAI-1360",02/27/25,02/27/25,04:05 PM,06:05 PM,FALSE,TRUE,02/27/25,12:05 PM,02:05 PM,FREE,BUSY
02/28/25,03:05 PM,03:05 PM,Reds at Athletics,Hohokam Stadium - Mesa,"Local Radio: WLW 700",02/28/25,02/28/25,06:05 PM,06:05 PM,FALSE,TRUE,02/28/25,02:05 PM,02:05 PM,FREE,BUSY
03/01/25,01:05 PM,03:05 PM,Padres at Reds,Goodyear Ballpark - Goodyear,"Local Radio: WSAI-1360",03/01/25,03/01/25,04:05 PM,06:05 PM,FALSE,TRUE,03/01/25,12:05 PM,02:05 PM,FREE,BUSY
03/02/25,03:05 PM,03:05 PM,Reds at Cubs,Sloan Park - Mesa,"Local Radio: WLW 700",03/02/25,03/02/25,06:05 PM,06:05 PM,FALSE,TRUE,03/02/25,02:05 PM,02:05 PM,FREE,BUSY
03/03/25,06:05 PM,08:05 PM,Brewers at Reds,Goodyear Ballpark - Goodyear,"Local TV: FanDuel Sports Network Ohio- MLBN (out-of-market only) ----- Local Radio: WLW 700",03/03/25,03/03/25,09:05 PM,11:05 PM,FALSE,TRUE,03/03/25,05:05 PM,07:05 PM,FREE,BUSY
03/04/25,03:10 PM,03:10 PM,Reds at Rockies,Salt River Fields at Talking Stick - Scottsdale,"",03/04/25,03/04/25,06:10 PM,06:10 PM,FALSE,TRUE,03/04/25,02:10 PM,02:10 PM,FREE,BUSY
03/04/25,08:05 PM,08:05 PM,Reds at Dodgers,Camelback Ranch - Glendale,"Local TV: MLBN (out-of-market only) ----- Local Radio: WLW 700",03/04/25,03/04/25,11:05 PM,11:05 PM,FALSE,TRUE,03/04/25,07:05 PM,07:05 PM,FREE,BUSY
03/05/25,01:05 PM,03:05 PM,Rangers at Reds,Goodyear Ballpark - Goodyear,"Local Radio: WSAI-1360",03/05/25,03/05/25,04:05 PM,06:05 PM,FALSE,TRUE,03/05/25,12:05 PM,02:05 PM,FREE,BUSY
03/08/25,01:05 PM,03:05 PM,D-backs at Reds,Goodyear Ballpark - Goodyear,"Local TV: FanDuel Sports Network Ohio ----- Local Radio: WSAI-1360",03/08/25,03/08/25,04:05 PM,06:05 PM,FALSE,TRUE,03/08/25,12:05 PM,02:05 PM,FREE,BUSY
03/09/25,04:10 PM,04:10 PM,Reds at Angels,Tempe Diablo Stadium - Tempe,"Local TV: FanDuel Sports Network Ohio ----- Local Radio: WLW 700",03/09/25,03/09/25,07:10 PM,07:10 PM,FALSE,TRUE,03/09/25,03:10 PM,03:10 PM,FREE,BUSY
03/10/25,04:10 PM,04:10 PM,Reds at Padres,Peoria Stadium - Peoria,"Local Radio: WSAI-1360",03/10/25,03/10/25,07:10 PM,07:10 PM,FALSE,TRUE,03/10/25,03:10 PM,03:10 PM,FREE,BUSY
03/11/25,01:05 PM,04:05 PM,Rockies at Reds,Goodyear Ballpark - Goodyear,"Local Radio: WLW 700",03/11/25,03/11/25,04:05 PM,07:05 PM,FALSE,TRUE,03/11/25,12:05 PM,03:05 PM,FREE,BUSY
03/12/25,04:05 PM,04:05 PM,Reds at Rangers,Surprise Stadium - Surprise,"Local Radio: WSAI-1360",03/12/25,03/12/25,07:05 PM,07:05 PM,FALSE,TRUE,03/12/25,03:05 PM,03:05 PM,FREE,BUSY
03/13/25,12:05 PM,03:05 PM,Athletics at Reds,Goodyear Ballpark - Goodyear,"Local Radio: WSAI-1360",03/13/25,03/13/25,03:05 PM,06:05 PM,FALSE,TRUE,03/13/25,11:05 AM,02:05 PM,FREE,BUSY
03/14/25,04:05 PM,04:05 PM,Reds at White Sox,Camelback Ranch - Glendale,"Local Radio: WLW 700",03/14/25,03/14/25,07:05 PM,07:05 PM,FALSE,TRUE,03/14/25,03:05 PM,03:05 PM,FREE,BUSY
03/14/25,04:10 PM,04:10 PM,Reds at D-backs,Salt River Fields at Talking Stick - Scottsdale,"",03/14/25,03/14/25,07:10 PM,07:10 PM,FALSE,TRUE,03/14/25,03:10 PM,03:10 PM,FREE,BUSY
03/15/25,01:05 PM,04:05 PM,Royals at Reds,Goodyear Ballpark - Goodyear,"Local Radio: WLW 700",03/15/25,03/15/25,04:05 PM,07:05 PM,FALSE,TRUE,03/15/25,12:05 PM,03:05 PM,FREE,BUSY
03/16/25,01:05 PM,04:05 PM,Mariners at Reds,Goodyear Ballpark - Goodyear,"Local Radio: WLW 700",03/16/25,03/16/25,04:05 PM,07:05 PM,FALSE,TRUE,03/16/25,12:05 PM,03:05 PM,FREE,BUSY
03/17/25,09:05 PM,09:05 PM,Reds at Guardians,Goodyear Ballpark - Goodyear,"Local TV: MLBN (out-of-market only) ----- Local Radio: WLW 700",03/18/25,03/18/25,12:05 AM,12:05 AM,FALSE,TRUE,03/17/25,08:05 PM,08:05 PM,FREE,BUSY
03/18/25,01:05 PM,04:05 PM,Angels at Reds,Goodyear Ballpark - Goodyear,"Local TV: FanDuel Sports Network Ohio- MLBN (out-of-market only) ----- Local Radio: WLW 700",03/18/25,03/18/25,04:05 PM,07:05 PM,FALSE,TRUE,03/18/25,12:05 PM,03:05 PM,FREE,BUSY
03/20/25,01:05 PM,04:05 PM,Royals at Reds,Goodyear Ballpark - Goodyear,"Local Radio: WSAI-1360",03/20/25,03/20/25,04:05 PM,07:05 PM,FALSE,TRUE,03/20/25,12:05 PM,03:05 PM,FREE,BUSY
03/21/25,01:05 PM,04:05 PM,White Sox at Reds,Goodyear Ballpark - Goodyear,"Local Radio: WLW 700",03/21/25,03/21/25,04:05 PM,07:05 PM,FALSE,TRUE,03/21/25,12:05 PM,03:05 PM,FREE,BUSY
03/21/25,04:10 PM,04:10 PM,Reds at Mariners,Peoria Stadium - Peoria,"",03/21/25,03/21/25,07:10 PM,07:10 PM,FALSE,TRUE,03/21/25,03:10 PM,03:10 PM,FREE,BUSY
03/22/25,04:10 PM,04:10 PM,Reds at Padres,Peoria Stadium - Peoria,"Local TV: MLBN (out-of-market only) ----- Local Radio: WLW 700",03/22/25,03/22/25,07:10 PM,07:10 PM,FALSE,TRUE,03/22/25,03:10 PM,03:10 PM,FREE,BUSY
03/23/25,12:05 PM,03:05 PM,Guardians at Reds,Goodyear Ballpark - Goodyear,"Local Radio: WLW 700",03/23/25,03/23/25,03:05 PM,06:05 PM,FALSE,TRUE,03/23/25,11:05 AM,02:05 PM,FREE,BUSY
03/25/25,06:10 PM,06:10 PM,Dragons at Reds,Day Air Ballpark - Dayton,"Local Radio: WSAI-1360",03/25/25,03/25/25,09:10 PM,09:10 PM,FALSE,TRUE,03/25/25,05:10 PM,05:10 PM,FREE,BUSY
03/27/25,04:10 PM,04:10 PM,Giants at Reds,Great American Ball Park - Cincinnati,"Local TV: FanDuel Sports Network Ohio ----- Local Radio: WLW 700",03/27/25,03/27/25,07:10 PM,07:10 PM,FALSE,TRUE,03/27/25,03:10 PM,03:10 PM,FREE,BUSY
03/29/25,04:10 PM,04:10 PM,Giants at Reds,Great American Ball Park - Cincinnati,"Local TV: FanDuel Sports Network Ohio ----- Local Radio: WLW 700",03/29/25,03/29/25,07:10 PM,07:10 PM,FALSE,TRUE,03/29/25,03:10 PM,03:10 PM,FREE,BUSY
03/30/25,01:40 PM,01:40 PM,Giants at Reds,Great American Ball Park - Cincinnati,"Local TV: FanDuel Sports Network Ohio ----- Local Radio: WLW 700",03/30/25,03/30/25,04:40 PM,04:40 PM,FALSE,TRUE,03/30/25,12:40 PM,12:40 PM,FREE,BUSY
03/31/25,06:40 PM,06:40 PM,Rangers at Reds,Great American Ball Park - Cincinnati,"Local TV: FanDuel Sports Network Ohio ----- Local Radio: WLW 700",03/31/25,03/31/25,09:40 PM,09:40 PM,FALSE,TRUE,03/31/25,05:40 PM,05:40 PM,FREE,BUSY
04/01/25,06:40 PM,06:40 PM,Rangers at Reds,Great American Ball Park - Cincinnati,"Local TV: FanDuel Sports Network Ohio ----- Local Radio: WLW 700",04/01/25,04/01/25,09:40 PM,09:40 PM,FALSE,TRUE,04/01/25,05:40 PM,05:40 PM,FREE,BUSY
04/02/25,12:40 PM,12:40 PM,Rangers at Reds,Great American Ball Park - Cincinnati,"Local TV: FanDuel Sports Network Ohio ----- Local Radio: WLW 700",04/02/25,04/02/25,03:40 PM,03:40 PM,FALSE,TRUE,04/02/25,11:40 AM,11:40 AM,FREE,BUSY
04/03/25,07:40 PM,07:40 PM,Reds at Brewers,American Family Field - Milwaukee,"Local TV: FanDuel Sports Network Ohio ----- Local Radio: WLW 700",04/03/25,04/03/25,10:40 PM,10:40 PM,FALSE,TRUE,04/03/25,06:40 PM,06:40 PM,FREE,BUSY
04/04/25,08:10 PM,08:10 PM,Reds at Brewers,American Family Field - Milwaukee,"Local TV: FanDuel Sports Network Ohio ----- Local Radio: WLW 700",04/04/25,04/04/25,11:10 PM,11:10 PM,FALSE,TRUE,04/04/25,07:10 PM,07:10 PM,FREE,BUSY
04/05/25,07:10 PM,07:10 PM,Reds at Brewers,American Family Field - Milwaukee,"Local TV: FanDuel Sports Network Ohio- FS1 ----- Local Radio: WLW 700",04/05/25,04/05/25,10:10 PM,10:10 PM,FALSE,TRUE,04/05/25,06:10 PM,06:10 PM,FREE,BUSY
04/06/25,02:10 PM,02:10 PM,Reds at Brewers,American Family Field - Milwaukee,"Local TV: FanDuel Sports Network Ohio ----- Local Radio: WLW 700",04/06/25,04/06/25,05:10 PM,05:10 PM,FALSE,TRUE,04/06/25,01:10 PM,01:10 PM,FREE,BUSY
04/07/25,09:45 PM,09:45 PM,Reds at Giants,Oracle Park - San Francisco,"Local TV: FanDuel Sports Network Ohio ----- Local Radio: WLW 700",04/08/25,04/08/25,12:45 AM,12:45 AM,FALSE,TRUE,04/07/25,08:45 PM,08:45 PM,FREE,BUSY
04/08/25,09:45 PM,09:45 PM,Reds at Giants,Oracle Park - San Francisco,"Local TV: FanDuel Sports Network Ohio ----- Local Radio: WLW 700",04/09/25,04/09/25,12:45 AM,12:45 AM,FALSE,TRUE,04/08/25,08:45 PM,08:45 PM,FREE,BUSY
04/09/25,03:45 PM,03:45 PM,Reds at Giants,Oracle Park - San Francisco,"Local TV: FanDuel Sports Network Ohio ----- Local Radio: WLW 700",04/09/25,04/09/25,06:45 PM,06:45 PM,FALSE,TRUE,04/09/25,02:45 PM,02:45 PM,FREE,BUSY
04/11/25,06:40 PM,06:40 PM,Pirates at Reds,Great American Ball Park - Cincinnati,"Local TV: Apple TV+ ----- Local Radio: WLW 700",04/11/25,04/11/25,09:40 PM,09:40 PM,FALSE,TRUE,04/11/25,05:40 PM,05:40 PM,FREE,BUSY
04/12/25,06:40 PM,06:40 PM,Pirates at Reds,Great American Ball Park - Cincinnati,"Local TV: FanDuel Sports Network Ohio ----- Local Radio: WLW 700",04/12/25,04/12/25,09:40 PM,09:40 PM,FALSE,TRUE,04/12/25,05:40 PM,05:40 PM,FREE,BUSY
04/13/25,01:40 PM,01:40 PM,Pirates at Reds,Great American Ball Park - Cincinnati,"Local TV: FanDuel Sports Network Ohio ----- Local Radio: WLW 700",04/13/25,04/13/25,04:40 PM,04:40 PM,FALSE,TRUE,04/13/25,12:40 PM,12:40 PM,FREE,BUSY
04/15/25,06:40 PM,06:40 PM,Mariners at Reds,Great American Ball Park - Cincinnati,"Local TV: FanDuel Sports Network Ohio ----- Local Radio: WLW 700",04/15/25,04/15/25,09:40 PM,09:40 PM,FALSE,TRUE,04/15/25,05:40 PM,05:40 PM,FREE,BUSY
04/16/25,06:40 PM,06:40 PM,Mariners at Reds,Great American Ball Park - Cincinnati,"Local TV: FanDuel Sports Network Ohio- FS1 ----- Local Radio: WLW 700",04/16/25,04/16/25,09:40 PM,09:40 PM,FALSE,TRUE,04/16/25,05:40 PM,05:40 PM,FREE,BUSY
04/17/25,12:40 PM,12:40 PM,Mariners at Reds,Great American Ball Park - Cincinnati,"Local TV: FanDuel Sports Network Ohio- MLBN (out-of-market only) ----- Local Radio: WLW 700",04/17/25,04/17/25,03:40 PM,03:40 PM,FALSE,TRUE,04/17/25,11:40 AM,11:40 AM,FREE,BUSY
04/18/25,07:05 PM,07:05 PM,Reds at Orioles,Oriole Park at Camden Yards - Baltimore,"Local TV: FanDuel Sports Network Ohio ----- Local Radio: WLW 700",04/18/25,04/18/25,10:05 PM,10:05 PM,FALSE,TRUE,04/18/25,06:05 PM,06:05 PM,FREE,BUSY
04/19/25,04:05 PM,04:05 PM,Reds at Orioles,Oriole Park at Camden Yards - Baltimore,"Local TV: FanDuel Sports Network Ohio ----- Local Radio: WLW 700",04/19/25,04/19/25,07:05 PM,07:05 PM,FALSE,TRUE,04/19/25,03:05 PM,03:05 PM,FREE,BUSY
04/20/25,01:35 PM,01:35 PM,Reds at Orioles,Oriole Park at Camden Yards - Baltimore,"Local TV: FanDuel Sports Network Ohio- MLBN (out-of-market only) ----- Local Radio: WLW 700",04/20/25,04/20/25,04:35 PM,04:35 PM,FALSE,TRUE,04/20/25,12:35 PM,12:35 PM,FREE,BUSY
04/21/25,06:40 PM,06:40 PM,Reds at Marlins,loanDepot park - Miami,"Local TV: FanDuel Sports Network Ohio ----- Local Radio: WLW 700",04/21/25,04/21/25,09:40 PM,09:40 PM,FALSE,TRUE,04/21/25,05:40 PM,05:40 PM,FREE,BUSY
04/22/25,06:40 PM,06:40 PM,Reds at Marlins,loanDepot park - Miami,"Local TV: FanDuel Sports Network Ohio ----- Local Radio: WLW 700",04/22/25,04/22/25,09:40 PM,09:40 PM,FALSE,TRUE,04/22/25,05:40 PM,05:40 PM,FREE,BUSY
04/23/25,01:10 PM,01:10 PM,Reds at Marlins,loanDepot park - Miami,"Local TV: FanDuel Sports Network Ohio ----- Local Radio: WLW 700",04/23/25,04/23/25,04:10 PM,04:10 PM,FALSE,TRUE,04/23/25,12:10 PM,12:10 PM,FREE,BUSY
04/25/25,08:40 PM,08:40 PM,Reds at Rockies,Coors Field - Denver,"Local TV: FanDuel Sports Network Ohio ----- Local Radio: WLW 700",04/25/25,04/25/25,11:40 PM,11:40 PM,FALSE,TRUE,04/25/25,07:40 PM,07:40 PM,FREE,BUSY
04/26/25,03:10 PM,03:10 PM,Reds at Rockies,Coors Field - Denver,"Local TV: FanDuel Sports Network Ohio ----- Local Radio: WLW 700",04/26/25,04/26/25,06:10 PM,06:10 PM,FALSE,TRUE,04/26/25,02:10 PM,02:10 PM,FREE,BUSY
04/27/25,03:10 PM,03:10 PM,Reds at Rockies,Coors Field - Denver,"Local TV: FanDuel Sports Network Ohio ----- Local Radio: WLW 700",04/27/25,04/27/25,06:10 PM,06:10 PM,FALSE,TRUE,04/27/25,02:10 PM,02:10 PM,FREE,BUSY
04/28/25,06:40 PM,06:40 PM,Cardinals at Reds,Great American Ball Park - Cincinnati,"Local TV: FanDuel Sports Network Ohio- MLBN (out-of-market only) ----- Local Radio: WLW 700",04/28/25,04/28/25,09:40 PM,09:40 PM,FALSE,TRUE,04/28/25,05:40 PM,05:40 PM,FREE,BUSY
04/30/25,12:40 PM,12:40 PM,Cardinals at Reds,Great American Ball Park - Cincinnati,"Local TV: FanDuel Sports Network Ohio ----- Local Radio: WLW 700",04/30/25,04/30/25,03:40 PM,03:40 PM,FALSE,TRUE,04/30/25,11:40 AM,11:40 AM,FREE,BUSY
04/30/25,06:40 PM,06:40 PM,Cardinals at Reds,Great American Ball Park - Cincinnati,"Local TV: FanDuel Sports Network Ohio ----- Local Radio: WLW 700",04/30/25,04/30/25,09:40 PM,09:40 PM,FALSE,TRUE,04/30/25,05:40 PM,05:40 PM,FREE,BUSY
05/01/25,12:40 PM,12:40 PM,Cardinals at Reds,Great American Ball Park - Cincinnati,"Local TV: FanDuel Sports Network Ohio ----- Local Radio: WLW 700",05/01/25,05/01/25,03:40 PM,03:40 PM,FALSE,TRUE,05/01/25,11:40 AM,11:40 AM,FREE,BUSY
05/02/25,06:10 PM,06:10 PM,Nationals at Reds,Great American Ball Park - Cincinnati,"Local TV: FanDuel Sports Network Ohio ----- Local Radio: WLW 700",05/02/25,05/02/25,09:10 PM,09:10 PM,FALSE,TRUE,05/02/25,05:10 PM,05:10 PM,FREE,BUSY
05/03/25,06:40 PM,06:40 PM,Nationals at Reds,Great American Ball Park - Cincinnati,"Local TV: FanDuel Sports Network Ohio ----- Local Radio: WLW 700",05/03/25,05/03/25,09:40 PM,09:40 PM,FALSE,TRUE,05/03/25,05:40 PM,05:40 PM,FREE,BUSY
05/04/25,04:10 PM,04:10 PM,Nationals at Reds,Great American Ball Park - Cincinnati,"Local TV: FanDuel Sports Network Ohio ----- Local Radio: WLW 700",05/04/25,05/04/25,07:10 PM,07:10 PM,FALSE,TRUE,05/04/25,03:10 PM,03:10 PM,FREE,BUSY
05/05/25,07:15 PM,07:15 PM,Reds at Braves,Truist Park - Atlanta,"Local TV: FanDuel Sports Network Ohio- MLBN (out-of-market only) ----- Local Radio: WLW 700",05/05/25,05/05/25,10:15 PM,10:15 PM,FALSE,TRUE,05/05/25,06:15 PM,06:15 PM,FREE,BUSY
05/06/25,07:15 PM,07:15 PM,Reds at Braves,Truist Park - Atlanta,"Local TV: FanDuel Sports Network Ohio ----- Local Radio: WLW 700",05/06/25,05/06/25,10:15 PM,10:15 PM,FALSE,TRUE,05/06/25,06:15 PM,06:15 PM,FREE,BUSY
05/07/25,07:15 PM,07:15 PM,Reds at Braves,Truist Park - Atlanta,"Local TV: FanDuel Sports Network Ohio- MLBN (out-of-market only) ----- Local Radio: WLW 700",05/07/25,05/07/25,10:15 PM,10:15 PM,FALSE,TRUE,05/07/25,06:15 PM,06:15 PM,FREE,BUSY
05/08/25,07:15 PM,07:15 PM,Reds at Braves,Truist Park - Atlanta,"Local TV: FanDuel Sports Network Ohio- MLBN (out-of-market only) ----- Local Radio: WLW 700",05/08/25,05/08/25,10:15 PM,10:15 PM,FALSE,TRUE,05/08/25,06:15 PM,06:15 PM,FREE,BUSY
05/09/25,08:10 PM,08:10 PM,Reds at Astros,Daikin Park - Houston,"Local TV: FanDuel Sports Network Ohio ----- Local Radio: WLW 700",05/09/25,05/09/25,11:10 PM,11:10 PM,FALSE,TRUE,05/09/25,07:10 PM,07:10 PM,FREE,BUSY
05/10/25,07:10 PM,07:10 PM,Reds at Astros,Daikin Park - Houston,"Local TV: FanDuel Sports Network Ohio ----- Local Radio: WLW 700",05/10/25,05/10/25,10:10 PM,10:10 PM,FALSE,TRUE,05/10/25,06:10 PM,06:10 PM,FREE,BUSY
05/11/25,02:10 PM,02:10 PM,Reds at Astros,Daikin Park - Houston,"Local TV: FanDuel Sports Network Ohio ----- Local Radio: WLW 700",05/11/25,05/11/25,05:10 PM,05:10 PM,FALSE,TRUE,05/11/25,01:10 PM,01:10 PM,FREE,BUSY
05/13/25,06:40 PM,06:40 PM,White Sox at Reds,Great American Ball Park - Cincinnati,"Local TV: FanDuel Sports Network Ohio ----- Local Radio: WLW 700",05/13/25,05/13/25,09:40 PM,09:40 PM,FALSE,TRUE,05/13/25,05:40 PM,05:40 PM,FREE,BUSY
05/14/25,07:14 PM,07:14 PM,White Sox at Reds,Great American Ball Park - Cincinnati,"Local TV: FanDuel Sports Network Ohio ----- Local Radio: WLW 700",05/14/25,05/14/25,10:14 PM,10:14 PM,FALSE,TRUE,05/14/25,06:14 PM,06:14 PM,FREE,BUSY
05/15/25,12:40 PM,12:40 PM,White Sox at Reds,Great American Ball Park - Cincinnati,"Local TV: FanDuel Sports Network Ohio- MLBN (out-of-market only) ----- Local Radio: WLW 700",05/15/25,05/15/25,03:40 PM,03:40 PM,FALSE,TRUE,05/15/25,11:40 AM,11:40 AM,FREE,BUSY
05/16/25,05:10 PM,05:10 PM,Guardians at Reds,Great American Ball Park - Cincinnati,"Local TV: FanDuel Sports Network Ohio ----- Local Radio: WLW 700",05/16/25,05/16/25,08:10 PM,08:10 PM,FALSE,TRUE,05/16/25,04:10 PM,04:10 PM,FREE,BUSY
05/17/25,06:40 PM,06:40 PM,Guardians at Reds,Great American Ball Park - Cincinnati,"Local TV: FanDuel Sports Network Ohio ----- Local Radio: WLW 700",05/17/25,05/17/25,09:40 PM,09:40 PM,FALSE,TRUE,05/17/25,05:40 PM,05:40 PM,FREE,BUSY
05/18/25,01:40 PM,01:40 PM,Guardians at Reds,Great American Ball Park - Cincinnati,"Local TV: FanDuel Sports Network Ohio- MLBN (out-of-market only) ----- Local Radio: WLW 700",05/18/25,05/18/25,04:40 PM,04:40 PM,FALSE,TRUE,05/18/25,12:40 PM,12:40 PM,FREE,BUSY
05/19/25,06:40 PM,06:40 PM,Reds at Pirates,PNC Park - Pittsburgh,"Local TV: FanDuel Sports Network Ohio- FS1 ----- Local Radio: WLW 700",05/19/25,05/19/25,09:40 PM,09:40 PM,FALSE,TRUE,05/19/25,05:40 PM,05:40 PM,FREE,BUSY
05/20/25,06:40 PM,06:40 PM,Reds at Pirates,PNC Park - Pittsburgh,"Local TV: FanDuel Sports Network Ohio ----- Local Radio: WLW 700",05/20/25,05/20/25,09:40 PM,09:40 PM,FALSE,TRUE,05/20/25,05:40 PM,05:40 PM,FREE,BUSY
05/21/25,12:35 PM,12:35 PM,Reds at Pirates,PNC Park - Pittsburgh,"Local TV: FanDuel Sports Network Ohio ----- Local Radio: WLW 700",05/21/25,05/21/25,03:35 PM,03:35 PM,FALSE,TRUE,05/21/25,11:35 AM,11:35 AM,FREE,BUSY
05/23/25,06:40 PM,06:40 PM,Cubs at Reds,Great American Ball Park - Cincinnati,"Local TV: FanDuel Sports Network Ohio ----- Local Radio: WLW 700",05/23/25,05/23/25,09:40 PM,09:40 PM,FALSE,TRUE,05/23/25,05:40 PM,05:40 PM,FREE,BUSY
05/24/25,04:10 PM,04:10 PM,Cubs at Reds,Great American Ball Park - Cincinnati,"Local TV: FanDuel Sports Network Ohio ----- Local Radio: WLW 700",05/24/25,05/24/25,07:10 PM,07:10 PM,FALSE,TRUE,05/24/25,03:10 PM,03:10 PM,FREE,BUSY
05/25/25,01:40 PM,01:40 PM,Cubs at Reds,Great American Ball Park - Cincinnati,"Local TV: FanDuel Sports Network Ohio- MLBN (out-of-market only) ----- Local Radio: WLW 700",05/25/25,05/25/25,04:40 PM,04:40 PM,FALSE,TRUE,05/25/25,12:40 PM,12:40 PM,FREE,BUSY
05/26/25,04:10 PM,04:10 PM,Reds at Royals,Kauffman Stadium - Kansas City,"Local TV: FanDuel Sports Network Ohio ----- Local Radio: WLW 700",05/26/25,05/26/25,07:10 PM,07:10 PM,FALSE,TRUE,05/26/25,03:10 PM,03:10 PM,FREE,BUSY
05/27/25,07:40 PM,07:40 PM,Reds at Royals,Kauffman Stadium - Kansas City,"Local TV: FanDuel Sports Network Ohio ----- Local Radio: WLW 700",05/27/25,05/27/25,10:40 PM,10:40 PM,FALSE,TRUE,05/27/25,06:40 PM,06:40 PM,FREE,BUSY
05/28/25,07:40 PM,07:40 PM,Reds at Royals,Kauffman Stadium - Kansas City,"Local TV: FanDuel Sports Network Ohio ----- Local Radio: WLW 700",05/28/25,05/28/25,10:40 PM,10:40 PM,FALSE,TRUE,05/28/25,06:40 PM,06:40 PM,FREE,BUSY
05/30/25,02:20 PM,02:20 PM,Reds at Cubs,Wrigley Field - Chicago,"Local TV: FanDuel Sports Network Ohio- MLBN (out-of-market only) ----- Local Radio: WLW 700",05/30/25,05/30/25,05:20 PM,05:20 PM,FALSE,TRUE,05/30/25,01:20 PM,01:20 PM,FREE,BUSY
05/31/25,02:20 PM,02:20 PM,Reds at Cubs,Wrigley Field - Chicago,"Local TV: FanDuel Sports Network Ohio- MLBN (out-of-market only) ----- Local Radio: WLW 700",05/31/25,05/31/25,05:20 PM,05:20 PM,FALSE,TRUE,05/31/25,01:20 PM,01:20 PM,FREE,BUSY
06/01/25,02:20 PM,02:20 PM,Reds at Cubs,Wrigley Field - Chicago,"Local TV: FanDuel Sports Network Ohio ----- Local Radio: WLW 700",06/01/25,06/01/25,05:20 PM,05:20 PM,FALSE,TRUE,06/01/25,01:20 PM,01:20 PM,FREE,BUSY
06/02/25,07:10 PM,07:10 PM,Brewers at Reds,Great American Ball Park - Cincinnati,"Local TV: FanDuel Sports Network Ohio- FS1 ----- Local Radio: WLW 700",06/02/25,06/02/25,10:10 PM,10:10 PM,FALSE,TRUE,06/02/25,06:10 PM,06:10 PM,FREE,BUSY
06/03/25,07:10 PM,07:10 PM,Brewers at Reds,Great American Ball Park - Cincinnati,"Local TV: FanDuel Sports Network Ohio ----- Local Radio: WLW 700",06/03/25,06/03/25,10:10 PM,10:10 PM,FALSE,TRUE,06/03/25,06:10 PM,06:10 PM,FREE,BUSY
06/04/25,12:40 PM,12:40 PM,Brewers at Reds,Great American Ball Park - Cincinnati,"Local TV: FanDuel Sports Network Ohio ----- Local Radio: WLW 700",06/04/25,06/04/25,03:40 PM,03:40 PM,FALSE,TRUE,06/04/25,11:40 AM,11:40 AM,FREE,BUSY
06/07/25,02:10 PM,02:10 PM,D-backs at Reds,Great American Ball Park - Cincinnati,"Local TV: FanDuel Sports Network Ohio ----- Local Radio: WLW 700",06/07/25,06/07/25,05:10 PM,05:10 PM,FALSE,TRUE,06/07/25,01:10 PM,01:10 PM,FREE,BUSY
06/07/25,04:10 PM,04:10 PM,D-backs at Reds,Great American Ball Park - Cincinnati,"Local TV: FanDuel Sports Network Ohio ----- Local Radio: WLW 700",06/07/25,06/07/25,07:10 PM,07:10 PM,FALSE,TRUE,06/07/25,03:10 PM,03:10 PM,FREE,BUSY
06/08/25,01:40 PM,01:40 PM,D-backs at Reds,Great American Ball Park - Cincinnati,"Local TV: FanDuel Sports Network Ohio ----- Local Radio: WLW 700",06/08/25,06/08/25,04:40 PM,04:40 PM,FALSE,TRUE,06/08/25,12:40 PM,12:40 PM,FREE,BUSY
06/09/25,06:40 PM,06:40 PM,Reds at Guardians,Progressive Field - Cleveland,"Local TV: FanDuel Sports Network Ohio ----- Local Radio: WLW 700",06/09/25,06/09/25,09:40 PM,09:40 PM,FALSE,TRUE,06/09/25,05:40 PM,05:40 PM,FREE,BUSY
06/10/25,06:40 PM,06:40 PM,Reds at Guardians,Progressive Field - Cleveland,"Local TV: FanDuel Sports Network Ohio ----- Local Radio: WLW 700",06/10/25,06/10/25,09:40 PM,09:40 PM,FALSE,TRUE,06/10/25,05:40 PM,05:40 PM,FREE,BUSY
06/11/25,01:10 PM,01:10 PM,Reds at Guardians,Progressive Field - Cleveland,"Local TV: FanDuel Sports Network Ohio ----- Local Radio: WLW 700",06/11/25,06/11/25,04:10 PM,04:10 PM,FALSE,TRUE,06/11/25,12:10 PM,12:10 PM,FREE,BUSY
06/13/25,07:10 PM,07:10 PM,Reds at Tigers,Comerica Park - Detroit,"Local TV: FanDuel Sports Network Ohio ----- Local Radio: WLW 700",06/13/25,06/13/25,10:10 PM,10:10 PM,FALSE,TRUE,06/13/25,06:10 PM,06:10 PM,FREE,BUSY
06/14/25,01:10 PM,01:10 PM,Reds at Tigers,Comerica Park - Detroit,"Local TV: FanDuel Sports Network Ohio ----- Local Radio: WLW 700",06/14/25,06/14/25,04:10 PM,04:10 PM,FALSE,TRUE,06/14/25,12:10 PM,12:10 PM,FREE,BUSY
06/15/25,12:05 PM,12:05 PM,Reds at Tigers,Comerica Park - Detroit,"Local TV: Roku ----- Local Radio: WLW 700",06/15/25,06/15/25,03:05 PM,03:05 PM,FALSE,TRUE,06/15/25,11:05 AM,11:05 AM,FREE,BUSY
06/17/25,07:10 PM,07:10 PM,Twins at Reds,Great American Ball Park - Cincinnati,"Local TV: FanDuel Sports Network Ohio ----- Local Radio: WLW 700",06/17/25,06/17/25,10:10 PM,10:10 PM,FALSE,TRUE,06/17/25,06:10 PM,06:10 PM,FREE,BUSY
06/18/25,07:10 PM,07:10 PM,Twins at Reds,Great American Ball Park - Cincinnati,"Local TV: FanDuel Sports Network Ohio ----- Local Radio: WLW 700",06/18/25,06/18/25,10:10 PM,10:10 PM,FALSE,TRUE,06/18/25,06:10 PM,06:10 PM,FREE,BUSY
06/19/25,12:40 PM,12:40 PM,Twins at Reds,Great American Ball Park - Cincinnati,"Local TV: FanDuel Sports Network Ohio ----- Local Radio: WLW 700",06/19/25,06/19/25,03:40 PM,03:40 PM,FALSE,TRUE,06/19/25,11:40 AM,11:40 AM,FREE,BUSY
06/20/25,07:15 PM,07:15 PM,Reds at Cardinals,Busch Stadium - St. Louis,"Local TV: FanDuel Sports Network Ohio ----- Local Radio: WLW 700",06/20/25,06/20/25,10:15 PM,10:15 PM,FALSE,TRUE,06/20/25,06:15 PM,06:15 PM,FREE,BUSY
06/21/25,02:15 PM,02:15 PM,Reds at Cardinals,Busch Stadium - St. Louis,"Local TV: FanDuel Sports Network Ohio ----- Local Radio: WLW 700",06/21/25,06/21/25,05:15 PM,05:15 PM,FALSE,TRUE,06/21/25,01:15 PM,01:15 PM,FREE,BUSY
06/22/25,02:15 PM,02:15 PM,Reds at Cardinals,Busch Stadium - St. Louis,"Local TV: FanDuel Sports Network Ohio ----- Local Radio: WLW 700",06/22/25,06/22/25,05:15 PM,05:15 PM,FALSE,TRUE,06/22/25,01:15 PM,01:15 PM,FREE,BUSY
06/23/25,07:10 PM,07:10 PM,Yankees at Reds,Great American Ball Park - Cincinnati,"Local TV: FanDuel Sports Network Ohio ----- Local Radio: WLW 700",06/23/25,06/23/25,10:10 PM,10:10 PM,FALSE,TRUE,06/23/25,06:10 PM,06:10 PM,FREE,BUSY
06/24/25,07:10 PM,07:10 PM,Yankees at Reds,Great American Ball Park - Cincinnati,"Local TV: FanDuel Sports Network Ohio ----- Local Radio: WLW 700",06/24/25,06/24/25,10:10 PM,10:10 PM,FALSE,TRUE,06/24/25,06:10 PM,06:10 PM,FREE,BUSY
06/25/25,07:10 PM,07:10 PM,Yankees at Reds,Great American Ball Park - Cincinnati,"Local TV: FanDuel Sports Network Ohio- MLBN (out-of-market only) ----- Local Radio: WLW 700",06/25/25,06/25/25,10:10 PM,10:10 PM,FALSE,TRUE,06/25/25,06:10 PM,06:10 PM,FREE,BUSY
06/27/25,07:10 PM,07:10 PM,Padres at Reds,Great American Ball Park - Cincinnati,"Local TV: FanDuel Sports Network Ohio ----- Local Radio: WLW 700",06/27/25,06/27/25,10:10 PM,10:10 PM,FALSE,TRUE,06/27/25,06:10 PM,06:10 PM,FREE,BUSY
06/28/25,04:10 PM,04:10 PM,Padres at Reds,Great American Ball Park - Cincinnati,"Local TV: FanDuel Sports Network Ohio ----- Local Radio: WLW 700",06/28/25,06/28/25,07:10 PM,07:10 PM,FALSE,TRUE,06/28/25,03:10 PM,03:10 PM,FREE,BUSY
06/29/25,01:40 PM,01:40 PM,Padres at Reds,Great American Ball Park - Cincinnati,"Local TV: FanDuel Sports Network Ohio ----- Local Radio: WLW 700",06/29/25,06/29/25,04:40 PM,04:40 PM,FALSE,TRUE,06/29/25,12:40 PM,12:40 PM,FREE,BUSY
06/30/25,07:10 PM,07:10 PM,Reds at Red Sox,Fenway Park - Boston,"Local TV: FanDuel Sports Network Ohio ----- Local Radio: WLW 700",06/30/25,06/30/25,10:10 PM,10:10 PM,FALSE,TRUE,06/30/25,06:10 PM,06:10 PM,FREE,BUSY
07/02/25,02:30 PM,02:30 PM,Reds at Red Sox,Fenway Park - Boston,"Local TV: FanDuel Sports Network Ohio ----- Local Radio: WLW 700",07/02/25,07/02/25,05:30 PM,05:30 PM,FALSE,TRUE,07/02/25,01:30 PM,01:30 PM,FREE,BUSY
07/02/25,07:10 PM,07:10 PM,Reds at Red Sox,Fenway Park - Boston,"Local TV: FanDuel Sports Network Ohio ----- Local Radio: WLW 700",07/02/25,07/02/25,10:10 PM,10:10 PM,FALSE,TRUE,07/02/25,06:10 PM,06:10 PM,FREE,BUSY
07/04/25,01:05 PM,01:05 PM,Reds at Phillies,Citizens Bank Park - Philadelphia,"Local TV: FanDuel Sports Network Ohio ----- Local Radio: WLW 700",07/04/25,07/04/25,04:05 PM,04:05 PM,FALSE,TRUE,07/04/25,12:05 PM,12:05 PM,FREE,BUSY
07/05/25,04:05 PM,04:05 PM,Reds at Phillies,Citizens Bank Park - Philadelphia,"Local TV: FanDuel Sports Network Ohio ----- Local Radio: WLW 700",07/05/25,07/05/25,07:05 PM,07:05 PM,FALSE,TRUE,07/05/25,03:05 PM,03:05 PM,FREE,BUSY
07/06/25,01:35 PM,01:35 PM,Reds at Phillies,Citizens Bank Park - Philadelphia,"Local TV: FanDuel Sports Network Ohio ----- Local Radio: WLW 700",07/06/25,07/06/25,04:35 PM,04:35 PM,FALSE,TRUE,07/06/25,12:35 PM,12:35 PM,FREE,BUSY
07/07/25,07:10 PM,07:10 PM,Marlins at Reds,Great American Ball Park - Cincinnati,"Local TV: FanDuel Sports Network Ohio ----- Local Radio: WLW 700",07/07/25,07/07/25,10:10 PM,10:10 PM,FALSE,TRUE,07/07/25,06:10 PM,06:10 PM,FREE,BUSY
07/08/25,07:10 PM,07:10 PM,Marlins at Reds,Great American Ball Park - Cincinnati,"Local TV: FanDuel Sports Network Ohio ----- Local Radio: WLW 700",07/08/25,07/08/25,10:10 PM,10:10 PM,FALSE,TRUE,07/08/25,06:10 PM,06:10 PM,FREE,BUSY
07/09/25,07:10 PM,07:10 PM,Marlins at Reds,Great American Ball Park - Cincinnati,"Local TV: FanDuel Sports Network Ohio ----- Local Radio: WLW 700",07/09/25,07/09/25,10:10 PM,10:10 PM,FALSE,TRUE,07/09/25,06:10 PM,06:10 PM,FREE,BUSY
07/10/25,05:10 PM,05:10 PM,Marlins at Reds,Great American Ball Park - Cincinnati,"Local TV: FanDuel Sports Network Ohio ----- Local Radio: WLW 700",07/10/25,07/10/25,08:10 PM,08:10 PM,FALSE,TRUE,07/10/25,04:10 PM,04:10 PM,FREE,BUSY
07/11/25,07:10 PM,07:10 PM,Rockies at Reds,Great American Ball Park - Cincinnati,"Local TV: FanDuel Sports Network Ohio ----- Local Radio: WLW 700",07/11/25,07/11/25,10:10 PM,10:10 PM,FALSE,TRUE,07/11/25,06:10 PM,06:10 PM,FREE,BUSY
07/12/25,04:10 PM,04:10 PM,Rockies at Reds,Great American Ball Park - Cincinnati,"Local TV: FanDuel Sports Network Ohio ----- Local Radio: WLW 700",07/12/25,07/12/25,07:10 PM,07:10 PM,FALSE,TRUE,07/12/25,03:10 PM,03:10 PM,FREE,BUSY
07/13/25,01:40 PM,01:40 PM,Rockies at Reds,Great American Ball Park - Cincinnati,"Local TV: FanDuel Sports Network Ohio ----- Local Radio: WLW 700",07/13/25,07/13/25,04:40 PM,04:40 PM,FALSE,TRUE,07/13/25,12:40 PM,12:40 PM,FREE,BUSY
07/18/25,07:10 PM,07:10 PM,Reds at Mets,Citi Field - Flushing,"Local TV: FanDuel Sports Network Ohio ----- Local Radio: WLW 700",07/18/25,07/18/25,10:10 PM,10:10 PM,FALSE,TRUE,07/18/25,06:10 PM,06:10 PM,FREE,BUSY
07/19/25,04:10 PM,04:10 PM,Reds at Mets,Citi Field - Flushing,"Local TV: FanDuel Sports Network Ohio- MLBN (out-of-market only) ----- Local Radio: WLW 700",07/19/25,07/19/25,07:10 PM,07:10 PM,FALSE,TRUE,07/19/25,03:10 PM,03:10 PM,FREE,BUSY
07/20/25,01:40 PM,01:40 PM,Reds at Mets,Citi Field - Flushing,"Local TV: FanDuel Sports Network Ohio ----- Local Radio: WLW 700",07/20/25,07/20/25,04:40 PM,04:40 PM,FALSE,TRUE,07/20/25,12:40 PM,12:40 PM,FREE,BUSY
07/21/25,06:45 PM,06:45 PM,Reds at Nationals,Nationals Park - Washington,"Local TV: FanDuel Sports Network Ohio ----- Local Radio: WLW 700",07/21/25,07/21/25,09:45 PM,09:45 PM,FALSE,TRUE,07/21/25,05:45 PM,05:45 PM,FREE,BUSY
07/22/25,06:45 PM,06:45 PM,Reds at Nationals,Nationals Park - Washington,"Local TV: FanDuel Sports Network Ohio ----- Local Radio: WLW 700",07/22/25,07/22/25,09:45 PM,09:45 PM,FALSE,TRUE,07/22/25,05:45 PM,05:45 PM,FREE,BUSY
07/23/25,12:05 PM,12:05 PM,Reds at Nationals,Nationals Park - Washington,"Local TV: FanDuel Sports Network Ohio- MLBN (out-of-market only) ----- Local Radio: WLW 700",07/23/25,07/23/25,03:05 PM,03:05 PM,FALSE,TRUE,07/23/25,11:05 AM,11:05 AM,FREE,BUSY
07/25/25,07:10 PM,07:10 PM,Rays at Reds,Great American Ball Park - Cincinnati,"Local TV: FanDuel Sports Network Ohio ----- Local Radio: WLW 700",07/25/25,07/25/25,10:10 PM,10:10 PM,FALSE,TRUE,07/25/25,06:10 PM,06:10 PM,FREE,BUSY
07/26/25,06:40 PM,06:40 PM,Rays at Reds,Great American Ball Park - Cincinnati,"Local TV: FanDuel Sports Network Ohio ----- Local Radio: WLW 700",07/26/25,07/26/25,09:40 PM,09:40 PM,FALSE,TRUE,07/26/25,05:40 PM,05:40 PM,FREE,BUSY
07/27/25,01:40 PM,01:40 PM,Rays at Reds,Great American Ball Park - Cincinnati,"Local TV: FanDuel Sports Network Ohio ----- Local Radio: WLW 700",07/27/25,07/27/25,04:40 PM,04:40 PM,FALSE,TRUE,07/27/25,12:40 PM,12:40 PM,FREE,BUSY
07/28/25,07:10 PM,07:10 PM,Dodgers at Reds,Great American Ball Park - Cincinnati,"Local TV: FanDuel Sports Network Ohio ----- Local Radio: WLW 700",07/28/25,07/28/25,10:10 PM,10:10 PM,FALSE,TRUE,07/28/25,06:10 PM,06:10 PM,FREE,BUSY
07/29/25,07:10 PM,07:10 PM,Dodgers at Reds,Great American Ball Park - Cincinnati,"Local TV: FanDuel Sports Network Ohio ----- Local Radio: WLW 700",07/29/25,07/29/25,10:10 PM,10:10 PM,FALSE,TRUE,07/29/25,06:10 PM,06:10 PM,FREE,BUSY
07/30/25,07:10 PM,07:10 PM,Dodgers at Reds,Great American Ball Park - Cincinnati,"Local TV: FanDuel Sports Network Ohio- MLBN (out-of-market only) ----- Local Radio: WLW 700",07/30/25,07/30/25,10:10 PM,10:10 PM,FALSE,TRUE,07/30/25,06:10 PM,06:10 PM,FREE,BUSY
07/31/25,07:10 PM,07:10 PM,Braves at Reds,Great American Ball Park - Cincinnati,"Local TV: FanDuel Sports Network Ohio- MLBN (out-of-market only) ----- Local Radio: WLW 700",07/31/25,07/31/25,10:10 PM,10:10 PM,FALSE,TRUE,07/31/25,06:10 PM,06:10 PM,FREE,BUSY
08/01/25,12:40 PM,12:40 PM,Braves at Reds,Great American Ball Park - Cincinnati,"Local TV: FanDuel Sports Network Ohio- MLBN (out-of-market only) ----- Local Radio: WLW 700",08/01/25,08/01/25,03:40 PM,03:40 PM,FALSE,TRUE,08/01/25,11:40 AM,11:40 AM,FREE,BUSY
08/03/25,01:05 PM,01:05 PM,Braves at Reds,Bristol Motor Speedway - Bristol,"Local TV: FOX ----- Local Radio: WLW 700",08/03/25,08/03/25,04:05 PM,04:05 PM,FALSE,TRUE,08/03/25,12:05 PM,12:05 PM,FREE,BUSY
08/04/25,08:05 PM,08:05 PM,Reds at Cubs,Wrigley Field - Chicago,"Local TV: FanDuel Sports Network Ohio ----- Local Radio: WLW 700",08/04/25,08/04/25,11:05 PM,11:05 PM,FALSE,TRUE,08/04/25,07:05 PM,07:05 PM,FREE,BUSY
08/05/25,08:05 PM,08:05 PM,Reds at Cubs,Wrigley Field - Chicago,"Local TV: FanDuel Sports Network Ohio- TBS (out-of-market only) ----- Local Radio: WLW 700",08/05/25,08/05/25,11:05 PM,11:05 PM,FALSE,TRUE,08/05/25,07:05 PM,07:05 PM,FREE,BUSY
08/06/25,02:20 PM,02:20 PM,Reds at Cubs,Wrigley Field - Chicago,"Local TV: FanDuel Sports Network Ohio ----- Local Radio: WLW 700",08/06/25,08/06/25,05:20 PM,05:20 PM,FALSE,TRUE,08/06/25,01:20 PM,01:20 PM,FREE,BUSY
08/07/25,06:40 PM,06:40 PM,Reds at Pirates,PNC Park - Pittsburgh,"Local TV: FanDuel Sports Network Ohio- MLBN (out-of-market only) ----- Local Radio: WLW 700",08/07/25,08/07/25,09:40 PM,09:40 PM,FALSE,TRUE,08/07/25,05:40 PM,05:40 PM,FREE,BUSY
08/08/25,06:40 PM,06:40 PM,Reds at Pirates,PNC Park - Pittsburgh,"Local TV: Apple TV+ ----- Local Radio: WLW 700",08/08/25,08/08/25,09:40 PM,09:40 PM,FALSE,TRUE,08/08/25,05:40 PM,05:40 PM,FREE,BUSY
08/09/25,06:40 PM,06:40 PM,Reds at Pirates,PNC Park - Pittsburgh,"Local TV: FanDuel Sports Network Ohio ----- Local Radio: WLW 700",08/09/25,08/09/25,09:40 PM,09:40 PM,FALSE,TRUE,08/09/25,05:40 PM,05:40 PM,FREE,BUSY
08/10/25,01:35 PM,01:35 PM,Reds at Pirates,PNC Park - Pittsburgh,"Local TV: FanDuel Sports Network Ohio- MLBN (out-of-market only) ----- Local Radio: WLW 700",08/10/25,08/10/25,04:35 PM,04:35 PM,FALSE,TRUE,08/10/25,12:35 PM,12:35 PM,FREE,BUSY
08/11/25,06:10 PM,06:10 PM,Phillies at Reds,Great American Ball Park - Cincinnati,"Local TV: FanDuel Sports Network Ohio ----- Local Radio: WLW 700",08/11/25,08/11/25,09:10 PM,09:10 PM,FALSE,TRUE,08/11/25,05:10 PM,05:10 PM,FREE,BUSY
08/12/25,06:40 PM,06:40 PM,Phillies at Reds,Great American Ball Park - Cincinnati,"Local TV: FanDuel Sports Network Ohio ----- Local Radio: WLW 700",08/12/25,08/12/25,09:40 PM,09:40 PM,FALSE,TRUE,08/12/25,05:40 PM,05:40 PM,FREE,BUSY
08/13/25,05:10 PM,05:10 PM,Phillies at Reds,Great American Ball Park - Cincinnati,"Local TV: FanDuel Sports Network Ohio ----- Local Radio: WLW 700",08/13/25,08/13/25,08:10 PM,08:10 PM,FALSE,TRUE,08/13/25,04:10 PM,04:10 PM,FREE,BUSY
08/15/25,06:40 PM,06:40 PM,Brewers at Reds,Great American Ball Park - Cincinnati,"Local TV: Apple TV+ ----- Local Radio: WLW 700",08/15/25,08/15/25,09:40 PM,09:40 PM,FALSE,TRUE,08/15/25,05:40 PM,05:40 PM,FREE,BUSY
08/16/25,06:40 PM,06:40 PM,Brewers at Reds,Great American Ball Park - Cincinnati,"Local TV: FanDuel Sports Network Ohio ----- Local Radio: WLW 700",08/16/25,08/16/25,09:40 PM,09:40 PM,FALSE,TRUE,08/16/25,05:40 PM,05:40 PM,FREE,BUSY
08/17/25,01:40 PM,01:40 PM,Brewers at Reds,Great American Ball Park - Cincinnati,"Local TV: FanDuel Sports Network Ohio ----- Local Radio: WLW 700",08/17/25,08/17/25,04:40 PM,04:40 PM,FALSE,TRUE,08/17/25,12:40 PM,12:40 PM,FREE,BUSY
08/18/25,09:38 PM,09:38 PM,Reds at Angels,Angel Stadium - Anaheim,"Local TV: FanDuel Sports Network Ohio- FS1 ----- Local Radio: WLW 700",08/19/25,08/19/25,12:38 AM,12:38 AM,FALSE,TRUE,08/18/25,08:38 PM,08:38 PM,FREE,BUSY
08/19/25,09:38 PM,09:38 PM,Reds at Angels,Angel Stadium - Anaheim,"Local TV: FanDuel Sports Network Ohio ----- Local Radio: WLW 700",08/20/25,08/20/25,12:38 AM,12:38 AM,FALSE,TRUE,08/19/25,08:38 PM,08:38 PM,FREE,BUSY
08/20/25,09:38 PM,09:38 PM,Reds at Angels,Angel Stadium - Anaheim,"Local TV: FanDuel Sports Network Ohio- MLBN (out-of-market only) ----- Local Radio: WLW 700",08/21/25,08/21/25,12:38 AM,12:38 AM,FALSE,TRUE,08/20/25,08:38 PM,08:38 PM,FREE,BUSY
08/22/25,09:40 PM,09:40 PM,Reds at D-backs,Chase Field - Phoenix,"Local TV: FanDuel Sports Network Ohio ----- Local Radio: WLW 700",08/23/25,08/23/25,12:40 AM,12:40 AM,FALSE,TRUE,08/22/25,08:40 PM,08:40 PM,FREE,BUSY
08/23/25,08:10 PM,08:10 PM,Reds at D-backs,Chase Field - Phoenix,"Local TV: FanDuel Sports Network Ohio ----- Local Radio: WLW 700",08/23/25,08/23/25,11:10 PM,11:10 PM,FALSE,TRUE,08/23/25,07:10 PM,07:10 PM,FREE,BUSY
08/24/25,04:10 PM,04:10 PM,Reds at D-backs,Chase Field - Phoenix,"Local TV: FanDuel Sports Network Ohio ----- Local Radio: WLW 700",08/24/25,08/24/25,07:10 PM,07:10 PM,FALSE,TRUE,08/24/25,03:10 PM,03:10 PM,FREE,BUSY
08/25/25,10:10 PM,10:10 PM,Reds at Dodgers,Dodger Stadium - Los Angeles,"Local TV: FanDuel Sports Network Ohio- MLBN (out-of-market only) ----- Local Radio: WLW 700",08/26/25,08/26/25,01:10 AM,01:10 AM,FALSE,TRUE,08/25/25,09:10 PM,09:10 PM,FREE,BUSY
08/26/25,10:10 PM,10:10 PM,Reds at Dodgers,Dodger Stadium - Los Angeles,"Local TV: FanDuel Sports Network Ohio- MLBN (out-of-market only) ----- Local Radio: WLW 700",08/27/25,08/27/25,01:10 AM,01:10 AM,FALSE,TRUE,08/26/25,09:10 PM,09:10 PM,FREE,BUSY
08/27/25,08:40 PM,08:40 PM,Reds at Dodgers,Dodger Stadium - Los Angeles,"Local TV: FanDuel Sports Network Ohio ----- Local Radio: WLW 700",08/27/25,08/27/25,11:40 PM,11:40 PM,FALSE,TRUE,08/27/25,07:40 PM,07:40 PM,FREE,BUSY
08/29/25,06:40 PM,06:40 PM,Cardinals at Reds,Great American Ball Park - Cincinnati,"Local TV: FanDuel Sports Network Ohio ----- Local Radio: WLW 700",08/29/25,08/29/25,09:40 PM,09:40 PM,FALSE,TRUE,08/29/25,05:40 PM,05:40 PM,FREE,BUSY
08/30/25,06:40 PM,06:40 PM,Cardinals at Reds,Great American Ball Park - Cincinnati,"Local TV: FanDuel Sports Network Ohio ----- Local Radio: WLW 700",08/30/25,08/30/25,09:40 PM,09:40 PM,FALSE,TRUE,08/30/25,05:40 PM,05:40 PM,FREE,BUSY
08/31/25,12:10 PM,12:10 PM,Cardinals at Reds,Great American Ball Park - Cincinnati,"Local TV: FanDuel Sports Network Ohio ----- Local Radio: WLW 700",08/31/25,08/31/25,03:10 PM,03:10 PM,FALSE,TRUE,08/31/25,11:10 AM,11:10 AM,FREE,BUSY
09/01/25,01:10 PM,01:10 PM,Blue Jays at Reds,Great American Ball Park - Cincinnati,"Local TV: FanDuel Sports Network Ohio ----- Local Radio: WLW 700",09/01/25,09/01/25,04:10 PM,04:10 PM,FALSE,TRUE,09/01/25,12:10 PM,12:10 PM,FREE,BUSY
09/02/25,06:40 PM,06:40 PM,Blue Jays at Reds,Great American Ball Park - Cincinnati,"Local TV: FanDuel Sports Network Ohio ----- Local Radio: WLW 700",09/02/25,09/02/25,09:40 PM,09:40 PM,FALSE,TRUE,09/02/25,05:40 PM,05:40 PM,FREE,BUSY
09/03/25,06:40 PM,06:40 PM,Blue Jays at Reds,Great American Ball Park - Cincinnati,"Local TV: FanDuel Sports Network Ohio ----- Local Radio: WLW 700",09/03/25,09/03/25,09:40 PM,09:40 PM,FALSE,TRUE,09/03/25,05:40 PM,05:40 PM,FREE,BUSY
09/05/25,06:40 PM,06:40 PM,Mets at Reds,Great American Ball Park - Cincinnati,"Local TV: FanDuel Sports Network Ohio ----- Local Radio: WLW 700",09/05/25,09/05/25,09:40 PM,09:40 PM,FALSE,TRUE,09/05/25,05:40 PM,05:40 PM,FREE,BUSY
09/06/25,06:40 PM,06:40 PM,Mets at Reds,Great American Ball Park - Cincinnati,"Local TV: FanDuel Sports Network Ohio ----- Local Radio: WLW 700",09/06/25,09/06/25,09:40 PM,09:40 PM,FALSE,TRUE,09/06/25,05:40 PM,05:40 PM,FREE,BUSY
09/07/25,01:40 PM,01:40 PM,Mets at Reds,Great American Ball Park - Cincinnati,"Local TV: FanDuel Sports Network Ohio- MLBN (out-of-market only) ----- Local Radio: WLW 700",09/07/25,09/07/25,04:40 PM,04:40 PM,FALSE,TRUE,09/07/25,12:40 PM,12:40 PM,FREE,BUSY
09/08/25,09:40 PM,09:40 PM,Reds at Padres,Petco Park - San Diego,"Local TV: FanDuel Sports Network Ohio ----- Local Radio: WLW 700",09/09/25,09/09/25,12:40 AM,12:40 AM,FALSE,TRUE,09/08/25,08:40 PM,08:40 PM,FREE,BUSY
09/09/25,09:40 PM,09:40 PM,Reds at Padres,Petco Park - San Diego,"Local TV: FanDuel Sports Network Ohio- MLBN (out-of-market only) ----- Local Radio: WLW 700",09/10/25,09/10/25,12:40 AM,12:40 AM,FALSE,TRUE,09/09/25,08:40 PM,08:40 PM,FREE,BUSY
09/10/25,08:40 PM,08:40 PM,Reds at Padres,Petco Park - San Diego,"Local TV: FanDuel Sports Network Ohio ----- Local Radio: WLW 700",09/10/25,09/10/25,11:40 PM,11:40 PM,FALSE,TRUE,09/10/25,07:40 PM,07:40 PM,FREE,BUSY
09/12/25,10:05 PM,10:05 PM,Reds at Athletics,Sutter Health Park - Sacramento,"Local TV: FanDuel Sports Network Ohio ----- Local Radio: WLW 700",09/13/25,09/13/25,01:05 AM,01:05 AM,FALSE,TRUE,09/12/25,09:05 PM,09:05 PM,FREE,BUSY
09/13/25,10:05 PM,10:05 PM,Reds at Athletics,Sutter Health Park - Sacramento,"Local TV: FanDuel Sports Network Ohio ----- Local Radio: WLW 700",09/14/25,09/14/25,01:05 AM,01:05 AM,FALSE,TRUE,09/13/25,09:05 PM,09:05 PM,FREE,BUSY
09/14/25,04:05 PM,04:05 PM,Reds at Athletics,Sutter Health Park - Sacramento,"Local TV: FanDuel Sports Network Ohio ----- Local Radio: WLW 700",09/14/25,09/14/25,07:05 PM,07:05 PM,FALSE,TRUE,09/14/25,03:05 PM,03:05 PM,FREE,BUSY
09/15/25,07:45 PM,07:45 PM,Reds at Cardinals,Busch Stadium - St. Louis,"Local TV: FanDuel Sports Network Ohio ----- Local Radio: WLW 700",09/15/25,09/15/25,10:45 PM,10:45 PM,FALSE,TRUE,09/15/25,06:45 PM,06:45 PM,FREE,BUSY
09/16/25,07:45 PM,07:45 PM,Reds at Cardinals,Busch Stadium - St. Louis,"Local TV: FanDuel Sports Network Ohio ----- Local Radio: WLW 700",09/16/25,09/16/25,10:45 PM,10:45 PM,FALSE,TRUE,09/16/25,06:45 PM,06:45 PM,FREE,BUSY
09/17/25,01:15 PM,01:15 PM,Reds at Cardinals,Busch Stadium - St. Louis,"Local TV: FanDuel Sports Network Ohio ----- Local Radio: WLW 700",09/17/25,09/17/25,04:15 PM,04:15 PM,FALSE,TRUE,09/17/25,12:15 PM,12:15 PM,FREE,BUSY
09/18/25,07:15 PM,07:15 PM,Cubs at Reds,Great American Ball Park - Cincinnati,"Local TV: FOX ----- Local Radio: WLW 700",09/18/25,09/18/25,10:15 PM,10:15 PM,FALSE,TRUE,09/18/25,06:15 PM,06:15 PM,FREE,BUSY
09/19/25,06:40 PM,06:40 PM,Cubs at Reds,Great American Ball Park - Cincinnati,"Local TV: FanDuel Sports Network Ohio- MLBN (out-of-market only) ----- Local Radio: WLW 700",09/19/25,09/19/25,09:40 PM,09:40 PM,FALSE,TRUE,09/19/25,05:40 PM,05:40 PM,FREE,BUSY
09/20/25,06:40 PM,06:40 PM,Cubs at Reds,Great American Ball Park - Cincinnati,"Local TV: FanDuel Sports Network Ohio ----- Local Radio: WLW 700",09/20/25,09/20/25,09:40 PM,09:40 PM,FALSE,TRUE,09/20/25,05:40 PM,05:40 PM,FREE,BUSY
09/21/25,01:40 PM,01:40 PM,Cubs at Reds,Great American Ball Park - Cincinnati,"Local TV: FanDuel Sports Network Ohio- MLBN (out-of-market only) ----- Local Radio: WLW 700",09/21/25,09/21/25,04:40 PM,04:40 PM,FALSE,TRUE,09/21/25,12:40 PM,12:40 PM,FREE,BUSY
09/23/25,06:40 PM,06:40 PM,Pirates at Reds,Great American Ball Park - Cincinnati,"Local TV: FanDuel Sports Network Ohio ----- Local Radio: WLW 700",09/23/25,09/23/25,09:40 PM,09:40 PM,FALSE,TRUE,09/23/25,05:40 PM,05:40 PM,FREE,BUSY
09/24/25,06:40 PM,06:40 PM,Pirates at Reds,Great American Ball Park - Cincinnati,"Local TV: FanDuel Sports Network Ohio ----- Local Radio: WLW 700",09/24/25,09/24/25,09:40 PM,09:40 PM,FALSE,TRUE,09/24/25,05:40 PM,05:40 PM,FREE,BUSY
09/25/25,12:40 PM,12:40 PM,Pirates at Reds,Great American Ball Park - Cincinnati,"Local TV: FanDuel Sports Network Ohio- MLBN (out-of-market only) ----- Local Radio: WLW 700",09/25/25,09/25/25,03:40 PM,03:40 PM,FALSE,TRUE,09/25/25,11:40 AM,11:40 AM,FREE,BUSY
09/26/25,08:10 PM,08:10 PM,Reds at Brewers,American Family Field - Milwaukee,"Local TV: FanDuel Sports Network Ohio ----- Local Radio: WLW 700",09/26/25,09/26/25,11:10 PM,11:10 PM,FALSE,TRUE,09/26/25,07:10 PM,07:10 PM,FREE,BUSY
09/27/25,07:15 PM,07:15 PM,Reds at Brewers,American Family Field - Milwaukee,"Local TV: FOX ----- Local Radio: WLW 700",09/27/25,09/27/25,10:15 PM,10:15 PM,FALSE,TRUE,09/27/25,06:15 PM,06:15 PM,FREE,BUSY
09/28/25,03:10 PM,03:10 PM,Reds at Brewers,American Family Field - Milwaukee,"Local TV: FanDuel Sports Network Ohio ----- Local Radio: WLW 700",09/28/25,09/28/25,06:10 PM,06:10 PM,FALSE,TRUE,09/28/25,02:10 PM,02:10 PM,FREE,BUSY
09/30/25,09:08 PM,09:08 PM,Reds at Dodgers,Dodger Stadium - Los Angeles,"Local TV: ESPN ----- Local Radio: WLW 700- ESPN Radio",10/01/25,10/01/25,12:08 AM,12:08 AM,FALSE,TRUE,09/30/25,08:08 PM,08:08 PM,FREE,BUSY
10/01/25,09:08 PM,09:08 PM,Reds at Dodgers,Dodger Stadium - Los Angeles,"Local TV: ESPN ----- Local Radio: WLW 700- ESPN Radio",10/02/25,10/02/25,12:08 AM,12:08 AM,FALSE,TRUE,10/01/25,08:08 PM,08:08 PM,FREE,BUSY
03/26/26,,,Red Sox at Reds - Time TBD,Great American Ball Park - Cincinnati,"",03/26/26,03/26/26,,,FALSE,TRUE,03/26/26,,,FREE,BUSY
03/28/26,,,Red Sox at Reds - Time TBD,Great American Ball Park - Cincinnati,"",03/28/26,03/28/26,,,FALSE,TRUE,03/28/26,,,FREE,BUSY
03/29/26,,,Red Sox at Reds - Time TBD,Great American Ball Park - Cincinnati,"",03/29/26,03/29/26,,,FALSE,TRUE,03/29/26,,,FREE,BUSY
03/30/26,,,Pirates at Reds - Time TBD,Great American Ball Park - Cincinnati,"",03/30/26,03/30/26,,,FALSE,TRUE,03/30/26,,,FREE,BUSY
03/31/26,,,Pirates at Reds - Time TBD,Great American Ball Park - Cincinnati,"",03/31/26,03/31/26,,,FALSE,TRUE,03/31/26,,,FREE,BUSY
04/01/26,,,Pirates at Reds - Time TBD,Great American Ball Park - Cincinnati,"",04/01/26,04/01/26,,,FALSE,TRUE,04/01/26,,,FREE,BUSY
04/03/26,,,Reds at Rangers - Time TBD,Globe Life Field - Arlington,"",04/03/26,04/03/26,,,FALSE,TRUE,04/03/26,,,FREE,BUSY
04/04/26,,,Reds at Rangers - Time TBD,Globe Life Field - Arlington,"",04/04/26,04/04/26,,,FALSE,TRUE,04/04/26,,,FREE,BUSY
04/05/26,,,Reds at Rangers - Time TBD,Globe Life Field - Arlington,"",04/05/26,04/05/26,,,FALSE,TRUE,04/05/26,,,FREE,BUSY
04/06/26,,,Reds at Marlins - Time TBD,loanDepot park - Miami,"",04/06/26,04/06/26,,,FALSE,TRUE,04/06/26,,,FREE,BUSY
04/07/26,,,Reds at Marlins - Time TBD,loanDepot park - Miami,"",04/07/26,04/07/26,,,FALSE,TRUE,04/07/26,,,FREE,BUSY
04/08/26,,,Reds at Marlins - Time TBD,loanDepot park - Miami,"",04/08/26,04/08/26,,,FALSE,TRUE,04/08/26,,,FREE,BUSY
04/09/26,,,Reds at Marlins - Time TBD,loanDepot park - Miami,"",04/09/26,04/09/26,,,FALSE,TRUE,04/09/26,,,FREE,BUSY
04/10/26,,,Angels at Reds - Time TBD,Great American Ball Park - Cincinnati,"",04/10/26,04/10/26,,,FALSE,TRUE,04/10/26,,,FREE,BUSY
04/11/26,,,Angels at Reds - Time TBD,Great American Ball Park - Cincinnati,"",04/11/26,04/11/26,,,FALSE,TRUE,04/11/26,,,FREE,BUSY
04/12/26,,,Angels at Reds - Time TBD,Great American Ball Park - Cincinnati,"",04/12/26,04/12/26,,,FALSE,TRUE,04/12/26,,,FREE,BUSY
04/14/26,,,Giants at Reds - Time TBD,Great American Ball Park - Cincinnati,"",04/14/26,04/14/26,,,FALSE,TRUE,04/14/26,,,FREE,BUSY
04/15/26,,,Giants at Reds - Time TBD,Great American Ball Park - Cincinnati,"",04/15/26,04/15/26,,,FALSE,TRUE,04/15/26,,,FREE,BUSY
04/16/26,,,Giants at Reds - Time TBD,Great American Ball Park - Cincinnati,"",04/16/26,04/16/26,,,FALSE,TRUE,04/16/26,,,FREE,BUSY
04/17/26,,,Reds at Twins - Time TBD,Target Field - Minneapolis,"",04/17/26,04/17/26,,,FALSE,TRUE,04/17/26,,,FREE,BUSY
04/18/26,,,Reds at Twins - Time TBD,Target Field - Minneapolis,"",04/18/26,04/18/26,,,FALSE,TRUE,04/18/26,,,FREE,BUSY
04/19/26,,,Reds at Twins - Time TBD,Target Field - Minneapolis,"",04/19/26,04/19/26,,,FALSE,TRUE,04/19/26,,,FREE,BUSY
04/20/26,,,Reds at Rays - Time TBD,George M. Steinbrenner Field - Tampa,"",04/20/26,04/20/26,,,FALSE,TRUE,04/20/26,,,FREE,BUSY
04/21/26,,,Reds at Rays - Time TBD,George M. Steinbrenner Field - Tampa,"",04/21/26,04/21/26,,,FALSE,TRUE,04/21/26,,,FREE,BUSY
04/22/26,,,Reds at Rays - Time TBD,George M. Steinbrenner Field - Tampa,"",04/22/26,04/22/26,,,FALSE,TRUE,04/22/26,,,FREE,BUSY
04/24/26,,,Tigers at Reds - Time TBD,Great American Ball Park - Cincinnati,"",04/24/26,04/24/26,,,FALSE,TRUE,04/24/26,,,FREE,BUSY
04/25/26,,,Tigers at Reds - Time TBD,Great American Ball Park - Cincinnati,"",04/25/26,04/25/26,,,FALSE,TRUE,04/25/26,,,FREE,BUSY
04/26/26,,,Tigers at Reds - Time TBD,Great American Ball Park - Cincinnati,"",04/26/26,04/26/26,,,FALSE,TRUE,04/26/26,,,FREE,BUSY
04/28/26,,,Rockies at Reds - Time TBD,Great American Ball Park - Cincinnati,"",04/28/26,04/28/26,,,FALSE,TRUE,04/28/26,,,FREE,BUSY
04/29/26,,,Rockies at Reds - Time TBD,Great American Ball Park - Cincinnati,"",04/29/26,04/29/26,,,FALSE,TRUE,04/29/26,,,FREE,BUSY
04/30/26,,,Rockies at Reds - Time TBD,Great American Ball Park - Cincinnati,"",04/30/26,04/30/26,,,FALSE,TRUE,04/30/26,,,FREE,BUSY
05/01/26,,,Reds at Pirates - Time TBD,PNC Park - Pittsburgh,"",05/01/26,05/01/26,,,FALSE,TRUE,05/01/26,,,FREE,BUSY
05/02/26,,,Reds at Pirates - Time TBD,PNC Park - Pittsburgh,"",05/02/26,05/02/26,,,FALSE,TRUE,05/02/26,,,FREE,BUSY
05/03/26,,,Reds at Pirates - Time TBD,PNC Park - Pittsburgh,"",05/03/26,05/03/26,,,FALSE,TRUE,05/03/26,,,FREE,BUSY
05/04/26,,,Reds at Cubs - Time TBD,Wrigley Field - Chicago,"",05/04/26,05/04/26,,,FALSE,TRUE,05/04/26,,,FREE,BUSY
05/05/26,,,Reds at Cubs - Time TBD,Wrigley Field - Chicago,"",05/05/26,05/05/26,,,FALSE,TRUE,05/05/26,,,FREE,BUSY
05/06/26,,,Reds at Cubs - Time TBD,Wrigley Field - Chicago,"",05/06/26,05/06/26,,,FALSE,TRUE,05/06/26,,,FREE,BUSY
05/07/26,,,Reds at Cubs - Time TBD,Wrigley Field - Chicago,"",05/07/26,05/07/26,,,FALSE,TRUE,05/07/26,,,FREE,BUSY
05/08/26,,,Astros at Reds - Time TBD,Great American Ball Park - Cincinnati,"",05/08/26,05/08/26,,,FALSE,TRUE,05/08/26,,,FREE,BUSY
05/09/26,,,Astros at Reds - Time TBD,Great American Ball Park - Cincinnati,"",05/09/26,05/09/26,,,FALSE,TRUE,05/09/26,,,FREE,BUSY
05/10/26,,,Astros at Reds - Time TBD,Great American Ball Park - Cincinnati,"",05/10/26,05/10/26,,,FALSE,TRUE,05/10/26,,,FREE,BUSY
05/12/26,,,Nationals at Reds - Time TBD,Great American Ball Park - Cincinnati,"",05/12/26,05/12/26,,,FALSE,TRUE,05/12/26,,,FREE,BUSY
05/13/26,,,Nationals at Reds - Time TBD,Great American Ball Park - Cincinnati,"",05/13/26,05/13/26,,,FALSE,TRUE,05/13/26,,,FREE,BUSY
05/14/26,,,Nationals at Reds - Time TBD,Great American Ball Park - Cincinnati,"",05/14/26,05/14/26,,,FALSE,TRUE,05/14/26,,,FREE,BUSY
05/15/26,,,Reds at Guardians - Time TBD,Progressive Field - Cleveland,"",05/15/26,05/15/26,,,FALSE,TRUE,05/15/26,,,FREE,BUSY
05/16/26,,,Reds at Guardians - Time TBD,Progressive Field - Cleveland,"",05/16/26,05/16/26,,,FALSE,TRUE,05/16/26,,,FREE,BUSY
05/17/26,,,Reds at Guardians - Time TBD,Progressive Field - Cleveland,"",05/17/26,05/17/26,,,FALSE,TRUE,05/17/26,,,FREE,BUSY
05/18/26,,,Reds at Phillies - Time TBD,Citizens Bank Park - Philadelphia,"",05/18/26,05/18/26,,,FALSE,TRUE,05/18/26,,,FREE,BUSY
05/19/26,,,Reds at Phillies - Time TBD,Citizens Bank Park - Philadelphia,"",05/19/26,05/19/26,,,FALSE,TRUE,05/19/26,,,FREE,BUSY
05/20/26,,,Reds at Phillies - Time TBD,Citizens Bank Park - Philadelphia,"",05/20/26,05/20/26,,,FALSE,TRUE,05/20/26,,,FREE,BUSY
05/22/26,,,Cardinals at Reds - Time TBD,Great American Ball Park - Cincinnati,"",05/22/26,05/22/26,,,FALSE,TRUE,05/22/26,,,FREE,BUSY
05/23/26,,,Cardinals at Reds - Time TBD,Great American Ball Park - Cincinnati,"",05/23/26,05/23/26,,,FALSE,TRUE,05/23/26,,,FREE,BUSY
05/24/26,,,Cardinals at Reds - Time TBD,Great American Ball Park - Cincinnati,"",05/24/26,05/24/26,,,FALSE,TRUE,05/24/26,,,FREE,BUSY
05/25/26,,,Reds at Mets - Time TBD,Citi Field - Flushing,"",05/25/26,05/25/26,,,FALSE,TRUE,05/25/26,,,FREE,BUSY
05/26/26,,,Reds at Mets - Time TBD,Citi Field - Flushing,"",05/26/26,05/26/26,,,FALSE,TRUE,05/26/26,,,FREE,BUSY
05/27/26,,,Reds at Mets - Time TBD,Citi Field - Flushing,"",05/27/26,05/27/26,,,FALSE,TRUE,05/27/26,,,FREE,BUSY
05/29/26,,,Braves at Reds - Time TBD,Great American Ball Park - Cincinnati,"",05/29/26,05/29/26,,,FALSE,TRUE,05/29/26,,,FREE,BUSY
05/30/26,,,Braves at Reds - Time TBD,Great American Ball Park - Cincinnati,"",05/30/26,05/30/26,,,FALSE,TRUE,05/30/26,,,FREE,BUSY
05/31/26,,,Braves at Reds - Time TBD,Great American Ball Park - Cincinnati,"",05/31/26,05/31/26,,,FALSE,TRUE,05/31/26,,,FREE,BUSY
06/01/26,,,Royals at Reds - Time TBD,Great American Ball Park - Cincinnati,"",06/01/26,06/01/26,,,FALSE,TRUE,06/01/26,,,FREE,BUSY
06/02/26,,,Royals at Reds - Time TBD,Great American Ball Park - Cincinnati,"",06/02/26,06/02/26,,,FALSE,TRUE,06/02/26,,,FREE,BUSY
06/03/26,,,Royals at Reds - Time TBD,Great American Ball Park - Cincinnati,"",06/03/26,06/03/26,,,FALSE,TRUE,06/03/26,,,FREE,BUSY
06/05/26,,,Reds at Cardinals - Time TBD,Busch Stadium - St. Louis,"",06/05/26,06/05/26,,,FALSE,TRUE,06/05/26,,,FREE,BUSY
06/06/26,,,Reds at Cardinals - Time TBD,Busch Stadium - St. Louis,"",06/06/26,06/06/26,,,FALSE,TRUE,06/06/26,,,FREE,BUSY
06/07/26,,,Reds at Cardinals - Time TBD,Busch Stadium - St. Louis,"",06/07/26,06/07/26,,,FALSE,TRUE,06/07/26,,,FREE,BUSY
06/08/26,,,Reds at Padres - Time TBD,Petco Park - San Diego,"",06/08/26,06/08/26,,,FALSE,TRUE,06/08/26,,,FREE,BUSY
06/09/26,,,Reds at Padres - Time TBD,Petco Park - San Diego,"",06/09/26,06/09/26,,,FALSE,TRUE,06/09/26,,,FREE,BUSY
06/10/26,,,Reds at Padres - Time TBD,Petco Park - San Diego,"",06/10/26,06/10/26,,,FALSE,TRUE,06/10/26,,,FREE,BUSY
06/12/26,,,D-backs at Reds - Time TBD,Great American Ball Park - Cincinnati,"",06/12/26,06/12/26,,,FALSE,TRUE,06/12/26,,,FREE,BUSY
06/13/26,,,D-backs at Reds - Time TBD,Great American Ball Park - Cincinnati,"",06/13/26,06/13/26,,,FALSE,TRUE,06/13/26,,,FREE,BUSY
06/14/26,,,D-backs at Reds - Time TBD,Great American Ball Park - Cincinnati,"",06/14/26,06/14/26,,,FALSE,TRUE,06/14/26,,,FREE,BUSY
06/15/26,,,Mets at Reds - Time TBD,Great American Ball Park - Cincinnati,"",06/15/26,06/15/26,,,FALSE,TRUE,06/15/26,,,FREE,BUSY
06/16/26,,,Mets at Reds - Time TBD,Great American Ball Park - Cincinnati,"",06/16/26,06/16/26,,,FALSE,TRUE,06/16/26,,,FREE,BUSY
06/17/26,,,Mets at Reds - Time TBD,Great American Ball Park - Cincinnati,"",06/17/26,06/17/26,,,FALSE,TRUE,06/17/26,,,FREE,BUSY
06/19/26,,,Reds at Yankees - Time TBD,Yankee Stadium - Bronx,"",06/19/26,06/19/26,,,FALSE,TRUE,06/19/26,,,FREE,BUSY
06/20/26,,,Reds at Yankees - Time TBD,Yankee Stadium - Bronx,"",06/20/26,06/20/26,,,FALSE,TRUE,06/20/26,,,FREE,BUSY
06/21/26,,,Reds at Yankees - Time TBD,Yankee Stadium - Bronx,"",06/21/26,06/21/26,,,FALSE,TRUE,06/21/26,,,FREE,BUSY
06/22/26,,,Brewers at Reds - Time TBD,Great American Ball Park - Cincinnati,"",06/22/26,06/22/26,,,FALSE,TRUE,06/22/26,,,FREE,BUSY
06/23/26,,,Brewers at Reds - Time TBD,Great American Ball Park - Cincinnati,"",06/23/26,06/23/26,,,FALSE,TRUE,06/23/26,,,FREE,BUSY
06/24/26,,,Brewers at Reds - Time TBD,Great American Ball Park - Cincinnati,"",06/24/26,06/24/26,,,FALSE,TRUE,06/24/26,,,FREE,BUSY
06/26/26,,,Reds at Pirates - Time TBD,PNC Park - Pittsburgh,"",06/26/26,06/26/26,,,FALSE,TRUE,06/26/26,,,FREE,BUSY
06/27/26,,,Reds at Pirates - Time TBD,PNC Park - Pittsburgh,"",06/27/26,06/27/26,,,FALSE,TRUE,06/27/26,,,FREE,BUSY
06/28/26,,,Reds at Pirates - Time TBD,PNC Park - Pittsburgh,"",06/28/26,06/28/26,,,FALSE,TRUE,06/28/26,,,FREE,BUSY
06/29/26,,,Reds at Brewers - Time TBD,American Family Field - Milwaukee,"",06/29/26,06/29/26,,,FALSE,TRUE,06/29/26,,,FREE,BUSY
06/30/26,,,Reds at Brewers - Time TBD,American Family Field - Milwaukee,"",06/30/26,06/30/26,,,FALSE,TRUE,06/30/26,,,FREE,BUSY
07/01/26,,,Reds at Brewers - Time TBD,American Family Field - Milwaukee,"",07/01/26,07/01/26,,,FALSE,TRUE,07/01/26,,,FREE,BUSY
07/02/26,,,Reds at Brewers - Time TBD,American Family Field - Milwaukee,"",07/02/26,07/02/26,,,FALSE,TRUE,07/02/26,,,FREE,BUSY
07/03/26,,,Orioles at Reds - Time TBD,Great American Ball Park - Cincinnati,"",07/03/26,07/03/26,,,FALSE,TRUE,07/03/26,,,FREE,BUSY
07/04/26,,,Orioles at Reds - Time TBD,Great American Ball Park - Cincinnati,"",07/04/26,07/04/26,,,FALSE,TRUE,07/04/26,,,FREE,BUSY
07/05/26,,,Orioles at Reds - Time TBD,Great American Ball Park - Cincinnati,"",07/05/26,07/05/26,,,FALSE,TRUE,07/05/26,,,FREE,BUSY
07/07/26,,,Phillies at Reds - Time TBD,Great American Ball Park - Cincinnati,"",07/07/26,07/07/26,,,FALSE,TRUE,07/07/26,,,FREE,BUSY
07/08/26,,,Phillies at Reds - Time TBD,Great American Ball Park - Cincinnati,"",07/08/26,07/08/26,,,FALSE,TRUE,07/08/26,,,FREE,BUSY
07/09/26,,,Phillies at Reds - Time TBD,Great American Ball Park - Cincinnati,"",07/09/26,07/09/26,,,FALSE,TRUE,07/09/26,,,FREE,BUSY
07/10/26,,,Cubs at Reds - Time TBD,Great American Ball Park - Cincinnati,"",07/10/26,07/10/26,,,FALSE,TRUE,07/10/26,,,FREE,BUSY
07/11/26,,,Cubs at Reds - Time TBD,Great American Ball Park - Cincinnati,"",07/11/26,07/11/26,,,FALSE,TRUE,07/11/26,,,FREE,BUSY
07/12/26,,,Cubs at Reds - Time TBD,Great American Ball Park - Cincinnati,"",07/12/26,07/12/26,,,FALSE,TRUE,07/12/26,,,FREE,BUSY
07/17/26,,,Reds at Rockies - Time TBD,Coors Field - Denver,"",07/17/26,07/17/26,,,FALSE,TRUE,07/17/26,,,FREE,BUSY
07/18/26,,,Reds at Rockies - Time TBD,Coors Field - Denver,"",07/18/26,07/18/26,,,FALSE,TRUE,07/18/26,,,FREE,BUSY
07/19/26,,,Reds at Rockies - Time TBD,Coors Field - Denver,"",07/19/26,07/19/26,,,FALSE,TRUE,07/19/26,,,FREE,BUSY
07/20/26,,,Reds at Mariners - Time TBD,T-Mobile Park - Seattle,"",07/20/26,07/20/26,,,FALSE,TRUE,07/20/26,,,FREE,BUSY
07/21/26,,,Reds at Mariners - Time TBD,T-Mobile Park - Seattle,"",07/21/26,07/21/26,,,FALSE,TRUE,07/21/26,,,FREE,BUSY
07/22/26,,,Reds at Mariners - Time TBD,T-Mobile Park - Seattle,"",07/22/26,07/22/26,,,FALSE,TRUE,07/22/26,,,FREE,BUSY
07/24/26,,,Reds at Cardinals - Time TBD,Busch Stadium - St. Louis,"",07/24/26,07/24/26,,,FALSE,TRUE,07/24/26,,,FREE,BUSY
07/25/26,,,Reds at Cardinals - Time TBD,Busch Stadium - St. Louis,"",07/25/26,07/25/26,,,FALSE,TRUE,07/25/26,,,FREE,BUSY
07/26/26,,,Reds at Cardinals - Time TBD,Busch Stadium - St. Louis,"",07/26/26,07/26/26,,,FALSE,TRUE,07/26/26,,,FREE,BUSY
07/27/26,,,Guardians at Reds - Time TBD,Great American Ball Park - Cincinnati,"",07/27/26,07/27/26,,,FALSE,TRUE,07/27/26,,,FREE,BUSY
07/28/26,,,Guardians at Reds - Time TBD,Great American Ball Park - Cincinnati,"",07/28/26,07/28/26,,,FALSE,TRUE,07/28/26,,,FREE,BUSY
07/29/26,,,Guardians at Reds - Time TBD,Great American Ball Park - Cincinnati,"",07/29/26,07/29/26,,,FALSE,TRUE,07/29/26,,,FREE,BUSY
07/30/26,,,Pirates at Reds - Time TBD,Great American Ball Park - Cincinnati,"",07/30/26,07/30/26,,,FALSE,TRUE,07/30/26,,,FREE,BUSY
07/31/26,,,Pirates at Reds - Time TBD,Great American Ball Park - Cincinnati,"",07/31/26,07/31/26,,,FALSE,TRUE,07/31/26,,,FREE,BUSY
08/01/26,,,Pirates at Reds - Time TBD,Great American Ball Park - Cincinnati,"",08/01/26,08/01/26,,,FALSE,TRUE,08/01/26,,,FREE,BUSY
08/02/26,,,Pirates at Reds - Time TBD,Great American Ball Park - Cincinnati,"",08/02/26,08/02/26,,,FALSE,TRUE,08/02/26,,,FREE,BUSY
08/04/26,,,Athletics at Reds - Time TBD,Great American Ball Park - Cincinnati,"",08/04/26,08/04/26,,,FALSE,TRUE,08/04/26,,,FREE,BUSY
08/05/26,,,Athletics at Reds - Time TBD,Great American Ball Park - Cincinnati,"",08/05/26,08/05/26,,,FALSE,TRUE,08/05/26,,,FREE,BUSY
08/06/26,,,Athletics at Reds - Time TBD,Great American Ball Park - Cincinnati,"",08/06/26,08/06/26,,,FALSE,TRUE,08/06/26,,,FREE,BUSY
08/07/26,,,Reds at Nationals - Time TBD,Nationals Park - Washington,"",08/07/26,08/07/26,,,FALSE,TRUE,08/07/26,,,FREE,BUSY
08/08/26,,,Reds at Nationals - Time TBD,Nationals Park - Washington,"",08/08/26,08/08/26,,,FALSE,TRUE,08/08/26,,,FREE,BUSY
08/09/26,,,Reds at Nationals - Time TBD,Nationals Park - Washington,"",08/09/26,08/09/26,,,FALSE,TRUE,08/09/26,,,FREE,BUSY
08/11/26,,,Reds at White Sox - Time TBD,Rate Field - Chicago,"",08/11/26,08/11/26,,,FALSE,TRUE,08/11/26,,,FREE,BUSY
08/12/26,,,Reds at White Sox - Time TBD,Rate Field - Chicago,"",08/12/26,08/12/26,,,FALSE,TRUE,08/12/26,,,FREE,BUSY
08/13/26,,,Reds at White Sox - Time TBD,Rate Field - Chicago,"",08/13/26,08/13/26,,,FALSE,TRUE,08/13/26,,,FREE,BUSY
08/14/26,,,Marlins at Reds - Time TBD,Great American Ball Park - Cincinnati,"",08/14/26,08/14/26,,,FALSE,TRUE,08/14/26,,,FREE,BUSY
08/15/26,,,Marlins at Reds - Time TBD,Great American Ball Park - Cincinnati,"",08/15/26,08/15/26,,,FALSE,TRUE,08/15/26,,,FREE,BUSY
08/16/26,,,Marlins at Reds - Time TBD,Great American Ball Park - Cincinnati,"",08/16/26,08/16/26,,,FALSE,TRUE,08/16/26,,,FREE,BUSY
08/17/26,,,Cardinals at Reds - Time TBD,Great American Ball Park - Cincinnati,"",08/17/26,08/17/26,,,FALSE,TRUE,08/17/26,,,FREE,BUSY
08/18/26,,,Cardinals at Reds - Time TBD,Great American Ball Park - Cincinnati,"",08/18/26,08/18/26,,,FALSE,TRUE,08/18/26,,,FREE,BUSY
08/19/26,,,Cardinals at Reds - Time TBD,Great American Ball Park - Cincinnati,"",08/19/26,08/19/26,,,FALSE,TRUE,08/19/26,,,FREE,BUSY
08/20/26,,,Cardinals at Reds - Time TBD,Great American Ball Park - Cincinnati,"",08/20/26,08/20/26,,,FALSE,TRUE,08/20/26,,,FREE,BUSY
08/21/26,,,Reds at D-backs - Time TBD,Chase Field - Phoenix,"",08/21/26,08/21/26,,,FALSE,TRUE,08/21/26,,,FREE,BUSY
08/22/26,,,Reds at D-backs - Time TBD,Chase Field - Phoenix,"",08/22/26,08/22/26,,,FALSE,TRUE,08/22/26,,,FREE,BUSY
08/23/26,,,Reds at D-backs - Time TBD,Chase Field - Phoenix,"",08/23/26,08/23/26,,,FALSE,TRUE,08/23/26,,,FREE,BUSY
08/24/26,,,Reds at Giants - Time TBD,Oracle Park - San Francisco,"",08/24/26,08/24/26,,,FALSE,TRUE,08/24/26,,,FREE,BUSY
08/25/26,,,Reds at Giants - Time TBD,Oracle Park - San Francisco,"",08/25/26,08/25/26,,,FALSE,TRUE,08/25/26,,,FREE,BUSY
08/26/26,,,Reds at Giants - Time TBD,Oracle Park - San Francisco,"",08/26/26,08/26/26,,,FALSE,TRUE,08/26/26,,,FREE,BUSY
08/28/26,,,Reds at Cubs - Time TBD,Wrigley Field - Chicago,"",08/28/26,08/28/26,,,FALSE,TRUE,08/28/26,,,FREE,BUSY
08/29/26,,,Reds at Cubs - Time TBD,Wrigley Field - Chicago,"",08/29/26,08/29/26,,,FALSE,TRUE,08/29/26,,,FREE,BUSY
08/30/26,,,Reds at Cubs - Time TBD,Wrigley Field - Chicago,"",08/30/26,08/30/26,,,FALSE,TRUE,08/30/26,,,FREE,BUSY
08/31/26,,,Padres at Reds - Time TBD,Great American Ball Park - Cincinnati,"",08/31/26,08/31/26,,,FALSE,TRUE,08/31/26,,,FREE,BUSY
09/01/26,,,Padres at Reds - Time TBD,Great American Ball Park - Cincinnati,"",09/01/26,09/01/26,,,FALSE,TRUE,09/01/26,,,FREE,BUSY
09/02/26,,,Padres at Reds - Time TBD,Great American Ball Park - Cincinnati,"",09/02/26,09/02/26,,,FALSE,TRUE,09/02/26,,,FREE,BUSY
09/04/26,,,Brewers at Reds - Time TBD,Great American Ball Park - Cincinnati,"",09/04/26,09/04/26,,,FALSE,TRUE,09/04/26,,,FREE,BUSY
09/05/26,,,Brewers at Reds - Time TBD,Great American Ball Park - Cincinnati,"",09/05/26,09/05/26,,,FALSE,TRUE,09/05/26,,,FREE,BUSY
09/06/26,,,Brewers at Reds - Time TBD,Great American Ball Park - Cincinnati,"",09/06/26,09/06/26,,,FALSE,TRUE,09/06/26,,,FREE,BUSY
09/07/26,,,Reds at Dodgers - Time TBD,Dodger Stadium - Los Angeles,"",09/07/26,09/07/26,,,FALSE,TRUE,09/07/26,,,FREE,BUSY
09/08/26,,,Reds at Dodgers - Time TBD,Dodger Stadium - Los Angeles,"",09/08/26,09/08/26,,,FALSE,TRUE,09/08/26,,,FREE,BUSY
09/09/26,,,Reds at Dodgers - Time TBD,Dodger Stadium - Los Angeles,"",09/09/26,09/09/26,,,FALSE,TRUE,09/09/26,,,FREE,BUSY
09/11/26,,,Reds at Brewers - Time TBD,American Family Field - Milwaukee,"",09/11/26,09/11/26,,,FALSE,TRUE,09/11/26,,,FREE,BUSY
09/12/26,,,Reds at Brewers - Time TBD,American Family Field - Milwaukee,"",09/12/26,09/12/26,,,FALSE,TRUE,09/12/26,,,FREE,BUSY
09/13/26,,,Reds at Brewers - Time TBD,American Family Field - Milwaukee,"",09/13/26,09/13/26,,,FALSE,TRUE,09/13/26,,,FREE,BUSY
09/14/26,,,Dodgers at Reds - Time TBD,Great American Ball Park - Cincinnati,"",09/14/26,09/14/26,,,FALSE,TRUE,09/14/26,,,FREE,BUSY
09/15/26,,,Dodgers at Reds - Time TBD,Great American Ball Park - Cincinnati,"",09/15/26,09/15/26,,,FALSE,TRUE,09/15/26,,,FREE,BUSY
09/16/26,,,Dodgers at Reds - Time TBD,Great American Ball Park - Cincinnati,"",09/16/26,09/16/26,,,FALSE,TRUE,09/16/26,,,FREE,BUSY
09/17/26,,,Dodgers at Reds - Time TBD,Great American Ball Park - Cincinnati,"",09/17/26,09/17/26,,,FALSE,TRUE,09/17/26,,,FREE,BUSY
09/18/26,,,Cubs at Reds - Time TBD,Great American Ball Park - Cincinnati,"",09/18/26,09/18/26,,,FALSE,TRUE,09/18/26,,,FREE,BUSY
09/19/26,,,Cubs at Reds - Time TBD,Great American Ball Park - Cincinnati,"",09/19/26,09/19/26,,,FALSE,TRUE,09/19/26,,,FREE,BUSY
09/20/26,,,Cubs at Reds - Time TBD,Great American Ball Park - Cincinnati,"",09/20/26,09/20/26,,,FALSE,TRUE,09/20/26,,,FREE,BUSY
09/22/26,,,Reds at Braves - Time TBD,Truist Park - Atlanta,"",09/22/26,09/22/26,,,FALSE,TRUE,09/22/26,,,FREE,BUSY
09/23/26,,,Reds at Braves - Time TBD,Truist Park - Atlanta,"",09/23/26,09/23/26,,,FALSE,TRUE,09/23/26,,,FREE,BUSY
09/24/26,,,Reds at Braves - Time TBD,Truist Park - Atlanta,"",09/24/26,09/24/26,,,FALSE,TRUE,09/24/26,,,FREE,BUSY
09/25/26,,,Reds at Blue Jays - Time TBD,Rogers Centre - Toronto,"",09/25/26,09/25/26,,,FALSE,TRUE,09/25/26,,,FREE,BUSY
09/26/26,,,Reds at Blue Jays - Time TBD,Rogers Centre - Toronto,"",09/26/26,09/26/26,,,FALSE,TRUE,09/26/26,,,FREE,BUSY
09/27/26,,,Reds at Blue Jays - Time TBD,Rogers Centre - Toronto,"",09/27/26,09/27/26,,,FALSE,TRUE,09/27/26,,,FREE,BUSY
