START DATE,START TIME,START TIME ET,SUBJECT,LOCATION,DESCRIPTION,END DATE,END DATE ET,END TIME,END TIME ET,REMINDER OFF,REMINDER ON,REMINDER DATE,REMINDER TIME,REMINDER TIME ET,SHOWTIMEAS FREE,SHOWTIMEAS BUSY
03/27/25,03:10 PM,04:10 PM,Angels at White Sox,Rate Field - Chicago,"Local TV: CHSN ----- Local Radio: ESPN Chicago WMVP 1000 AM- Sox Español",03/27/25,03/27/25,06:10 PM,07:10 PM,FALSE,TRUE,03/27/25,02:10 PM,03:10 PM,FREE,BUSY
03/29/25,01:10 PM,02:10 PM,Angels at White Sox,Rate Field - Chicago,"Local TV: CHSN ----- Local Radio: ESPN Chicago WMVP 1000 AM- Sox Español",03/29/25,03/29/25,04:10 PM,05:10 PM,FALSE,TRUE,03/29/25,12:10 PM,01:10 PM,FREE,BUSY
03/30/25,01:10 PM,02:10 PM,Angels at White Sox,Rate Field - Chicago,"Local TV: CHSN ----- Local Radio: ESPN Chicago WMVP 1000 AM- Sox Español",03/30/25,03/30/25,04:10 PM,05:10 PM,FALSE,TRUE,03/30/25,12:10 PM,01:10 PM,FREE,BUSY
03/31/25,01:10 PM,02:10 PM,Twins at White Sox,Rate Field - Chicago,"Local TV: CHSN ----- Local Radio: ESPN Chicago WMVP 1000 AM- Sox Español",03/31/25,03/31/25,04:10 PM,05:10 PM,FALSE,TRUE,03/31/25,12:10 PM,01:10 PM,FREE,BUSY
04/01/25,06:40 PM,07:40 PM,Twins at White Sox,Rate Field - Chicago,"Local TV: CHSN ----- Local Radio: ESPN Chicago WMVP 1000 AM- Sox Español",04/01/25,04/01/25,09:40 PM,10:40 PM,FALSE,TRUE,04/01/25,05:40 PM,06:40 PM,FREE,BUSY
04/02/25,01:10 PM,02:10 PM,Twins at White Sox,Rate Field - Chicago,"Local TV: CHSN ----- Local Radio: ESPN Chicago WMVP 1000 AM- Sox Español",04/02/25,04/02/25,04:10 PM,05:10 PM,FALSE,TRUE,04/02/25,12:10 PM,01:10 PM,FREE,BUSY
04/04/25,12:10 PM,01:10 PM,White Sox at Tigers,Comerica Park - Detroit,"Local TV: CHSN ----- Local Radio: ESPN Chicago WMVP 1000 AM",04/04/25,04/04/25,03:10 PM,04:10 PM,FALSE,TRUE,04/04/25,11:10 AM,12:10 PM,FREE,BUSY
04/05/25,12:10 PM,01:10 PM,White Sox at Tigers,Comerica Park - Detroit,"Local TV: CHSN ----- Local Radio: ESPN Chicago WMVP 1000 AM",04/05/25,04/05/25,03:10 PM,04:10 PM,FALSE,TRUE,04/05/25,11:10 AM,12:10 PM,FREE,BUSY
04/06/25,12:40 PM,01:40 PM,White Sox at Tigers,Comerica Park - Detroit,"Local TV: CHSN+ ----- Local Radio: ESPN Chicago WMVP 1000 AM",04/06/25,04/06/25,03:40 PM,04:40 PM,FALSE,TRUE,04/06/25,11:40 AM,12:40 PM,FREE,BUSY
04/08/25,03:10 PM,04:10 PM,White Sox at Guardians,Progressive Field - Cleveland,"Local TV: CHSN+ ----- Local Radio: ESPN Chicago WMVP 1000 AM",04/08/25,04/08/25,06:10 PM,07:10 PM,FALSE,TRUE,04/08/25,02:10 PM,03:10 PM,FREE,BUSY
04/09/25,05:10 PM,06:10 PM,White Sox at Guardians,Progressive Field - Cleveland,"Local TV: CHSN+ ----- Local Radio: ESPN Chicago WMVP 1000 AM",04/09/25,04/09/25,08:10 PM,09:10 PM,FALSE,TRUE,04/09/25,04:10 PM,05:10 PM,FREE,BUSY
04/10/25,12:10 PM,01:10 PM,White Sox at Guardians,Progressive Field - Cleveland,"Local TV: CHSN ----- Local Radio: ESPN Chicago WMVP 1000 AM",04/10/25,04/10/25,03:10 PM,04:10 PM,FALSE,TRUE,04/10/25,11:10 AM,12:10 PM,FREE,BUSY
04/11/25,06:40 PM,07:40 PM,Red Sox at White Sox,Rate Field - Chicago,"Local TV: CHSN+ ----- Local Radio: ESPN Chicago WMVP 1000 AM- Sox Español",04/11/25,04/11/25,09:40 PM,10:40 PM,FALSE,TRUE,04/11/25,05:40 PM,06:40 PM,FREE,BUSY
04/12/25,03:10 PM,04:10 PM,Red Sox at White Sox,Rate Field - Chicago,"Local TV: CHSN ----- Local Radio: ESPN Chicago WMVP 1000 AM- Sox Español",04/12/25,04/12/25,06:10 PM,07:10 PM,FALSE,TRUE,04/12/25,02:10 PM,03:10 PM,FREE,BUSY
04/13/25,01:10 PM,02:10 PM,Red Sox at White Sox,Rate Field - Chicago,"Local TV: CHSN+ ----- Local Radio: ESPN Chicago WMVP 1000 AM- Sox Español",04/13/25,04/13/25,04:10 PM,05:10 PM,FALSE,TRUE,04/13/25,12:10 PM,01:10 PM,FREE,BUSY
04/15/25,06:40 PM,07:40 PM,Athletics at White Sox,Rate Field - Chicago,"Local TV: CHSN+ ----- Local Radio: ESPN Chicago WMVP 1000 AM- Sox Español",04/15/25,04/15/25,09:40 PM,10:40 PM,FALSE,TRUE,04/15/25,05:40 PM,06:40 PM,FREE,BUSY
04/16/25,06:40 PM,07:40 PM,Athletics at White Sox,Rate Field - Chicago,"Local TV: CHSN ----- Local Radio: ESPN Chicago WMVP 1000 AM- Sox Español",04/16/25,04/16/25,09:40 PM,10:40 PM,FALSE,TRUE,04/16/25,05:40 PM,06:40 PM,FREE,BUSY
04/17/25,01:10 PM,02:10 PM,Athletics at White Sox,Rate Field - Chicago,"Local TV: CHSN ----- Local Radio: ESPN Chicago WMVP 1000 AM- Sox Español",04/17/25,04/17/25,04:10 PM,05:10 PM,FALSE,TRUE,04/17/25,12:10 PM,01:10 PM,FREE,BUSY
04/18/25,06:10 PM,07:10 PM,White Sox at Red Sox,Fenway Park - Boston,"Local TV: CHSN ----- Local Radio: ESPN Chicago WMVP 1000 AM",04/18/25,04/18/25,09:10 PM,10:10 PM,FALSE,TRUE,04/18/25,05:10 PM,06:10 PM,FREE,BUSY
04/19/25,03:10 PM,04:10 PM,White Sox at Red Sox,Fenway Park - Boston,"Local TV: CHSN ----- Local Radio: ESPN Chicago WMVP 1000 AM",04/19/25,04/19/25,06:10 PM,07:10 PM,FALSE,TRUE,04/19/25,02:10 PM,03:10 PM,FREE,BUSY
04/20/25,12:35 PM,01:35 PM,White Sox at Red Sox,Fenway Park - Boston,"Local TV: CHSN ----- Local Radio: ESPN Chicago WMVP 1000 AM",04/20/25,04/20/25,03:35 PM,04:35 PM,FALSE,TRUE,04/20/25,11:35 AM,12:35 PM,FREE,BUSY
04/21/25,10:10 AM,11:10 AM,White Sox at Red Sox,Fenway Park - Boston,"Local TV: CHSN- MLBN (out-of-market only) ----- Local Radio: ESPN Chicago WMVP 1000 AM",04/21/25,04/21/25,01:10 PM,02:10 PM,FALSE,TRUE,04/21/25,09:10 AM,10:10 AM,FREE,BUSY
04/22/25,06:40 PM,07:40 PM,White Sox at Twins,Target Field - Minneapolis,"Local TV: CHSN ----- Local Radio: ESPN Chicago WMVP 1000 AM",04/22/25,04/22/25,09:40 PM,10:40 PM,FALSE,TRUE,04/22/25,05:40 PM,06:40 PM,FREE,BUSY
04/23/25,06:40 PM,07:40 PM,White Sox at Twins,Target Field - Minneapolis,"Local TV: CHSN ----- Local Radio: ESPN Chicago WMVP 1000 AM",04/23/25,04/23/25,09:40 PM,10:40 PM,FALSE,TRUE,04/23/25,05:40 PM,06:40 PM,FREE,BUSY
04/24/25,12:10 PM,01:10 PM,White Sox at Twins,Target Field - Minneapolis,"Local TV: CHSN- MLBN (out-of-market only) ----- Local Radio: ESPN Chicago WMVP 1000 AM",04/24/25,04/24/25,03:10 PM,04:10 PM,FALSE,TRUE,04/24/25,11:10 AM,12:10 PM,FREE,BUSY
04/25/25,09:05 PM,10:05 PM,White Sox at Athletics,Sutter Health Park - Sacramento,"Local TV: CHSN ----- Local Radio: ESPN Chicago WMVP 1000 AM",04/26/25,04/26/25,12:05 AM,01:05 AM,FALSE,TRUE,04/25/25,08:05 PM,09:05 PM,FREE,BUSY
04/26/25,03:05 PM,04:05 PM,White Sox at Athletics,Sutter Health Park - Sacramento,"Local TV: CHSN ----- Local Radio: ESPN Chicago WMVP 1000 AM",04/26/25,04/26/25,06:05 PM,07:05 PM,FALSE,TRUE,04/26/25,02:05 PM,03:05 PM,FREE,BUSY
04/27/25,03:05 PM,04:05 PM,White Sox at Athletics,Sutter Health Park - Sacramento,"Local TV: CHSN ----- Local Radio: ESPN Chicago WMVP 1000 AM",04/27/25,04/27/25,06:05 PM,07:05 PM,FALSE,TRUE,04/27/25,02:05 PM,03:05 PM,FREE,BUSY
04/29/25,06:40 PM,07:40 PM,Brewers at White Sox,Rate Field - Chicago,"Local TV: CHSN ----- Local Radio: ESPN Chicago WMVP 1000 AM- Sox Español",04/29/25,04/29/25,09:40 PM,10:40 PM,FALSE,TRUE,04/29/25,05:40 PM,06:40 PM,FREE,BUSY
04/30/25,06:40 PM,07:40 PM,Brewers at White Sox,Rate Field - Chicago,"Local TV: CHSN ----- Local Radio: ESPN Chicago WMVP 1000 AM- Sox Español",04/30/25,04/30/25,09:40 PM,10:40 PM,FALSE,TRUE,04/30/25,05:40 PM,06:40 PM,FREE,BUSY
05/01/25,01:10 PM,02:10 PM,Brewers at White Sox,Rate Field - Chicago,"Local TV: CHSN ----- Local Radio: ESPN Chicago WMVP 1000 AM- Sox Español",05/01/25,05/01/25,04:10 PM,05:10 PM,FALSE,TRUE,05/01/25,12:10 PM,01:10 PM,FREE,BUSY
05/02/25,06:40 PM,07:40 PM,Astros at White Sox,Rate Field - Chicago,"Local TV: CHSN ----- Local Radio: ESPN Chicago WMVP 1000 AM- Sox Español",05/02/25,05/02/25,09:40 PM,10:40 PM,FALSE,TRUE,05/02/25,05:40 PM,06:40 PM,FREE,BUSY
05/03/25,01:10 PM,02:10 PM,Astros at White Sox,Rate Field - Chicago,"Local TV: CHSN ----- Local Radio: ESPN Chicago WMVP 1000 AM- Sox Español",05/03/25,05/03/25,04:10 PM,05:10 PM,FALSE,TRUE,05/03/25,12:10 PM,01:10 PM,FREE,BUSY
05/04/25,01:10 PM,02:10 PM,Astros at White Sox,Rate Field - Chicago,"Local TV: CHSN ----- Local Radio: ESPN Chicago WMVP 1000 AM- Sox Español",05/04/25,05/04/25,04:10 PM,05:10 PM,FALSE,TRUE,05/04/25,12:10 PM,01:10 PM,FREE,BUSY
05/05/25,06:40 PM,07:40 PM,White Sox at Royals,Kauffman Stadium - Kansas City,"Local TV: CHSN ----- Local Radio: ESPN Chicago WMVP 1000 AM",05/05/25,05/05/25,09:40 PM,10:40 PM,FALSE,TRUE,05/05/25,05:40 PM,06:40 PM,FREE,BUSY
05/06/25,06:40 PM,07:40 PM,White Sox at Royals,Kauffman Stadium - Kansas City,"Local TV: CHSN ----- Local Radio: ESPN Chicago WMVP 1000 AM",05/06/25,05/06/25,09:40 PM,10:40 PM,FALSE,TRUE,05/06/25,05:40 PM,06:40 PM,FREE,BUSY
05/07/25,06:40 PM,07:40 PM,White Sox at Royals,Kauffman Stadium - Kansas City,"Local TV: CHSN ----- Local Radio: ESPN Chicago WMVP 1000 AM",05/07/25,05/07/25,09:40 PM,10:40 PM,FALSE,TRUE,05/07/25,05:40 PM,06:40 PM,FREE,BUSY
05/08/25,01:10 PM,02:10 PM,White Sox at Royals,Kauffman Stadium - Kansas City,"Local TV: CHSN ----- Local Radio: ESPN Chicago WMVP 1000 AM",05/08/25,05/08/25,04:10 PM,05:10 PM,FALSE,TRUE,05/08/25,12:10 PM,01:10 PM,FREE,BUSY
05/09/25,06:40 PM,07:40 PM,Marlins at White Sox,Rate Field - Chicago,"Local TV: CHSN ----- Local Radio: ESPN Chicago WMVP 1000 AM- Sox Español",05/09/25,05/09/25,09:40 PM,10:40 PM,FALSE,TRUE,05/09/25,05:40 PM,06:40 PM,FREE,BUSY
05/10/25,06:10 PM,07:10 PM,Marlins at White Sox,Rate Field - Chicago,"Local TV: CHSN ----- Local Radio: ESPN Chicago WMVP 1000 AM- Sox Español",05/10/25,05/10/25,09:10 PM,10:10 PM,FALSE,TRUE,05/10/25,05:10 PM,06:10 PM,FREE,BUSY
05/11/25,01:10 PM,02:10 PM,Marlins at White Sox,Rate Field - Chicago,"Local TV: CHSN ----- Local Radio: ESPN Chicago WMVP 1000 AM- Sox Español",05/11/25,05/11/25,04:10 PM,05:10 PM,FALSE,TRUE,05/11/25,12:10 PM,01:10 PM,FREE,BUSY
05/13/25,05:40 PM,06:40 PM,White Sox at Reds,Great American Ball Park - Cincinnati,"Local TV: CHSN ----- Local Radio: ESPN Chicago WMVP 1000 AM",05/13/25,05/13/25,08:40 PM,09:40 PM,FALSE,TRUE,05/13/25,04:40 PM,05:40 PM,FREE,BUSY
05/14/25,06:14 PM,07:14 PM,White Sox at Reds,Great American Ball Park - Cincinnati,"Local TV: CHSN ----- Local Radio: ESPN Chicago WMVP 1000 AM",05/14/25,05/14/25,09:14 PM,10:14 PM,FALSE,TRUE,05/14/25,05:14 PM,06:14 PM,FREE,BUSY
05/15/25,11:40 AM,12:40 PM,White Sox at Reds,Great American Ball Park - Cincinnati,"Local TV: CHSN- MLBN (out-of-market only) ----- Local Radio: ESPN Chicago WMVP 1000 AM",05/15/25,05/15/25,02:40 PM,03:40 PM,FALSE,TRUE,05/15/25,10:40 AM,11:40 AM,FREE,BUSY
05/16/25,01:20 PM,02:20 PM,White Sox at Cubs,Wrigley Field - Chicago,"Local TV: CHSN- MLBN (out-of-market only) ----- Local Radio: ESPN Chicago WMVP 1000 AM",05/16/25,05/16/25,04:20 PM,05:20 PM,FALSE,TRUE,05/16/25,12:20 PM,01:20 PM,FREE,BUSY
05/17/25,01:20 PM,02:20 PM,White Sox at Cubs,Wrigley Field - Chicago,"Local TV: CHSN ----- Local Radio: ESPN Chicago WMVP 1000 AM",05/17/25,05/17/25,04:20 PM,05:20 PM,FALSE,TRUE,05/17/25,12:20 PM,01:20 PM,FREE,BUSY
05/18/25,01:20 PM,02:20 PM,White Sox at Cubs,Wrigley Field - Chicago,"Local TV: CHSN ----- Local Radio: ESPN Chicago WMVP 1000 AM",05/18/25,05/18/25,04:20 PM,05:20 PM,FALSE,TRUE,05/18/25,12:20 PM,01:20 PM,FREE,BUSY
05/19/25,06:40 PM,07:40 PM,Mariners at White Sox,Rate Field - Chicago,"Local TV: CHSN ----- Local Radio: ESPN Chicago WMVP 1000 AM- Sox Español",05/19/25,05/19/25,09:40 PM,10:40 PM,FALSE,TRUE,05/19/25,05:40 PM,06:40 PM,FREE,BUSY
05/20/25,06:40 PM,07:40 PM,Mariners at White Sox,Rate Field - Chicago,"Local TV: CHSN ----- Local Radio: ESPN Chicago WMVP 1000 AM- Sox Español",05/20/25,05/20/25,09:40 PM,10:40 PM,FALSE,TRUE,05/20/25,05:40 PM,06:40 PM,FREE,BUSY
05/21/25,01:10 PM,02:10 PM,Mariners at White Sox,Rate Field - Chicago,"Local TV: CHSN ----- Local Radio: ESPN Chicago WMVP 1000 AM- Sox Español",05/21/25,05/21/25,04:10 PM,05:10 PM,FALSE,TRUE,05/21/25,12:10 PM,01:10 PM,FREE,BUSY
05/23/25,06:40 PM,07:40 PM,Rangers at White Sox,Rate Field - Chicago,"Local TV: CHSN ----- Local Radio: ESPN Chicago WMVP 1000 AM- Sox Español",05/23/25,05/23/25,09:40 PM,10:40 PM,FALSE,TRUE,05/23/25,05:40 PM,06:40 PM,FREE,BUSY
05/24/25,03:10 PM,04:10 PM,Rangers at White Sox,Rate Field - Chicago,"Local TV: CHSN ----- Local Radio: ESPN Chicago WMVP 1000 AM- Sox Español",05/24/25,05/24/25,06:10 PM,07:10 PM,FALSE,TRUE,05/24/25,02:10 PM,03:10 PM,FREE,BUSY
05/25/25,01:10 PM,02:10 PM,Rangers at White Sox,Rate Field - Chicago,"Local TV: CHSN ----- Local Radio: ESPN Chicago WMVP 1000 AM- Sox Español",05/25/25,05/25/25,04:10 PM,05:10 PM,FALSE,TRUE,05/25/25,12:10 PM,01:10 PM,FREE,BUSY
05/26/25,03:10 PM,04:10 PM,White Sox at Mets,Citi Field - Flushing,"Local TV: CHSN- MLBN (out-of-market only) ----- Local Radio: ESPN Chicago WMVP 1000 AM",05/26/25,05/26/25,06:10 PM,07:10 PM,FALSE,TRUE,05/26/25,02:10 PM,03:10 PM,FREE,BUSY
05/27/25,06:10 PM,07:10 PM,White Sox at Mets,Citi Field - Flushing,"Local TV: CHSN ----- Local Radio: ESPN Chicago WMVP 1000 AM",05/27/25,05/27/25,09:10 PM,10:10 PM,FALSE,TRUE,05/27/25,05:10 PM,06:10 PM,FREE,BUSY
05/28/25,12:10 PM,01:10 PM,White Sox at Mets,Citi Field - Flushing,"Local TV: CHSN ----- Local Radio: ESPN Chicago WMVP 1000 AM",05/28/25,05/28/25,03:10 PM,04:10 PM,FALSE,TRUE,05/28/25,11:10 AM,12:10 PM,FREE,BUSY
05/30/25,03:30 PM,04:30 PM,White Sox at Orioles,Oriole Park at Camden Yards - Baltimore,"Local TV: CHSN ----- Local Radio: ESPN Chicago WMVP 1000 AM",05/30/25,05/30/25,06:30 PM,07:30 PM,FALSE,TRUE,05/30/25,02:30 PM,03:30 PM,FREE,BUSY
05/31/25,03:05 PM,04:05 PM,White Sox at Orioles,Oriole Park at Camden Yards - Baltimore,"Local TV: CHSN ----- Local Radio: ESPN Chicago WMVP 1000 AM",05/31/25,05/31/25,06:05 PM,07:05 PM,FALSE,TRUE,05/31/25,02:05 PM,03:05 PM,FREE,BUSY
06/01/25,12:35 PM,01:35 PM,White Sox at Orioles,Oriole Park at Camden Yards - Baltimore,"Local TV: CHSN ----- Local Radio: ESPN Chicago WMVP 1000 AM",06/01/25,06/01/25,03:35 PM,04:35 PM,FALSE,TRUE,06/01/25,11:35 AM,12:35 PM,FREE,BUSY
06/02/25,06:40 PM,07:40 PM,Tigers at White Sox,Rate Field - Chicago,"Local TV: CHSN ----- Local Radio: ESPN Chicago WMVP 1000 AM- Sox Español",06/02/25,06/02/25,09:40 PM,10:40 PM,FALSE,TRUE,06/02/25,05:40 PM,06:40 PM,FREE,BUSY
06/03/25,06:40 PM,07:40 PM,Tigers at White Sox,Rate Field - Chicago,"Local TV: CHSN ----- Local Radio: ESPN Chicago WMVP 1000 AM- Sox Español",06/03/25,06/03/25,09:40 PM,10:40 PM,FALSE,TRUE,06/03/25,05:40 PM,06:40 PM,FREE,BUSY
06/04/25,06:40 PM,07:40 PM,Tigers at White Sox,Rate Field - Chicago,"Local TV: CHSN ----- Local Radio: ESPN Chicago WMVP 1000 AM- Sox Español",06/04/25,06/04/25,09:40 PM,10:40 PM,FALSE,TRUE,06/04/25,05:40 PM,06:40 PM,FREE,BUSY
06/05/25,01:10 PM,02:10 PM,Tigers at White Sox,Rate Field - Chicago,"Local TV: CHSN ----- Local Radio: ESPN Chicago WMVP 1000 AM- Sox Español",06/05/25,06/05/25,04:10 PM,05:10 PM,FALSE,TRUE,06/05/25,12:10 PM,01:10 PM,FREE,BUSY
06/06/25,06:40 PM,07:40 PM,Royals at White Sox,Rate Field - Chicago,"Local TV: CHSN ----- Local Radio: ESPN Chicago WMVP 1000 AM- Sox Español",06/06/25,06/06/25,09:40 PM,10:40 PM,FALSE,TRUE,06/06/25,05:40 PM,06:40 PM,FREE,BUSY
06/07/25,03:10 PM,04:10 PM,Royals at White Sox,Rate Field - Chicago,"Local TV: CHSN ----- Local Radio: ESPN Chicago WMVP 1000 AM- Sox Español",06/07/25,06/07/25,06:10 PM,07:10 PM,FALSE,TRUE,06/07/25,02:10 PM,03:10 PM,FREE,BUSY
06/08/25,01:10 PM,02:10 PM,Royals at White Sox,Rate Field - Chicago,"Local TV: CHSN ----- Local Radio: ESPN Chicago WMVP 1000 AM- Sox Español",06/08/25,06/08/25,04:10 PM,05:10 PM,FALSE,TRUE,06/08/25,12:10 PM,01:10 PM,FREE,BUSY
06/10/25,07:10 PM,08:10 PM,White Sox at Astros,Daikin Park - Houston,"Local TV: CHSN ----- Local Radio: ESPN Chicago WMVP 1000 AM",06/10/25,06/10/25,10:10 PM,11:10 PM,FALSE,TRUE,06/10/25,06:10 PM,07:10 PM,FREE,BUSY
06/11/25,07:10 PM,08:10 PM,White Sox at Astros,Daikin Park - Houston,"Local TV: CHSN ----- Local Radio: ESPN Chicago WMVP 1000 AM",06/11/25,06/11/25,10:10 PM,11:10 PM,FALSE,TRUE,06/11/25,06:10 PM,07:10 PM,FREE,BUSY
06/12/25,07:10 PM,08:10 PM,White Sox at Astros,Daikin Park - Houston,"Local TV: CHSN ----- Local Radio: ESPN Chicago WMVP 1000 AM",06/12/25,06/12/25,10:10 PM,11:10 PM,FALSE,TRUE,06/12/25,06:10 PM,07:10 PM,FREE,BUSY
06/13/25,07:05 PM,08:05 PM,White Sox at Rangers,Globe Life Field - Arlington,"Local TV: CHSN ----- Local Radio: ESPN Chicago WMVP 1000 AM",06/13/25,06/13/25,10:05 PM,11:05 PM,FALSE,TRUE,06/13/25,06:05 PM,07:05 PM,FREE,BUSY
06/14/25,03:05 PM,04:05 PM,White Sox at Rangers,Globe Life Field - Arlington,"Local TV: CHSN ----- Local Radio: ESPN Chicago WMVP 1000 AM",06/14/25,06/14/25,06:05 PM,07:05 PM,FALSE,TRUE,06/14/25,02:05 PM,03:05 PM,FREE,BUSY
06/15/25,01:35 PM,02:35 PM,White Sox at Rangers,Globe Life Field - Arlington,"Local TV: CHSN ----- Local Radio: ESPN Chicago WMVP 1000 AM",06/15/25,06/15/25,04:35 PM,05:35 PM,FALSE,TRUE,06/15/25,12:35 PM,01:35 PM,FREE,BUSY
06/17/25,06:40 PM,07:40 PM,Cardinals at White Sox,Rate Field - Chicago,"Local TV: CHSN ----- Local Radio: ESPN Chicago WMVP 1000 AM- Sox Español",06/17/25,06/17/25,09:40 PM,10:40 PM,FALSE,TRUE,06/17/25,05:40 PM,06:40 PM,FREE,BUSY
06/19/25,01:10 PM,02:10 PM,Cardinals at White Sox,Rate Field - Chicago,"Local TV: CHSN ----- Local Radio: ESPN Chicago WMVP 1000 AM- Sox Español",06/19/25,06/19/25,04:10 PM,05:10 PM,FALSE,TRUE,06/19/25,12:10 PM,01:10 PM,FREE,BUSY
06/19/25,,,Cardinals at White Sox - Time TBD,Rate Field - Chicago,"Local TV: CHSN ----- Local Radio: ESPN Chicago WMVP 1000 AM- Sox Español",06/19/25,06/19/25,,,FALSE,TRUE,06/19/25,,,FREE,BUSY
06/20/25,06:07 PM,07:07 PM,White Sox at Blue Jays,Rogers Centre - Toronto,"Local TV: CHSN ----- Local Radio: ESPN Chicago WMVP 1000 AM",06/20/25,06/20/25,09:07 PM,10:07 PM,FALSE,TRUE,06/20/25,05:07 PM,06:07 PM,FREE,BUSY
06/21/25,02:07 PM,03:07 PM,White Sox at Blue Jays,Rogers Centre - Toronto,"Local TV: CHSN ----- Local Radio: ESPN Chicago WMVP 1000 AM",06/21/25,06/21/25,05:07 PM,06:07 PM,FALSE,TRUE,06/21/25,01:07 PM,02:07 PM,FREE,BUSY
06/22/25,12:37 PM,01:37 PM,White Sox at Blue Jays,Rogers Centre - Toronto,"Local TV: CHSN ----- Local Radio: ESPN Chicago WMVP 1000 AM",06/22/25,06/22/25,03:37 PM,04:37 PM,FALSE,TRUE,06/22/25,11:37 AM,12:37 PM,FREE,BUSY
06/23/25,06:40 PM,07:40 PM,D-backs at White Sox,Rate Field - Chicago,"Local TV: CHSN ----- Local Radio: ESPN Chicago WMVP 1000 AM- Sox Español",06/23/25,06/23/25,09:40 PM,10:40 PM,FALSE,TRUE,06/23/25,05:40 PM,06:40 PM,FREE,BUSY
06/24/25,06:40 PM,07:40 PM,D-backs at White Sox,Rate Field - Chicago,"Local TV: CHSN ----- Local Radio: ESPN Chicago WMVP 1000 AM- Sox Español",06/24/25,06/24/25,09:40 PM,10:40 PM,FALSE,TRUE,06/24/25,05:40 PM,06:40 PM,FREE,BUSY
06/25/25,01:10 PM,02:10 PM,D-backs at White Sox,Rate Field - Chicago,"Local TV: CHSN ----- Local Radio: ESPN Chicago WMVP 1000 AM- Sox Español",06/25/25,06/25/25,04:10 PM,05:10 PM,FALSE,TRUE,06/25/25,12:10 PM,01:10 PM,FREE,BUSY
06/27/25,06:40 PM,07:40 PM,Giants at White Sox,Rate Field - Chicago,"Local TV: CHSN ----- Local Radio: ESPN Chicago WMVP 1000 AM- Sox Español",06/27/25,06/27/25,09:40 PM,10:40 PM,FALSE,TRUE,06/27/25,05:40 PM,06:40 PM,FREE,BUSY
06/28/25,03:10 PM,04:10 PM,Giants at White Sox,Rate Field - Chicago,"Local TV: CHSN ----- Local Radio: ESPN Chicago WMVP 1000 AM- Sox Español",06/28/25,06/28/25,06:10 PM,07:10 PM,FALSE,TRUE,06/28/25,02:10 PM,03:10 PM,FREE,BUSY
06/29/25,01:10 PM,02:10 PM,Giants at White Sox,Rate Field - Chicago,"Local TV: CHSN ----- Local Radio: ESPN Chicago WMVP 1000 AM- Sox Español",06/29/25,06/29/25,04:10 PM,05:10 PM,FALSE,TRUE,06/29/25,12:10 PM,01:10 PM,FREE,BUSY
07/01/25,09:10 PM,10:10 PM,White Sox at Dodgers,Dodger Stadium - Los Angeles,"Local TV: CHSN- MLBN (out-of-market only) ----- Local Radio: ESPN Chicago WMVP 1000 AM",07/02/25,07/02/25,12:10 AM,01:10 AM,FALSE,TRUE,07/01/25,08:10 PM,09:10 PM,FREE,BUSY
07/02/25,09:10 PM,10:10 PM,White Sox at Dodgers,Dodger Stadium - Los Angeles,"Local TV: CHSN- MLBN (out-of-market only) ----- Local Radio: ESPN Chicago WMVP 1000 AM",07/03/25,07/03/25,12:10 AM,01:10 AM,FALSE,TRUE,07/02/25,08:10 PM,09:10 PM,FREE,BUSY
07/03/25,09:10 PM,10:10 PM,White Sox at Dodgers,Dodger Stadium - Los Angeles,"Local TV: CHSN ----- Local Radio: ESPN Chicago WMVP 1000 AM",07/04/25,07/04/25,12:10 AM,01:10 AM,FALSE,TRUE,07/03/25,08:10 PM,09:10 PM,FREE,BUSY
07/04/25,07:10 PM,08:10 PM,White Sox at Rockies,Coors Field - Denver,"Local TV: CHSN ----- Local Radio: ESPN Chicago WMVP 1000 AM",07/04/25,07/04/25,10:10 PM,11:10 PM,FALSE,TRUE,07/04/25,06:10 PM,07:10 PM,FREE,BUSY
07/05/25,08:10 PM,09:10 PM,White Sox at Rockies,Coors Field - Denver,"Local TV: CHSN ----- Local Radio: ESPN Chicago WMVP 1000 AM",07/05/25,07/06/25,11:10 PM,12:10 AM,FALSE,TRUE,07/05/25,07:10 PM,08:10 PM,FREE,BUSY
07/06/25,02:10 PM,03:10 PM,White Sox at Rockies,Coors Field - Denver,"Local TV: CHSN ----- Local Radio: ESPN Chicago WMVP 1000 AM",07/06/25,07/06/25,05:10 PM,06:10 PM,FALSE,TRUE,07/06/25,01:10 PM,02:10 PM,FREE,BUSY
07/07/25,06:40 PM,07:40 PM,Blue Jays at White Sox,Rate Field - Chicago,"Local TV: CHSN ----- Local Radio: ESPN Chicago WMVP 1000 AM- Sox Español",07/07/25,07/07/25,09:40 PM,10:40 PM,FALSE,TRUE,07/07/25,05:40 PM,06:40 PM,FREE,BUSY
07/08/25,06:40 PM,07:40 PM,Blue Jays at White Sox,Rate Field - Chicago,"Local TV: CHSN ----- Local Radio: ESPN Chicago WMVP 1000 AM- Sox Español",07/08/25,07/08/25,09:40 PM,10:40 PM,FALSE,TRUE,07/08/25,05:40 PM,06:40 PM,FREE,BUSY
07/09/25,01:10 PM,02:10 PM,Blue Jays at White Sox,Rate Field - Chicago,"Local TV: CHSN- MLBN (out-of-market only) ----- Local Radio: ESPN Chicago WMVP 1000 AM- Sox Español",07/09/25,07/09/25,04:10 PM,05:10 PM,FALSE,TRUE,07/09/25,12:10 PM,01:10 PM,FREE,BUSY
07/11/25,02:10 PM,03:10 PM,Guardians at White Sox,Rate Field - Chicago,"Local TV: CHSN ----- Local Radio: ESPN Chicago WMVP 1000 AM- Sox Español",07/11/25,07/11/25,05:10 PM,06:10 PM,FALSE,TRUE,07/11/25,01:10 PM,02:10 PM,FREE,BUSY
07/11/25,07:10 PM,08:10 PM,Guardians at White Sox,Rate Field - Chicago,"Local TV: CHSN ----- Local Radio: ESPN Chicago WMVP 1000 AM- Sox Español",07/11/25,07/11/25,10:10 PM,11:10 PM,FALSE,TRUE,07/11/25,06:10 PM,07:10 PM,FREE,BUSY
07/12/25,03:10 PM,04:10 PM,Guardians at White Sox,Rate Field - Chicago,"Local TV: CHSN ----- Local Radio: ESPN Chicago WMVP 1000 AM- Sox Español",07/12/25,07/12/25,06:10 PM,07:10 PM,FALSE,TRUE,07/12/25,02:10 PM,03:10 PM,FREE,BUSY
07/13/25,01:10 PM,02:10 PM,Guardians at White Sox,Rate Field - Chicago,"Local TV: CHSN ----- Local Radio: ESPN Chicago WMVP 1000 AM- Sox Español",07/13/25,07/13/25,04:10 PM,05:10 PM,FALSE,TRUE,07/13/25,12:10 PM,01:10 PM,FREE,BUSY
07/18/25,05:40 PM,06:40 PM,White Sox at Pirates,PNC Park - Pittsburgh,"Local TV: CHSN ----- Local Radio: ESPN Chicago WMVP 1000 AM",07/18/25,07/18/25,08:40 PM,09:40 PM,FALSE,TRUE,07/18/25,04:40 PM,05:40 PM,FREE,BUSY
07/19/25,05:40 PM,06:40 PM,White Sox at Pirates,PNC Park - Pittsburgh,"Local TV: CHSN ----- Local Radio: ESPN Chicago WMVP 1000 AM",07/19/25,07/19/25,08:40 PM,09:40 PM,FALSE,TRUE,07/19/25,04:40 PM,05:40 PM,FREE,BUSY
07/20/25,12:35 PM,01:35 PM,White Sox at Pirates,PNC Park - Pittsburgh,"Local TV: CHSN ----- Local Radio: ESPN Chicago WMVP 1000 AM",07/20/25,07/20/25,03:35 PM,04:35 PM,FALSE,TRUE,07/20/25,11:35 AM,12:35 PM,FREE,BUSY
07/21/25,06:35 PM,07:35 PM,White Sox at Rays,George M. Steinbrenner Field - Tampa,"Local TV: CHSN ----- Local Radio: ESPN Chicago WMVP 1000 AM",07/21/25,07/21/25,09:35 PM,10:35 PM,FALSE,TRUE,07/21/25,05:35 PM,06:35 PM,FREE,BUSY
07/22/25,06:05 PM,07:05 PM,White Sox at Rays,George M. Steinbrenner Field - Tampa,"Local TV: CHSN ----- Local Radio: ESPN Chicago WMVP 1000 AM",07/22/25,07/22/25,09:05 PM,10:05 PM,FALSE,TRUE,07/22/25,05:05 PM,06:05 PM,FREE,BUSY
07/23/25,06:35 PM,07:35 PM,White Sox at Rays,George M. Steinbrenner Field - Tampa,"Local TV: CHSN ----- Local Radio: ESPN Chicago WMVP 1000 AM",07/23/25,07/23/25,09:35 PM,10:35 PM,FALSE,TRUE,07/23/25,05:35 PM,06:35 PM,FREE,BUSY
07/25/25,06:40 PM,07:40 PM,Cubs at White Sox,Rate Field - Chicago,"Local TV: CHSN ----- Local Radio: ESPN Chicago WMVP 1000 AM- Sox Español",07/25/25,07/25/25,09:40 PM,10:40 PM,FALSE,TRUE,07/25/25,05:40 PM,06:40 PM,FREE,BUSY
07/26/25,06:10 PM,07:10 PM,Cubs at White Sox,Rate Field - Chicago,"Local TV: CHSN ----- Local Radio: ESPN Chicago WMVP 1000 AM- Sox Español",07/26/25,07/26/25,09:10 PM,10:10 PM,FALSE,TRUE,07/26/25,05:10 PM,06:10 PM,FREE,BUSY
07/27/25,01:10 PM,02:10 PM,Cubs at White Sox,Rate Field - Chicago,"Local TV: CHSN ----- Local Radio: ESPN Chicago WMVP 1000 AM- Sox Español",07/27/25,07/27/25,04:10 PM,05:10 PM,FALSE,TRUE,07/27/25,12:10 PM,01:10 PM,FREE,BUSY
07/28/25,06:40 PM,07:40 PM,Phillies at White Sox,Rate Field - Chicago,"Local TV: CHSN ----- Local Radio: ESPN Chicago WMVP 1000 AM- Sox Español",07/28/25,07/28/25,09:40 PM,10:40 PM,FALSE,TRUE,07/28/25,05:40 PM,06:40 PM,FREE,BUSY
07/29/25,06:40 PM,07:40 PM,Phillies at White Sox,Rate Field - Chicago,"Local TV: CHSN ----- Local Radio: ESPN Chicago WMVP 1000 AM- Sox Español",07/29/25,07/29/25,09:40 PM,10:40 PM,FALSE,TRUE,07/29/25,05:40 PM,06:40 PM,FREE,BUSY
07/30/25,01:10 PM,02:10 PM,Phillies at White Sox,Rate Field - Chicago,"Local TV: CHSN ----- Local Radio: ESPN Chicago WMVP 1000 AM- Sox Español",07/30/25,07/30/25,04:10 PM,05:10 PM,FALSE,TRUE,07/30/25,12:10 PM,01:10 PM,FREE,BUSY
08/01/25,08:38 PM,09:38 PM,White Sox at Angels,Angel Stadium - Anaheim,"Local TV: CHSN ----- Local Radio: ESPN Chicago WMVP 1000 AM",08/01/25,08/02/25,11:38 PM,12:38 AM,FALSE,TRUE,08/01/25,07:38 PM,08:38 PM,FREE,BUSY
08/02/25,09:07 PM,10:07 PM,White Sox at Angels,Angel Stadium - Anaheim,"Local TV: CHSN ----- Local Radio: ESPN Chicago WMVP 1000 AM",08/03/25,08/03/25,12:07 AM,01:07 AM,FALSE,TRUE,08/02/25,08:07 PM,09:07 PM,FREE,BUSY
08/03/25,03:07 PM,04:07 PM,White Sox at Angels,Angel Stadium - Anaheim,"Local TV: CHSN ----- Local Radio: ESPN Chicago WMVP 1000 AM",08/03/25,08/03/25,06:07 PM,07:07 PM,FALSE,TRUE,08/03/25,02:07 PM,03:07 PM,FREE,BUSY
08/05/25,08:40 PM,09:40 PM,White Sox at Mariners,T-Mobile Park - Seattle,"Local TV: CHSN ----- Local Radio: ESPN Chicago WMVP 1000 AM",08/05/25,08/06/25,11:40 PM,12:40 AM,FALSE,TRUE,08/05/25,07:40 PM,08:40 PM,FREE,BUSY
08/06/25,08:40 PM,09:40 PM,White Sox at Mariners,T-Mobile Park - Seattle,"Local TV: CHSN- MLBN (out-of-market only) ----- Local Radio: ESPN Chicago WMVP 1000 AM",08/06/25,08/07/25,11:40 PM,12:40 AM,FALSE,TRUE,08/06/25,07:40 PM,08:40 PM,FREE,BUSY
08/07/25,03:10 PM,04:10 PM,White Sox at Mariners,T-Mobile Park - Seattle,"Local TV: CHSN- MLBN (out-of-market only) ----- Local Radio: ESPN Chicago WMVP 1000 AM",08/07/25,08/07/25,06:10 PM,07:10 PM,FALSE,TRUE,08/07/25,02:10 PM,03:10 PM,FREE,BUSY
08/08/25,06:40 PM,07:40 PM,Guardians at White Sox,Rate Field - Chicago,"Local TV: CHSN ----- Local Radio: ESPN Chicago WMVP 1000 AM- Sox Español",08/08/25,08/08/25,09:40 PM,10:40 PM,FALSE,TRUE,08/08/25,05:40 PM,06:40 PM,FREE,BUSY
08/09/25,06:10 PM,07:10 PM,Guardians at White Sox,Rate Field - Chicago,"Local TV: CHSN ----- Local Radio: ESPN Chicago WMVP 1000 AM- Sox Español",08/09/25,08/09/25,09:10 PM,10:10 PM,FALSE,TRUE,08/09/25,05:10 PM,06:10 PM,FREE,BUSY
08/10/25,01:10 PM,02:10 PM,Guardians at White Sox,Rate Field - Chicago,"Local TV: CHSN ----- Local Radio: ESPN Chicago WMVP 1000 AM- Sox Español",08/10/25,08/10/25,04:10 PM,05:10 PM,FALSE,TRUE,08/10/25,12:10 PM,01:10 PM,FREE,BUSY
08/11/25,06:40 PM,07:40 PM,Tigers at White Sox,Rate Field - Chicago,"Local TV: CHSN ----- Local Radio: ESPN Chicago WMVP 1000 AM- Sox Español",08/11/25,08/11/25,09:40 PM,10:40 PM,FALSE,TRUE,08/11/25,05:40 PM,06:40 PM,FREE,BUSY
08/12/25,06:40 PM,07:40 PM,Tigers at White Sox,Rate Field - Chicago,"Local TV: CHSN ----- Local Radio: ESPN Chicago WMVP 1000 AM- Sox Español",08/12/25,08/12/25,09:40 PM,10:40 PM,FALSE,TRUE,08/12/25,05:40 PM,06:40 PM,FREE,BUSY
08/13/25,01:10 PM,02:10 PM,Tigers at White Sox,Rate Field - Chicago,"Local TV: CHSN ----- Local Radio: ESPN Chicago WMVP 1000 AM- Sox Español",08/13/25,08/13/25,04:10 PM,05:10 PM,FALSE,TRUE,08/13/25,12:10 PM,01:10 PM,FREE,BUSY
08/15/25,07:10 PM,08:10 PM,White Sox at Royals,Kauffman Stadium - Kansas City,"Local TV: CHSN ----- Local Radio: ESPN Chicago WMVP 1000 AM",08/15/25,08/15/25,10:10 PM,11:10 PM,FALSE,TRUE,08/15/25,06:10 PM,07:10 PM,FREE,BUSY
08/16/25,06:10 PM,07:10 PM,White Sox at Royals,Kauffman Stadium - Kansas City,"Local TV: CHSN ----- Local Radio: ESPN Chicago WMVP 1000 AM",08/16/25,08/16/25,09:10 PM,10:10 PM,FALSE,TRUE,08/16/25,05:10 PM,06:10 PM,FREE,BUSY
08/17/25,01:10 PM,02:10 PM,White Sox at Royals,Kauffman Stadium - Kansas City,"Local TV: CHSN ----- Local Radio: ESPN Chicago WMVP 1000 AM",08/17/25,08/17/25,04:10 PM,05:10 PM,FALSE,TRUE,08/17/25,12:10 PM,01:10 PM,FREE,BUSY
08/18/25,06:15 PM,07:15 PM,White Sox at Braves,Truist Park - Atlanta,"Local TV: CHSN ----- Local Radio: ESPN Chicago WMVP 1000 AM",08/18/25,08/18/25,09:15 PM,10:15 PM,FALSE,TRUE,08/18/25,05:15 PM,06:15 PM,FREE,BUSY
08/19/25,06:15 PM,07:15 PM,White Sox at Braves,Truist Park - Atlanta,"Local TV: CHSN ----- Local Radio: ESPN Chicago WMVP 1000 AM",08/19/25,08/19/25,09:15 PM,10:15 PM,FALSE,TRUE,08/19/25,05:15 PM,06:15 PM,FREE,BUSY
08/20/25,06:15 PM,07:15 PM,White Sox at Braves,Truist Park - Atlanta,"Local TV: CHSN ----- Local Radio: ESPN Chicago WMVP 1000 AM",08/20/25,08/20/25,09:15 PM,10:15 PM,FALSE,TRUE,08/20/25,05:15 PM,06:15 PM,FREE,BUSY
08/22/25,06:40 PM,07:40 PM,Twins at White Sox,Rate Field - Chicago,"Local TV: CHSN ----- Local Radio: ESPN Chicago WMVP 1000 AM- Sox Español",08/22/25,08/22/25,09:40 PM,10:40 PM,FALSE,TRUE,08/22/25,05:40 PM,06:40 PM,FREE,BUSY
08/23/25,06:10 PM,07:10 PM,Twins at White Sox,Rate Field - Chicago,"Local TV: CHSN ----- Local Radio: ESPN Chicago WMVP 1000 AM- Sox Español",08/23/25,08/23/25,09:10 PM,10:10 PM,FALSE,TRUE,08/23/25,05:10 PM,06:10 PM,FREE,BUSY
08/24/25,01:10 PM,02:10 PM,Twins at White Sox,Rate Field - Chicago,"Local TV: CHSN ----- Local Radio: ESPN Chicago WMVP 1000 AM- Sox Español",08/24/25,08/24/25,04:10 PM,05:10 PM,FALSE,TRUE,08/24/25,12:10 PM,01:10 PM,FREE,BUSY
08/25/25,06:40 PM,07:40 PM,Royals at White Sox,Rate Field - Chicago,"Local TV: CHSN ----- Local Radio: ESPN Chicago WMVP 1000 AM- Sox Español",08/25/25,08/25/25,09:40 PM,10:40 PM,FALSE,TRUE,08/25/25,05:40 PM,06:40 PM,FREE,BUSY
08/26/25,06:40 PM,07:40 PM,Royals at White Sox,Rate Field - Chicago,"Local TV: CHSN ----- Local Radio: ESPN Chicago WMVP 1000 AM- Sox Español",08/26/25,08/26/25,09:40 PM,10:40 PM,FALSE,TRUE,08/26/25,05:40 PM,06:40 PM,FREE,BUSY
08/27/25,06:40 PM,07:40 PM,Royals at White Sox,Rate Field - Chicago,"Local TV: CHSN ----- Local Radio: ESPN Chicago WMVP 1000 AM- Sox Español",08/27/25,08/27/25,09:40 PM,10:40 PM,FALSE,TRUE,08/27/25,05:40 PM,06:40 PM,FREE,BUSY
08/28/25,06:40 PM,07:40 PM,Yankees at White Sox,Rate Field - Chicago,"Local TV: CHSN ----- Local Radio: ESPN Chicago WMVP 1000 AM- Sox Español",08/28/25,08/28/25,09:40 PM,10:40 PM,FALSE,TRUE,08/28/25,05:40 PM,06:40 PM,FREE,BUSY
08/29/25,06:40 PM,07:40 PM,Yankees at White Sox,Rate Field - Chicago,"Local TV: CHSN ----- Local Radio: ESPN Chicago WMVP 1000 AM- Sox Español",08/29/25,08/29/25,09:40 PM,10:40 PM,FALSE,TRUE,08/29/25,05:40 PM,06:40 PM,FREE,BUSY
08/30/25,06:10 PM,07:10 PM,Yankees at White Sox,Rate Field - Chicago,"Local TV: CHSN ----- Local Radio: ESPN Chicago WMVP 1000 AM- Sox Español",08/30/25,08/30/25,09:10 PM,10:10 PM,FALSE,TRUE,08/30/25,05:10 PM,06:10 PM,FREE,BUSY
08/31/25,01:10 PM,02:10 PM,Yankees at White Sox,Rate Field - Chicago,"Local TV: CHSN ----- Local Radio: ESPN Chicago WMVP 1000 AM- Sox Español",08/31/25,08/31/25,04:10 PM,05:10 PM,FALSE,TRUE,08/31/25,12:10 PM,01:10 PM,FREE,BUSY
09/01/25,01:10 PM,02:10 PM,White Sox at Twins,Target Field - Minneapolis,"Local TV: CHSN ----- Local Radio: ESPN Chicago WMVP 1000 AM",09/01/25,09/01/25,04:10 PM,05:10 PM,FALSE,TRUE,09/01/25,12:10 PM,01:10 PM,FREE,BUSY
09/02/25,06:40 PM,07:40 PM,White Sox at Twins,Target Field - Minneapolis,"Local TV: CHSN ----- Local Radio: ESPN Chicago WMVP 1000 AM",09/02/25,09/02/25,09:40 PM,10:40 PM,FALSE,TRUE,09/02/25,05:40 PM,06:40 PM,FREE,BUSY
09/03/25,06:40 PM,07:40 PM,White Sox at Twins,Target Field - Minneapolis,"Local TV: CHSN ----- Local Radio: ESPN Chicago WMVP 1000 AM",09/03/25,09/03/25,09:40 PM,10:40 PM,FALSE,TRUE,09/03/25,05:40 PM,06:40 PM,FREE,BUSY
09/04/25,06:40 PM,07:40 PM,White Sox at Twins,Target Field - Minneapolis,"Local TV: CHSN ----- Local Radio: ESPN Chicago WMVP 1000 AM",09/04/25,09/04/25,09:40 PM,10:40 PM,FALSE,TRUE,09/04/25,05:40 PM,06:40 PM,FREE,BUSY
09/05/25,05:40 PM,06:40 PM,White Sox at Tigers,Comerica Park - Detroit,"Local TV: CHSN ----- Local Radio: ESPN Chicago WMVP 1000 AM",09/05/25,09/05/25,08:40 PM,09:40 PM,FALSE,TRUE,09/05/25,04:40 PM,05:40 PM,FREE,BUSY
09/06/25,05:10 PM,06:10 PM,White Sox at Tigers,Comerica Park - Detroit,"Local TV: CHSN ----- Local Radio: ESPN Chicago WMVP 1000 AM",09/06/25,09/06/25,08:10 PM,09:10 PM,FALSE,TRUE,09/06/25,04:10 PM,05:10 PM,FREE,BUSY
09/07/25,12:40 PM,01:40 PM,White Sox at Tigers,Comerica Park - Detroit,"Local TV: CHSN ----- Local Radio: ESPN Chicago WMVP 1000 AM",09/07/25,09/07/25,03:40 PM,04:40 PM,FALSE,TRUE,09/07/25,11:40 AM,12:40 PM,FREE,BUSY
09/09/25,06:40 PM,07:40 PM,Rays at White Sox,Rate Field - Chicago,"Local TV: CHSN ----- Local Radio: ESPN Chicago WMVP 1000 AM- Sox Español",09/09/25,09/09/25,09:40 PM,10:40 PM,FALSE,TRUE,09/09/25,05:40 PM,06:40 PM,FREE,BUSY
09/10/25,06:40 PM,07:40 PM,Rays at White Sox,Rate Field - Chicago,"Local TV: CHSN ----- Local Radio: ESPN Chicago WMVP 1000 AM- Sox Español",09/10/25,09/10/25,09:40 PM,10:40 PM,FALSE,TRUE,09/10/25,05:40 PM,06:40 PM,FREE,BUSY
09/11/25,01:10 PM,02:10 PM,Rays at White Sox,Rate Field - Chicago,"Local TV: CHSN ----- Local Radio: ESPN Chicago WMVP 1000 AM- Sox Español",09/11/25,09/11/25,04:10 PM,05:10 PM,FALSE,TRUE,09/11/25,12:10 PM,01:10 PM,FREE,BUSY
09/12/25,06:10 PM,07:10 PM,White Sox at Guardians,Progressive Field - Cleveland,"Local TV: CHSN ----- Local Radio: ESPN Chicago WMVP 1000 AM",09/12/25,09/12/25,09:10 PM,10:10 PM,FALSE,TRUE,09/12/25,05:10 PM,06:10 PM,FREE,BUSY
09/13/25,05:10 PM,06:10 PM,White Sox at Guardians,Progressive Field - Cleveland,"Local TV: CHSN ----- Local Radio: ESPN Chicago WMVP 1000 AM",09/13/25,09/13/25,08:10 PM,09:10 PM,FALSE,TRUE,09/13/25,04:10 PM,05:10 PM,FREE,BUSY
09/14/25,12:40 PM,01:40 PM,White Sox at Guardians,Progressive Field - Cleveland,"Local TV: CHSN ----- Local Radio: WGN 720",09/14/25,09/14/25,03:40 PM,04:40 PM,FALSE,TRUE,09/14/25,11:40 AM,12:40 PM,FREE,BUSY
09/15/25,06:40 PM,07:40 PM,Orioles at White Sox,Rate Field - Chicago,"Local TV: CHSN ----- Local Radio: ESPN Chicago WMVP 1000 AM- Sox Español",09/15/25,09/15/25,09:40 PM,10:40 PM,FALSE,TRUE,09/15/25,05:40 PM,06:40 PM,FREE,BUSY
09/16/25,06:40 PM,07:40 PM,Orioles at White Sox,Rate Field - Chicago,"Local TV: CHSN ----- Local Radio: ESPN Chicago WMVP 1000 AM- Sox Español",09/16/25,09/16/25,09:40 PM,10:40 PM,FALSE,TRUE,09/16/25,05:40 PM,06:40 PM,FREE,BUSY
09/17/25,01:10 PM,02:10 PM,Orioles at White Sox,Rate Field - Chicago,"Local TV: CHSN ----- Local Radio: ESPN Chicago WMVP 1000 AM- Sox Español",09/17/25,09/17/25,04:10 PM,05:10 PM,FALSE,TRUE,09/17/25,12:10 PM,01:10 PM,FREE,BUSY
09/19/25,06:40 PM,07:40 PM,Padres at White Sox,Rate Field - Chicago,"Local TV: CHSN ----- Local Radio: ESPN Chicago WMVP 1000 AM- Sox Español",09/19/25,09/19/25,09:40 PM,10:40 PM,FALSE,TRUE,09/19/25,05:40 PM,06:40 PM,FREE,BUSY
09/20/25,06:10 PM,07:10 PM,Padres at White Sox,Rate Field - Chicago,"Local TV: CHSN ----- Local Radio: ESPN Chicago WMVP 1000 AM- Sox Español",09/20/25,09/20/25,09:10 PM,10:10 PM,FALSE,TRUE,09/20/25,05:10 PM,06:10 PM,FREE,BUSY
09/21/25,01:10 PM,02:10 PM,Padres at White Sox,Rate Field - Chicago,"Local TV: CHSN ----- Local Radio: WGN 720- Sox Español",09/21/25,09/21/25,04:10 PM,05:10 PM,FALSE,TRUE,09/21/25,12:10 PM,01:10 PM,FREE,BUSY
09/23/25,06:05 PM,07:05 PM,White Sox at Yankees,Yankee Stadium - Bronx,"Local TV: CHSN ----- Local Radio: ESPN Chicago WMVP 1000 AM",09/23/25,09/23/25,09:05 PM,10:05 PM,FALSE,TRUE,09/23/25,05:05 PM,06:05 PM,FREE,BUSY
09/24/25,06:05 PM,07:05 PM,White Sox at Yankees,Yankee Stadium - Bronx,"Local TV: CHSN ----- Local Radio: ESPN Chicago WMVP 1000 AM",09/24/25,09/24/25,09:05 PM,10:05 PM,FALSE,TRUE,09/24/25,05:05 PM,06:05 PM,FREE,BUSY
09/25/25,06:05 PM,07:05 PM,White Sox at Yankees,Yankee Stadium - Bronx,"Local TV: CHSN ----- Local Radio: ESPN Chicago WMVP 1000 AM",09/25/25,09/25/25,09:05 PM,10:05 PM,FALSE,TRUE,09/25/25,05:05 PM,06:05 PM,FREE,BUSY
09/26/25,05:45 PM,06:45 PM,White Sox at Nationals,Nationals Park - Washington,"Local TV: CHSN ----- Local Radio: ESPN Chicago WMVP 1000 AM",09/26/25,09/26/25,08:45 PM,09:45 PM,FALSE,TRUE,09/26/25,04:45 PM,05:45 PM,FREE,BUSY
09/27/25,03:05 PM,04:05 PM,White Sox at Nationals,Nationals Park - Washington,"Local TV: CHSN ----- Local Radio: ESPN Chicago WMVP 1000 AM",09/27/25,09/27/25,06:05 PM,07:05 PM,FALSE,TRUE,09/27/25,02:05 PM,03:05 PM,FREE,BUSY
09/28/25,02:05 PM,03:05 PM,White Sox at Nationals,Nationals Park - Washington,"Local TV: CHSN ----- Local Radio: WGN 720",09/28/25,09/28/25,05:05 PM,06:05 PM,FALSE,TRUE,09/28/25,01:05 PM,02:05 PM,FREE,BUSY
03/26/26,,,White Sox at Brewers - Time TBD,American Family Field - Milwaukee,"",03/26/26,03/26/26,,,FALSE,TRUE,03/26/26,,,FREE,BUSY
03/28/26,,,White Sox at Brewers - Time TBD,American Family Field - Milwaukee,"",03/28/26,03/28/26,,,FALSE,TRUE,03/28/26,,,FREE,BUSY
03/29/26,,,White Sox at Brewers - Time TBD,American Family Field - Milwaukee,"",03/29/26,03/29/26,,,FALSE,TRUE,03/29/26,,,FREE,BUSY
03/30/26,,,White Sox at Marlins - Time TBD,loanDepot park - Miami,"",03/30/26,03/30/26,,,FALSE,TRUE,03/30/26,,,FREE,BUSY
03/31/26,,,White Sox at Marlins - Time TBD,loanDepot park - Miami,"",03/31/26,03/31/26,,,FALSE,TRUE,03/31/26,,,FREE,BUSY
04/01/26,,,White Sox at Marlins - Time TBD,loanDepot park - Miami,"",04/01/26,04/01/26,,,FALSE,TRUE,04/01/26,,,FREE,BUSY
04/02/26,,,Blue Jays at White Sox - Time TBD,Rate Field - Chicago,"",04/02/26,04/02/26,,,FALSE,TRUE,04/02/26,,,FREE,BUSY
04/04/26,,,Blue Jays at White Sox - Time TBD,Rate Field - Chicago,"",04/04/26,04/04/26,,,FALSE,TRUE,04/04/26,,,FREE,BUSY
04/05/26,,,Blue Jays at White Sox - Time TBD,Rate Field - Chicago,"",04/05/26,04/05/26,,,FALSE,TRUE,04/05/26,,,FREE,BUSY
04/06/26,,,Orioles at White Sox - Time TBD,Rate Field - Chicago,"",04/06/26,04/06/26,,,FALSE,TRUE,04/06/26,,,FREE,BUSY
04/07/26,,,Orioles at White Sox - Time TBD,Rate Field - Chicago,"",04/07/26,04/07/26,,,FALSE,TRUE,04/07/26,,,FREE,BUSY
04/08/26,,,Orioles at White Sox - Time TBD,Rate Field - Chicago,"",04/08/26,04/08/26,,,FALSE,TRUE,04/08/26,,,FREE,BUSY
04/09/26,,,White Sox at Royals - Time TBD,Kauffman Stadium - Kansas City,"",04/09/26,04/09/26,,,FALSE,TRUE,04/09/26,,,FREE,BUSY
04/10/26,,,White Sox at Royals - Time TBD,Kauffman Stadium - Kansas City,"",04/10/26,04/10/26,,,FALSE,TRUE,04/10/26,,,FREE,BUSY
04/11/26,,,White Sox at Royals - Time TBD,Kauffman Stadium - Kansas City,"",04/11/26,04/11/26,,,FALSE,TRUE,04/11/26,,,FREE,BUSY
04/12/26,,,White Sox at Royals - Time TBD,Kauffman Stadium - Kansas City,"",04/12/26,04/12/26,,,FALSE,TRUE,04/12/26,,,FREE,BUSY
04/14/26,,,Rays at White Sox - Time TBD,Rate Field - Chicago,"",04/14/26,04/14/26,,,FALSE,TRUE,04/14/26,,,FREE,BUSY
04/15/26,,,Rays at White Sox - Time TBD,Rate Field - Chicago,"",04/15/26,04/15/26,,,FALSE,TRUE,04/15/26,,,FREE,BUSY
04/16/26,,,Rays at White Sox - Time TBD,Rate Field - Chicago,"",04/16/26,04/16/26,,,FALSE,TRUE,04/16/26,,,FREE,BUSY
04/17/26,,,White Sox at Athletics - Time TBD,Sutter Health Park - Sacramento,"",04/17/26,04/17/26,,,FALSE,TRUE,04/17/26,,,FREE,BUSY
04/18/26,,,White Sox at Athletics - Time TBD,Sutter Health Park - Sacramento,"",04/18/26,04/18/26,,,FALSE,TRUE,04/18/26,,,FREE,BUSY
04/19/26,,,White Sox at Athletics - Time TBD,Sutter Health Park - Sacramento,"",04/19/26,04/19/26,,,FALSE,TRUE,04/19/26,,,FREE,BUSY
04/21/26,,,White Sox at D-backs - Time TBD,Chase Field - Phoenix,"",04/21/26,04/21/26,,,FALSE,TRUE,04/21/26,,,FREE,BUSY
04/22/26,,,White Sox at D-backs - Time TBD,Chase Field - Phoenix,"",04/22/26,04/22/26,,,FALSE,TRUE,04/22/26,,,FREE,BUSY
04/23/26,,,White Sox at D-backs - Time TBD,Chase Field - Phoenix,"",04/23/26,04/23/26,,,FALSE,TRUE,04/23/26,,,FREE,BUSY
04/24/26,,,Nationals at White Sox - Time TBD,Rate Field - Chicago,"",04/24/26,04/24/26,,,FALSE,TRUE,04/24/26,,,FREE,BUSY
04/25/26,,,Nationals at White Sox - Time TBD,Rate Field - Chicago,"",04/25/26,04/25/26,,,FALSE,TRUE,04/25/26,,,FREE,BUSY
04/26/26,,,Nationals at White Sox - Time TBD,Rate Field - Chicago,"",04/26/26,04/26/26,,,FALSE,TRUE,04/26/26,,,FREE,BUSY
04/27/26,,,Angels at White Sox - Time TBD,Rate Field - Chicago,"",04/27/26,04/27/26,,,FALSE,TRUE,04/27/26,,,FREE,BUSY
04/28/26,,,Angels at White Sox - Time TBD,Rate Field - Chicago,"",04/28/26,04/28/26,,,FALSE,TRUE,04/28/26,,,FREE,BUSY
04/29/26,,,Angels at White Sox - Time TBD,Rate Field - Chicago,"",04/29/26,04/29/26,,,FALSE,TRUE,04/29/26,,,FREE,BUSY
05/01/26,,,White Sox at Padres - Time TBD,Petco Park - San Diego,"",05/01/26,05/01/26,,,FALSE,TRUE,05/01/26,,,FREE,BUSY
05/02/26,,,White Sox at Padres - Time TBD,Petco Park - San Diego,"",05/02/26,05/02/26,,,FALSE,TRUE,05/02/26,,,FREE,BUSY
05/03/26,,,White Sox at Padres - Time TBD,Petco Park - San Diego,"",05/03/26,05/03/26,,,FALSE,TRUE,05/03/26,,,FREE,BUSY
05/04/26,,,White Sox at Angels - Time TBD,Angel Stadium - Anaheim,"",05/04/26,05/04/26,,,FALSE,TRUE,05/04/26,,,FREE,BUSY
05/05/26,,,White Sox at Angels - Time TBD,Angel Stadium - Anaheim,"",05/05/26,05/05/26,,,FALSE,TRUE,05/05/26,,,FREE,BUSY
05/06/26,,,White Sox at Angels - Time TBD,Angel Stadium - Anaheim,"",05/06/26,05/06/26,,,FALSE,TRUE,05/06/26,,,FREE,BUSY
05/08/26,,,Mariners at White Sox - Time TBD,Rate Field - Chicago,"",05/08/26,05/08/26,,,FALSE,TRUE,05/08/26,,,FREE,BUSY
05/09/26,,,Mariners at White Sox - Time TBD,Rate Field - Chicago,"",05/09/26,05/09/26,,,FALSE,TRUE,05/09/26,,,FREE,BUSY
05/10/26,,,Mariners at White Sox - Time TBD,Rate Field - Chicago,"",05/10/26,05/10/26,,,FALSE,TRUE,05/10/26,,,FREE,BUSY
05/12/26,,,Royals at White Sox - Time TBD,Rate Field - Chicago,"",05/12/26,05/12/26,,,FALSE,TRUE,05/12/26,,,FREE,BUSY
05/13/26,,,Royals at White Sox - Time TBD,Rate Field - Chicago,"",05/13/26,05/13/26,,,FALSE,TRUE,05/13/26,,,FREE,BUSY
05/14/26,,,Royals at White Sox - Time TBD,Rate Field - Chicago,"",05/14/26,05/14/26,,,FALSE,TRUE,05/14/26,,,FREE,BUSY
05/15/26,,,Cubs at White Sox - Time TBD,Rate Field - Chicago,"",05/15/26,05/15/26,,,FALSE,TRUE,05/15/26,,,FREE,BUSY
05/16/26,,,Cubs at White Sox - Time TBD,Rate Field - Chicago,"",05/16/26,05/16/26,,,FALSE,TRUE,05/16/26,,,FREE,BUSY
05/17/26,,,Cubs at White Sox - Time TBD,Rate Field - Chicago,"",05/17/26,05/17/26,,,FALSE,TRUE,05/17/26,,,FREE,BUSY
05/18/26,,,White Sox at Mariners - Time TBD,T-Mobile Park - Seattle,"",05/18/26,05/18/26,,,FALSE,TRUE,05/18/26,,,FREE,BUSY
05/19/26,,,White Sox at Mariners - Time TBD,T-Mobile Park - Seattle,"",05/19/26,05/19/26,,,FALSE,TRUE,05/19/26,,,FREE,BUSY
05/20/26,,,White Sox at Mariners - Time TBD,T-Mobile Park - Seattle,"",05/20/26,05/20/26,,,FALSE,TRUE,05/20/26,,,FREE,BUSY
05/22/26,,,White Sox at Giants - Time TBD,Oracle Park - San Francisco,"",05/22/26,05/22/26,,,FALSE,TRUE,05/22/26,,,FREE,BUSY
05/23/26,,,White Sox at Giants - Time TBD,Oracle Park - San Francisco,"",05/23/26,05/23/26,,,FALSE,TRUE,05/23/26,,,FREE,BUSY
05/24/26,,,White Sox at Giants - Time TBD,Oracle Park - San Francisco,"",05/24/26,05/24/26,,,FALSE,TRUE,05/24/26,,,FREE,BUSY
05/25/26,,,Twins at White Sox - Time TBD,Rate Field - Chicago,"",05/25/26,05/25/26,,,FALSE,TRUE,05/25/26,,,FREE,BUSY
05/26/26,,,Twins at White Sox - Time TBD,Rate Field - Chicago,"",05/26/26,05/26/26,,,FALSE,TRUE,05/26/26,,,FREE,BUSY
05/27/26,,,Twins at White Sox - Time TBD,Rate Field - Chicago,"",05/27/26,05/27/26,,,FALSE,TRUE,05/27/26,,,FREE,BUSY
05/28/26,,,Twins at White Sox - Time TBD,Rate Field - Chicago,"",05/28/26,05/28/26,,,FALSE,TRUE,05/28/26,,,FREE,BUSY
05/29/26,,,Tigers at White Sox - Time TBD,Rate Field - Chicago,"",05/29/26,05/29/26,,,FALSE,TRUE,05/29/26,,,FREE,BUSY
05/30/26,,,Tigers at White Sox - Time TBD,Rate Field - Chicago,"",05/30/26,05/30/26,,,FALSE,TRUE,05/30/26,,,FREE,BUSY
05/31/26,,,Tigers at White Sox - Time TBD,Rate Field - Chicago,"",05/31/26,05/31/26,,,FALSE,TRUE,05/31/26,,,FREE,BUSY
06/01/26,,,White Sox at Twins - Time TBD,Target Field - Minneapolis,"",06/01/26,06/01/26,,,FALSE,TRUE,06/01/26,,,FREE,BUSY
06/02/26,,,White Sox at Twins - Time TBD,Target Field - Minneapolis,"",06/02/26,06/02/26,,,FALSE,TRUE,06/02/26,,,FREE,BUSY
06/03/26,,,White Sox at Twins - Time TBD,Target Field - Minneapolis,"",06/03/26,06/03/26,,,FALSE,TRUE,06/03/26,,,FREE,BUSY
06/05/26,,,White Sox at Phillies - Time TBD,Citizens Bank Park - Philadelphia,"",06/05/26,06/05/26,,,FALSE,TRUE,06/05/26,,,FREE,BUSY
06/06/26,,,White Sox at Phillies - Time TBD,Citizens Bank Park - Philadelphia,"",06/06/26,06/06/26,,,FALSE,TRUE,06/06/26,,,FREE,BUSY
06/07/26,,,White Sox at Phillies - Time TBD,Citizens Bank Park - Philadelphia,"",06/07/26,06/07/26,,,FALSE,TRUE,06/07/26,,,FREE,BUSY
06/09/26,,,Braves at White Sox - Time TBD,Rate Field - Chicago,"",06/09/26,06/09/26,,,FALSE,TRUE,06/09/26,,,FREE,BUSY
06/10/26,,,Braves at White Sox - Time TBD,Rate Field - Chicago,"",06/10/26,06/10/26,,,FALSE,TRUE,06/10/26,,,FREE,BUSY
06/11/26,,,Braves at White Sox - Time TBD,Rate Field - Chicago,"",06/11/26,06/11/26,,,FALSE,TRUE,06/11/26,,,FREE,BUSY
06/12/26,,,Dodgers at White Sox - Time TBD,Rate Field - Chicago,"",06/12/26,06/12/26,,,FALSE,TRUE,06/12/26,,,FREE,BUSY
06/13/26,,,Dodgers at White Sox - Time TBD,Rate Field - Chicago,"",06/13/26,06/13/26,,,FALSE,TRUE,06/13/26,,,FREE,BUSY
06/14/26,,,Dodgers at White Sox - Time TBD,Rate Field - Chicago,"",06/14/26,06/14/26,,,FALSE,TRUE,06/14/26,,,FREE,BUSY
06/16/26,,,White Sox at Yankees - Time TBD,Yankee Stadium - Bronx,"",06/16/26,06/16/26,,,FALSE,TRUE,06/16/26,,,FREE,BUSY
06/17/26,,,White Sox at Yankees - Time TBD,Yankee Stadium - Bronx,"",06/17/26,06/17/26,,,FALSE,TRUE,06/17/26,,,FREE,BUSY
06/18/26,,,White Sox at Yankees - Time TBD,Yankee Stadium - Bronx,"",06/18/26,06/18/26,,,FALSE,TRUE,06/18/26,,,FREE,BUSY
06/19/26,,,White Sox at Tigers - Time TBD,Comerica Park - Detroit,"",06/19/26,06/19/26,,,FALSE,TRUE,06/19/26,,,FREE,BUSY
06/20/26,,,White Sox at Tigers - Time TBD,Comerica Park - Detroit,"",06/20/26,06/20/26,,,FALSE,TRUE,06/20/26,,,FREE,BUSY
06/21/26,,,White Sox at Tigers - Time TBD,Comerica Park - Detroit,"",06/21/26,06/21/26,,,FALSE,TRUE,06/21/26,,,FREE,BUSY
06/22/26,,,Guardians at White Sox - Time TBD,Rate Field - Chicago,"",06/22/26,06/22/26,,,FALSE,TRUE,06/22/26,,,FREE,BUSY
06/23/26,,,Guardians at White Sox - Time TBD,Rate Field - Chicago,"",06/23/26,06/23/26,,,FALSE,TRUE,06/23/26,,,FREE,BUSY
06/24/26,,,Guardians at White Sox - Time TBD,Rate Field - Chicago,"",06/24/26,06/24/26,,,FALSE,TRUE,06/24/26,,,FREE,BUSY
06/26/26,,,Royals at White Sox - Time TBD,Rate Field - Chicago,"",06/26/26,06/26/26,,,FALSE,TRUE,06/26/26,,,FREE,BUSY
06/27/26,,,Royals at White Sox - Time TBD,Rate Field - Chicago,"",06/27/26,06/27/26,,,FALSE,TRUE,06/27/26,,,FREE,BUSY
06/28/26,,,Royals at White Sox - Time TBD,Rate Field - Chicago,"",06/28/26,06/28/26,,,FALSE,TRUE,06/28/26,,,FREE,BUSY
06/29/26,,,White Sox at Orioles - Time TBD,Oriole Park at Camden Yards - Baltimore,"",06/29/26,06/29/26,,,FALSE,TRUE,06/29/26,,,FREE,BUSY
06/30/26,,,White Sox at Orioles - Time TBD,Oriole Park at Camden Yards - Baltimore,"",06/30/26,06/30/26,,,FALSE,TRUE,06/30/26,,,FREE,BUSY
07/01/26,,,White Sox at Orioles - Time TBD,Oriole Park at Camden Yards - Baltimore,"",07/01/26,07/01/26,,,FALSE,TRUE,07/01/26,,,FREE,BUSY
07/02/26,,,White Sox at Guardians - Time TBD,Progressive Field - Cleveland,"",07/02/26,07/02/26,,,FALSE,TRUE,07/02/26,,,FREE,BUSY
07/03/26,,,White Sox at Guardians - Time TBD,Progressive Field - Cleveland,"",07/03/26,07/03/26,,,FALSE,TRUE,07/03/26,,,FREE,BUSY
07/04/26,,,White Sox at Guardians - Time TBD,Progressive Field - Cleveland,"",07/04/26,07/04/26,,,FALSE,TRUE,07/04/26,,,FREE,BUSY
07/05/26,,,White Sox at Guardians - Time TBD,Progressive Field - Cleveland,"",07/05/26,07/05/26,,,FALSE,TRUE,07/05/26,,,FREE,BUSY
07/07/26,,,Red Sox at White Sox - Time TBD,Rate Field - Chicago,"",07/07/26,07/07/26,,,FALSE,TRUE,07/07/26,,,FREE,BUSY
07/08/26,,,Red Sox at White Sox - Time TBD,Rate Field - Chicago,"",07/08/26,07/08/26,,,FALSE,TRUE,07/08/26,,,FREE,BUSY
07/09/26,,,Red Sox at White Sox - Time TBD,Rate Field - Chicago,"",07/09/26,07/09/26,,,FALSE,TRUE,07/09/26,,,FREE,BUSY
07/10/26,,,Athletics at White Sox - Time TBD,Rate Field - Chicago,"",07/10/26,07/10/26,,,FALSE,TRUE,07/10/26,,,FREE,BUSY
07/11/26,,,Athletics at White Sox - Time TBD,Rate Field - Chicago,"",07/11/26,07/11/26,,,FALSE,TRUE,07/11/26,,,FREE,BUSY
07/12/26,,,Athletics at White Sox - Time TBD,Rate Field - Chicago,"",07/12/26,07/12/26,,,FALSE,TRUE,07/12/26,,,FREE,BUSY
07/17/26,,,White Sox at Blue Jays - Time TBD,Rogers Centre - Toronto,"",07/17/26,07/17/26,,,FALSE,TRUE,07/17/26,,,FREE,BUSY
07/18/26,,,White Sox at Blue Jays - Time TBD,Rogers Centre - Toronto,"",07/18/26,07/18/26,,,FALSE,TRUE,07/18/26,,,FREE,BUSY
07/19/26,,,White Sox at Blue Jays - Time TBD,Rogers Centre - Toronto,"",07/19/26,07/19/26,,,FALSE,TRUE,07/19/26,,,FREE,BUSY
07/20/26,,,White Sox at Rangers - Time TBD,Globe Life Field - Arlington,"",07/20/26,07/20/26,,,FALSE,TRUE,07/20/26,,,FREE,BUSY
07/21/26,,,White Sox at Rangers - Time TBD,Globe Life Field - Arlington,"",07/21/26,07/21/26,,,FALSE,TRUE,07/21/26,,,FREE,BUSY
07/22/26,,,White Sox at Rangers - Time TBD,Globe Life Field - Arlington,"",07/22/26,07/22/26,,,FALSE,TRUE,07/22/26,,,FREE,BUSY
07/24/26,,,Astros at White Sox - Time TBD,Rate Field - Chicago,"",07/24/26,07/24/26,,,FALSE,TRUE,07/24/26,,,FREE,BUSY
07/25/26,,,Astros at White Sox - Time TBD,Rate Field - Chicago,"",07/25/26,07/25/26,,,FALSE,TRUE,07/25/26,,,FREE,BUSY
07/26/26,,,Astros at White Sox - Time TBD,Rate Field - Chicago,"",07/26/26,07/26/26,,,FALSE,TRUE,07/26/26,,,FREE,BUSY
07/27/26,,,Yankees at White Sox - Time TBD,Rate Field - Chicago,"",07/27/26,07/27/26,,,FALSE,TRUE,07/27/26,,,FREE,BUSY
07/28/26,,,Yankees at White Sox - Time TBD,Rate Field - Chicago,"",07/28/26,07/28/26,,,FALSE,TRUE,07/28/26,,,FREE,BUSY
07/29/26,,,Yankees at White Sox - Time TBD,Rate Field - Chicago,"",07/29/26,07/29/26,,,FALSE,TRUE,07/29/26,,,FREE,BUSY
07/30/26,,,Yankees at White Sox - Time TBD,Rate Field - Chicago,"",07/30/26,07/30/26,,,FALSE,TRUE,07/30/26,,,FREE,BUSY
07/31/26,,,White Sox at Rays - Time TBD,George M. Steinbrenner Field - Tampa,"",07/31/26,07/31/26,,,FALSE,TRUE,07/31/26,,,FREE,BUSY
08/01/26,,,White Sox at Rays - Time TBD,George M. Steinbrenner Field - Tampa,"",08/01/26,08/01/26,,,FALSE,TRUE,08/01/26,,,FREE,BUSY
08/02/26,,,White Sox at Rays - Time TBD,George M. Steinbrenner Field - Tampa,"",08/02/26,08/02/26,,,FALSE,TRUE,08/02/26,,,FREE,BUSY
08/04/26,,,White Sox at Red Sox - Time TBD,Fenway Park - Boston,"",08/04/26,08/04/26,,,FALSE,TRUE,08/04/26,,,FREE,BUSY
08/05/26,,,White Sox at Red Sox - Time TBD,Fenway Park - Boston,"",08/05/26,08/05/26,,,FALSE,TRUE,08/05/26,,,FREE,BUSY
08/06/26,,,White Sox at Red Sox - Time TBD,Fenway Park - Boston,"",08/06/26,08/06/26,,,FALSE,TRUE,08/06/26,,,FREE,BUSY
08/07/26,,,Guardians at White Sox - Time TBD,Rate Field - Chicago,"",08/07/26,08/07/26,,,FALSE,TRUE,08/07/26,,,FREE,BUSY
08/08/26,,,Guardians at White Sox - Time TBD,Rate Field - Chicago,"",08/08/26,08/08/26,,,FALSE,TRUE,08/08/26,,,FREE,BUSY
08/09/26,,,Guardians at White Sox - Time TBD,Rate Field - Chicago,"",08/09/26,08/09/26,,,FALSE,TRUE,08/09/26,,,FREE,BUSY
08/11/26,,,Reds at White Sox - Time TBD,Rate Field - Chicago,"",08/11/26,08/11/26,,,FALSE,TRUE,08/11/26,,,FREE,BUSY
08/12/26,,,Reds at White Sox - Time TBD,Rate Field - Chicago,"",08/12/26,08/12/26,,,FALSE,TRUE,08/12/26,,,FREE,BUSY
08/13/26,,,Reds at White Sox - Time TBD,Rate Field - Chicago,"",08/13/26,08/13/26,,,FALSE,TRUE,08/13/26,,,FREE,BUSY
08/14/26,,,White Sox at Tigers - Time TBD,Comerica Park - Detroit,"",08/14/26,08/14/26,,,FALSE,TRUE,08/14/26,,,FREE,BUSY
08/15/26,,,White Sox at Tigers - Time TBD,Comerica Park - Detroit,"",08/15/26,08/15/26,,,FALSE,TRUE,08/15/26,,,FREE,BUSY
08/16/26,,,White Sox at Tigers - Time TBD,Comerica Park - Detroit,"",08/16/26,08/16/26,,,FALSE,TRUE,08/16/26,,,FREE,BUSY
08/17/26,,,White Sox at Cubs - Time TBD,Wrigley Field - Chicago,"",08/17/26,08/17/26,,,FALSE,TRUE,08/17/26,,,FREE,BUSY
08/18/26,,,White Sox at Cubs - Time TBD,Wrigley Field - Chicago,"",08/18/26,08/18/26,,,FALSE,TRUE,08/18/26,,,FREE,BUSY
08/19/26,,,White Sox at Cubs - Time TBD,Wrigley Field - Chicago,"",08/19/26,08/19/26,,,FALSE,TRUE,08/19/26,,,FREE,BUSY
08/21/26,,,Mets at White Sox - Time TBD,Rate Field - Chicago,"",08/21/26,08/21/26,,,FALSE,TRUE,08/21/26,,,FREE,BUSY
08/22/26,,,Mets at White Sox - Time TBD,Rate Field - Chicago,"",08/22/26,08/22/26,,,FALSE,TRUE,08/22/26,,,FREE,BUSY
08/23/26,,,Mets at White Sox - Time TBD,Rate Field - Chicago,"",08/23/26,08/23/26,,,FALSE,TRUE,08/23/26,,,FREE,BUSY
08/24/26,,,Rangers at White Sox - Time TBD,Rate Field - Chicago,"",08/24/26,08/24/26,,,FALSE,TRUE,08/24/26,,,FREE,BUSY
08/25/26,,,Rangers at White Sox - Time TBD,Rate Field - Chicago,"",08/25/26,08/25/26,,,FALSE,TRUE,08/25/26,,,FREE,BUSY
08/26/26,,,Rangers at White Sox - Time TBD,Rate Field - Chicago,"",08/26/26,08/26/26,,,FALSE,TRUE,08/26/26,,,FREE,BUSY
08/28/26,,,White Sox at Twins - Time TBD,Target Field - Minneapolis,"",08/28/26,08/28/26,,,FALSE,TRUE,08/28/26,,,FREE,BUSY
08/29/26,,,White Sox at Twins - Time TBD,Target Field - Minneapolis,"",08/29/26,08/29/26,,,FALSE,TRUE,08/29/26,,,FREE,BUSY
08/30/26,,,White Sox at Twins - Time TBD,Target Field - Minneapolis,"",08/30/26,08/30/26,,,FALSE,TRUE,08/30/26,,,FREE,BUSY
08/31/26,,,White Sox at Astros - Time TBD,Daikin Park - Houston,"",08/31/26,08/31/26,,,FALSE,TRUE,08/31/26,,,FREE,BUSY
09/01/26,,,White Sox at Astros - Time TBD,Daikin Park - Houston,"",09/01/26,09/01/26,,,FALSE,TRUE,09/01/26,,,FREE,BUSY
09/02/26,,,White Sox at Astros - Time TBD,Daikin Park - Houston,"",09/02/26,09/02/26,,,FALSE,TRUE,09/02/26,,,FREE,BUSY
09/03/26,,,White Sox at Astros - Time TBD,Daikin Park - Houston,"",09/03/26,09/03/26,,,FALSE,TRUE,09/03/26,,,FREE,BUSY
09/04/26,,,Twins at White Sox - Time TBD,Rate Field - Chicago,"",09/04/26,09/04/26,,,FALSE,TRUE,09/04/26,,,FREE,BUSY
09/05/26,,,Twins at White Sox - Time TBD,Rate Field - Chicago,"",09/05/26,09/05/26,,,FALSE,TRUE,09/05/26,,,FREE,BUSY
09/06/26,,,Twins at White Sox - Time TBD,Rate Field - Chicago,"",09/06/26,09/06/26,,,FALSE,TRUE,09/06/26,,,FREE,BUSY
09/08/26,,,Pirates at White Sox - Time TBD,Rate Field - Chicago,"",09/08/26,09/08/26,,,FALSE,TRUE,09/08/26,,,FREE,BUSY
09/09/26,,,Pirates at White Sox - Time TBD,Rate Field - Chicago,"",09/09/26,09/09/26,,,FALSE,TRUE,09/09/26,,,FREE,BUSY
09/10/26,,,Pirates at White Sox - Time TBD,Rate Field - Chicago,"",09/10/26,09/10/26,,,FALSE,TRUE,09/10/26,,,FREE,BUSY
09/11/26,,,White Sox at Cardinals - Time TBD,Busch Stadium - St. Louis,"",09/11/26,09/11/26,,,FALSE,TRUE,09/11/26,,,FREE,BUSY
09/12/26,,,White Sox at Cardinals - Time TBD,Busch Stadium - St. Louis,"",09/12/26,09/12/26,,,FALSE,TRUE,09/12/26,,,FREE,BUSY
09/13/26,,,White Sox at Cardinals - Time TBD,Busch Stadium - St. Louis,"",09/13/26,09/13/26,,,FALSE,TRUE,09/13/26,,,FREE,BUSY
09/14/26,,,White Sox at Guardians - Time TBD,Progressive Field - Cleveland,"",09/14/26,09/14/26,,,FALSE,TRUE,09/14/26,,,FREE,BUSY
09/15/26,,,White Sox at Guardians - Time TBD,Progressive Field - Cleveland,"",09/15/26,09/15/26,,,FALSE,TRUE,09/15/26,,,FREE,BUSY
09/16/26,,,White Sox at Guardians - Time TBD,Progressive Field - Cleveland,"",09/16/26,09/16/26,,,FALSE,TRUE,09/16/26,,,FREE,BUSY
09/17/26,,,Tigers at White Sox - Time TBD,Rate Field - Chicago,"",09/17/26,09/17/26,,,FALSE,TRUE,09/17/26,,,FREE,BUSY
09/18/26,,,Tigers at White Sox - Time TBD,Rate Field - Chicago,"",09/18/26,09/18/26,,,FALSE,TRUE,09/18/26,,,FREE,BUSY
09/19/26,,,Tigers at White Sox - Time TBD,Rate Field - Chicago,"",09/19/26,09/19/26,,,FALSE,TRUE,09/19/26,,,FREE,BUSY
09/20/26,,,Tigers at White Sox - Time TBD,Rate Field - Chicago,"",09/20/26,09/20/26,,,FALSE,TRUE,09/20/26,,,FREE,BUSY
09/22/26,,,White Sox at Royals - Time TBD,Kauffman Stadium - Kansas City,"",09/22/26,09/22/26,,,FALSE,TRUE,09/22/26,,,FREE,BUSY
09/23/26,,,White Sox at Royals - Time TBD,Kauffman Stadium - Kansas City,"",09/23/26,09/23/26,,,FALSE,TRUE,09/23/26,,,FREE,BUSY
09/24/26,,,White Sox at Royals - Time TBD,Kauffman Stadium - Kansas City,"",09/24/26,09/24/26,,,FALSE,TRUE,09/24/26,,,FREE,BUSY
09/25/26,,,Rockies at White Sox - Time TBD,Rate Field - Chicago,"",09/25/26,09/25/26,,,FALSE,TRUE,09/25/26,,,FREE,BUSY
09/26/26,,,Rockies at White Sox - Time TBD,Rate Field - Chicago,"",09/26/26,09/26/26,,,FALSE,TRUE,09/26/26,,,FREE,BUSY
09/27/26,,,Rockies at White Sox - Time TBD,Rate Field - Chicago,"",09/27/26,09/27/26,,,FALSE,TRUE,09/27/26,,,FREE,BUSY
