START DATE,START TIME,START TIME ET,SUBJECT,LOCATION,DESCRIPTION,END DATE,END DATE ET,END TIME,END TIME ET,REMINDER OFF,REMINDER ON,REMINDER DATE,REMINDER TIME,REMINDER TIME ET,SHOWTIMEAS FREE,SHOWTIMEAS BUSY
02/21/25,01:05 PM,01:05 PM,Rays at Yankees,George M. Steinbrenner Field - Tampa,"Local TV: YES- MLBN (out-of-market only)",02/21/25,02/21/25,04:05 PM,04:05 PM,FALSE,TRUE,02/21/25,12:05 PM,12:05 PM,FREE,BUSY
02/22/25,01:07 PM,01:07 PM,Yankees at Blue Jays,TD Ballpark - Dunedin,"",02/22/25,02/22/25,04:07 PM,04:07 PM,FALSE,TRUE,02/22/25,12:07 PM,12:07 PM,FREE,BUSY
02/23/25,01:05 PM,01:05 PM,Tigers at Yankees,George M. Steinbrenner Field - Tampa,"Local TV: YES",02/23/25,02/23/25,04:05 PM,04:05 PM,FALSE,TRUE,02/23/25,12:05 PM,12:05 PM,FREE,BUSY
02/25/25,01:05 PM,01:05 PM,Yankees at Twins,Lee Health Sports Complex - Fort Myers,"",02/25/25,02/25/25,04:05 PM,04:05 PM,FALSE,TRUE,02/25/25,12:05 PM,12:05 PM,FREE,BUSY
02/26/25,01:05 PM,01:05 PM,Cardinals at Yankees,George M. Steinbrenner Field - Tampa,"Local TV: YES",02/26/25,02/26/25,04:05 PM,04:05 PM,FALSE,TRUE,02/26/25,12:05 PM,12:05 PM,FREE,BUSY
02/27/25,01:05 PM,01:05 PM,Yankees at Phillies,BayCare Ballpark - Clearwater,"",02/27/25,02/27/25,04:05 PM,04:05 PM,FALSE,TRUE,02/27/25,12:05 PM,12:05 PM,FREE,BUSY
02/28/25,06:35 PM,06:35 PM,Blue Jays at Yankees,George M. Steinbrenner Field - Tampa,"Local TV: YES",02/28/25,02/28/25,09:35 PM,09:35 PM,FALSE,TRUE,02/28/25,05:35 PM,05:35 PM,FREE,BUSY
03/01/25,01:05 PM,01:05 PM,Astros at Yankees,George M. Steinbrenner Field - Tampa,"Local TV: YES",03/01/25,03/01/25,04:05 PM,04:05 PM,FALSE,TRUE,03/01/25,12:05 PM,12:05 PM,FREE,BUSY
03/02/25,01:05 PM,01:05 PM,Yankees at Braves,CoolToday Park - North Port,"Local TV: MLBN (out-of-market only)",03/02/25,03/02/25,04:05 PM,04:05 PM,FALSE,TRUE,03/02/25,12:05 PM,12:05 PM,FREE,BUSY
03/03/25,06:35 PM,06:35 PM,Pirates at Yankees,George M. Steinbrenner Field - Tampa,"Local TV: YES",03/03/25,03/03/25,09:35 PM,09:35 PM,FALSE,TRUE,03/03/25,05:35 PM,05:35 PM,FREE,BUSY
03/04/25,01:05 PM,01:05 PM,Yankees at Phillies,BayCare Ballpark - Clearwater,"",03/04/25,03/04/25,04:05 PM,04:05 PM,FALSE,TRUE,03/04/25,12:05 PM,12:05 PM,FREE,BUSY
03/06/25,01:05 PM,01:05 PM,Twins at Yankees,George M. Steinbrenner Field - Tampa,"Local TV: YES- ESPN",03/06/25,03/06/25,04:05 PM,04:05 PM,FALSE,TRUE,03/06/25,12:05 PM,12:05 PM,FREE,BUSY
03/07/25,06:35 PM,06:35 PM,Blue Jays at Yankees,George M. Steinbrenner Field - Tampa,"Local TV: YES",03/07/25,03/07/25,09:35 PM,09:35 PM,FALSE,TRUE,03/07/25,05:35 PM,05:35 PM,FREE,BUSY
03/08/25,06:05 PM,06:05 PM,Yankees at Astros,CACTI Park of the Palm Beaches - West Palm Beach,"",03/08/25,03/08/25,09:05 PM,09:05 PM,FALSE,TRUE,03/08/25,05:05 PM,05:05 PM,FREE,BUSY
03/09/25,01:05 PM,01:05 PM,Yankees at Cardinals,Roger Dean Chevrolet Stadium - Jupiter,"",03/09/25,03/09/25,04:05 PM,04:05 PM,FALSE,TRUE,03/09/25,12:05 PM,12:05 PM,FREE,BUSY
03/10/25,01:05 PM,01:05 PM,Tigers at Yankees,George M. Steinbrenner Field - Tampa,"Local TV: YES",03/10/25,03/10/25,04:05 PM,04:05 PM,FALSE,TRUE,03/10/25,12:05 PM,12:05 PM,FREE,BUSY
03/11/25,01:05 PM,01:05 PM,Orioles at Yankees,George M. Steinbrenner Field - Tampa,"Local TV: YES- Gotham Sports App",03/11/25,03/11/25,04:05 PM,04:05 PM,FALSE,TRUE,03/11/25,12:05 PM,12:05 PM,FREE,BUSY
03/11/25,01:05 PM,01:05 PM,Yankees at Pirates,LECOM Park - Bradenton,"",03/11/25,03/11/25,04:05 PM,04:05 PM,FALSE,TRUE,03/11/25,12:05 PM,12:05 PM,FREE,BUSY
03/13/25,01:05 PM,01:05 PM,Yankees at Tigers,Publix Field at Joker Marchant Stadium - Lakeland,"",03/13/25,03/13/25,04:05 PM,04:05 PM,FALSE,TRUE,03/13/25,12:05 PM,12:05 PM,FREE,BUSY
03/14/25,06:35 PM,06:35 PM,Phillies at Yankees,George M. Steinbrenner Field - Tampa,"Local TV: YES ----- Local Radio: WFAN 660/101.9 FM",03/14/25,03/14/25,09:35 PM,09:35 PM,FALSE,TRUE,03/14/25,05:35 PM,05:35 PM,FREE,BUSY
03/15/25,01:05 PM,01:05 PM,Yankees at Rays,Charlotte Sports Park - Port Charlotte,"Local TV: Gotham Sports App ----- Local Radio: WFAN 660/101.9 FM",03/15/25,03/15/25,04:05 PM,04:05 PM,FALSE,TRUE,03/15/25,12:05 PM,12:05 PM,FREE,BUSY
03/16/25,01:05 PM,01:05 PM,Pirates at Yankees,George M. Steinbrenner Field - Tampa,"Local TV: YES ----- Local Radio: WFAN 660/101.9 FM",03/16/25,03/16/25,04:05 PM,04:05 PM,FALSE,TRUE,03/16/25,12:05 PM,12:05 PM,FREE,BUSY
03/16/25,01:05 PM,01:05 PM,Yankees at Rays,Charlotte Sports Park - Port Charlotte,"",03/16/25,03/16/25,04:05 PM,04:05 PM,FALSE,TRUE,03/16/25,12:05 PM,12:05 PM,FREE,BUSY
03/17/25,01:07 PM,01:07 PM,Yankees at Blue Jays,TD Ballpark - Dunedin,"Local TV: Gotham Sports App",03/17/25,03/17/25,04:07 PM,04:07 PM,FALSE,TRUE,03/17/25,12:07 PM,12:07 PM,FREE,BUSY
03/18/25,01:05 PM,01:05 PM,Red Sox at Yankees,George M. Steinbrenner Field - Tampa,"Local TV: YES",03/18/25,03/18/25,04:05 PM,04:05 PM,FALSE,TRUE,03/18/25,12:05 PM,12:05 PM,FREE,BUSY
03/19/25,01:05 PM,01:05 PM,Yankees at Phillies,BayCare Ballpark - Clearwater,"Local TV: MLBN (out-of-market only)",03/19/25,03/19/25,04:05 PM,04:05 PM,FALSE,TRUE,03/19/25,12:05 PM,12:05 PM,FREE,BUSY
03/19/25,06:35 PM,06:35 PM,Braves at Yankees,George M. Steinbrenner Field - Tampa,"Local TV: YES ----- Local Radio: WFAN 660/101.9 FM",03/19/25,03/19/25,09:35 PM,09:35 PM,FALSE,TRUE,03/19/25,05:35 PM,05:35 PM,FREE,BUSY
03/20/25,06:05 PM,06:05 PM,Yankees at Orioles,Ed Smith Stadium - Sarasota,"Local TV: Gotham Sports App",03/20/25,03/20/25,09:05 PM,09:05 PM,FALSE,TRUE,03/20/25,05:05 PM,05:05 PM,FREE,BUSY
03/21/25,06:05 PM,06:05 PM,Yankees at Tigers,Publix Field at Joker Marchant Stadium - Lakeland,"Local TV: Gotham Sports App- MLBN (out-of-market only) ----- Local Radio: WFAN 660/101.9 FM",03/21/25,03/21/25,09:05 PM,09:05 PM,FALSE,TRUE,03/21/25,05:05 PM,05:05 PM,FREE,BUSY
03/22/25,01:05 PM,01:05 PM,Phillies at Yankees,George M. Steinbrenner Field - Tampa,"Local TV: YES ----- Local Radio: WFAN 660/101.9 FM",03/22/25,03/22/25,04:05 PM,04:05 PM,FALSE,TRUE,03/22/25,12:05 PM,12:05 PM,FREE,BUSY
03/23/25,01:05 PM,01:05 PM,Rays at Yankees,George M. Steinbrenner Field - Tampa,"Local TV: YES ----- Local Radio: WFAN 660/101.9 FM",03/23/25,03/23/25,04:05 PM,04:05 PM,FALSE,TRUE,03/23/25,12:05 PM,12:05 PM,FREE,BUSY
03/24/25,01:10 PM,01:10 PM,Yankees at Mets,Clover Park - Port St. Lucie,"Local TV: MLBN (out-of-market only)",03/24/25,03/24/25,04:10 PM,04:10 PM,FALSE,TRUE,03/24/25,12:10 PM,12:10 PM,FREE,BUSY
03/25/25,01:10 PM,01:10 PM,Yankees at Marlins,loanDepot park - Miami,"",03/25/25,03/25/25,04:10 PM,04:10 PM,FALSE,TRUE,03/25/25,12:10 PM,12:10 PM,FREE,BUSY
03/27/25,03:05 PM,03:05 PM,Brewers at Yankees,Yankee Stadium - Bronx,"Local TV: ESPN ----- Local Radio: WFAN 660/101.9 FM- WADO 1280",03/27/25,03/27/25,06:05 PM,06:05 PM,FALSE,TRUE,03/27/25,02:05 PM,02:05 PM,FREE,BUSY
03/29/25,01:05 PM,01:05 PM,Brewers at Yankees,Yankee Stadium - Bronx,"Local TV: YES ----- Local Radio: WFAN 660/101.9 FM- WADO 1280",03/29/25,03/29/25,04:05 PM,04:05 PM,FALSE,TRUE,03/29/25,12:05 PM,12:05 PM,FREE,BUSY
03/30/25,01:35 PM,01:35 PM,Brewers at Yankees,Yankee Stadium - Bronx,"Local TV: YES ----- Local Radio: WFAN 660/101.9 FM- WADO 1280",03/30/25,03/30/25,04:35 PM,04:35 PM,FALSE,TRUE,03/30/25,12:35 PM,12:35 PM,FREE,BUSY
04/01/25,07:05 PM,07:05 PM,D-backs at Yankees,Yankee Stadium - Bronx,"Local TV: TBS (out-of-market only)- YES ----- Local Radio: WFAN 660/101.9 FM- WADO 1280",04/01/25,04/01/25,10:05 PM,10:05 PM,FALSE,TRUE,04/01/25,06:05 PM,06:05 PM,FREE,BUSY
04/02/25,07:05 PM,07:05 PM,D-backs at Yankees,Yankee Stadium - Bronx,"Local TV: Amazon Prime Video ----- Local Radio: WFAN 660/101.9 FM- WADO 1280",04/02/25,04/02/25,10:05 PM,10:05 PM,FALSE,TRUE,04/02/25,06:05 PM,06:05 PM,FREE,BUSY
04/03/25,07:05 PM,07:05 PM,D-backs at Yankees,Yankee Stadium - Bronx,"Local TV: YES ----- Local Radio: WFAN 660/101.9 FM- WADO 1280",04/03/25,04/03/25,10:05 PM,10:05 PM,FALSE,TRUE,04/03/25,06:05 PM,06:05 PM,FREE,BUSY
04/04/25,04:12 PM,04:12 PM,Yankees at Pirates,PNC Park - Pittsburgh,"Local TV: YES ----- Local Radio: WFAN 660/101.9 FM- WADO 1280",04/04/25,04/04/25,07:12 PM,07:12 PM,FALSE,TRUE,04/04/25,03:12 PM,03:12 PM,FREE,BUSY
04/05/25,04:05 PM,04:05 PM,Yankees at Pirates,PNC Park - Pittsburgh,"Local TV: YES ----- Local Radio: WFAN 660/101.9 FM- WADO 1280",04/05/25,04/05/25,07:05 PM,07:05 PM,FALSE,TRUE,04/05/25,03:05 PM,03:05 PM,FREE,BUSY
04/06/25,01:35 PM,01:35 PM,Yankees at Pirates,PNC Park - Pittsburgh,"Local TV: YES ----- Local Radio: WFAN 660/101.9 FM- WADO 1280",04/06/25,04/06/25,04:35 PM,04:35 PM,FALSE,TRUE,04/06/25,12:35 PM,12:35 PM,FREE,BUSY
04/07/25,03:10 PM,03:10 PM,Yankees at Tigers,Comerica Park - Detroit,"Local TV: YES ----- Local Radio: WFAN 660/101.9 FM- WADO 1280",04/07/25,04/07/25,06:10 PM,06:10 PM,FALSE,TRUE,04/07/25,02:10 PM,02:10 PM,FREE,BUSY
04/08/25,01:10 PM,01:10 PM,Yankees at Tigers,Comerica Park - Detroit,"Local TV: YES ----- Local Radio: WFAN 660/101.9 FM- WADO 1280",04/08/25,04/08/25,04:10 PM,04:10 PM,FALSE,TRUE,04/08/25,12:10 PM,12:10 PM,FREE,BUSY
04/09/25,01:10 PM,01:10 PM,Yankees at Tigers,Comerica Park - Detroit,"Local TV: Amazon Prime Video ----- Local Radio: WFAN 660/101.9 FM- WADO 1280",04/09/25,04/09/25,04:10 PM,04:10 PM,FALSE,TRUE,04/09/25,12:10 PM,12:10 PM,FREE,BUSY
04/11/25,07:05 PM,07:05 PM,Giants at Yankees,Yankee Stadium - Bronx,"Local TV: YES ----- Local Radio: WFAN 660/101.9 FM- WADO 1280",04/11/25,04/11/25,10:05 PM,10:05 PM,FALSE,TRUE,04/11/25,06:05 PM,06:05 PM,FREE,BUSY
04/12/25,03:05 PM,03:05 PM,Giants at Yankees,Yankee Stadium - Bronx,"Local TV: YES- FS1 ----- Local Radio: WFAN 660/101.9 FM- WADO 1280",04/12/25,04/12/25,06:05 PM,06:05 PM,FALSE,TRUE,04/12/25,02:05 PM,02:05 PM,FREE,BUSY
04/13/25,01:35 PM,01:35 PM,Giants at Yankees,Yankee Stadium - Bronx,"Local TV: YES ----- Local Radio: WFAN 660/101.9 FM- WADO 1280",04/13/25,04/13/25,04:35 PM,04:35 PM,FALSE,TRUE,04/13/25,12:35 PM,12:35 PM,FREE,BUSY
04/14/25,07:05 PM,07:05 PM,Royals at Yankees,Yankee Stadium - Bronx,"Local TV: YES- MLBN ----- Local Radio: WFAN 660/101.9 FM- WADO 1280",04/14/25,04/14/25,10:05 PM,10:05 PM,FALSE,TRUE,04/14/25,06:05 PM,06:05 PM,FREE,BUSY
04/15/25,07:05 PM,07:05 PM,Royals at Yankees,Yankee Stadium - Bronx,"Local TV: YES ----- Local Radio: WFAN 660/101.9 FM- WADO 1280",04/15/25,04/15/25,10:05 PM,10:05 PM,FALSE,TRUE,04/15/25,06:05 PM,06:05 PM,FREE,BUSY
04/16/25,07:05 PM,07:05 PM,Royals at Yankees,Yankee Stadium - Bronx,"Local TV: Amazon Prime Video ----- Local Radio: WFAN 660/101.9 FM- WADO 1280",04/16/25,04/16/25,10:05 PM,10:05 PM,FALSE,TRUE,04/16/25,06:05 PM,06:05 PM,FREE,BUSY
04/17/25,07:05 PM,07:05 PM,Yankees at Rays,George M. Steinbrenner Field - Tampa,"Local TV: Amazon Prime Video ----- Local Radio: WFAN 660/101.9 FM- WADO 1280",04/17/25,04/17/25,10:05 PM,10:05 PM,FALSE,TRUE,04/17/25,06:05 PM,06:05 PM,FREE,BUSY
04/18/25,07:05 PM,07:05 PM,Yankees at Rays,George M. Steinbrenner Field - Tampa,"Local TV: YES ----- Local Radio: WFAN 660/101.9 FM- WADO 1280",04/18/25,04/18/25,10:05 PM,10:05 PM,FALSE,TRUE,04/18/25,06:05 PM,06:05 PM,FREE,BUSY
04/19/25,04:10 PM,04:10 PM,Yankees at Rays,George M. Steinbrenner Field - Tampa,"Local TV: YES ----- Local Radio: WFAN 660/101.9 FM- WADO 1280",04/19/25,04/19/25,07:10 PM,07:10 PM,FALSE,TRUE,04/19/25,03:10 PM,03:10 PM,FREE,BUSY
04/20/25,01:40 PM,01:40 PM,Yankees at Rays,George M. Steinbrenner Field - Tampa,"Local TV: YES- MLBN (out-of-market only) ----- Local Radio: WFAN 660/101.9 FM- WADO 1280",04/20/25,04/20/25,04:40 PM,04:40 PM,FALSE,TRUE,04/20/25,12:40 PM,12:40 PM,FREE,BUSY
04/21/25,06:10 PM,06:10 PM,Yankees at Guardians,Progressive Field - Cleveland,"Local TV: YES ----- Local Radio: WFAN 660/101.9 FM- WADO 1280",04/21/25,04/21/25,09:10 PM,09:10 PM,FALSE,TRUE,04/21/25,05:10 PM,05:10 PM,FREE,BUSY
04/22/25,06:10 PM,06:10 PM,Yankees at Guardians,Progressive Field - Cleveland,"Local TV: YES ----- Local Radio: WFAN 660/101.9 FM- WADO 1280",04/22/25,04/22/25,09:10 PM,09:10 PM,FALSE,TRUE,04/22/25,05:10 PM,05:10 PM,FREE,BUSY
04/23/25,01:10 PM,01:10 PM,Yankees at Guardians,Progressive Field - Cleveland,"Local TV: YES ----- Local Radio: WFAN 660/101.9 FM- WADO 1280",04/23/25,04/23/25,04:10 PM,04:10 PM,FALSE,TRUE,04/23/25,12:10 PM,12:10 PM,FREE,BUSY
04/25/25,07:05 PM,07:05 PM,Blue Jays at Yankees,Yankee Stadium - Bronx,"Local TV: YES- MLBN (out-of-market only) ----- Local Radio: WFAN 660/101.9 FM- WADO 1280",04/25/25,04/25/25,10:05 PM,10:05 PM,FALSE,TRUE,04/25/25,06:05 PM,06:05 PM,FREE,BUSY
04/27/25,01:35 PM,01:35 PM,Blue Jays at Yankees,Yankee Stadium - Bronx,"Local TV: YES- MLBN (out-of-market only) ----- Local Radio: WFAN 660/101.9 FM- WADO 1280",04/27/25,04/27/25,04:35 PM,04:35 PM,FALSE,TRUE,04/27/25,12:35 PM,12:35 PM,FREE,BUSY
04/27/25,,,Blue Jays at Yankees - Time TBD,Yankee Stadium - Bronx,"Local TV: YES- MLBN (out-of-market only) ----- Local Radio: WFAN 660/101.9 FM- WADO 1280",04/27/25,04/27/25,,,FALSE,TRUE,04/27/25,,,FREE,BUSY
04/28/25,06:35 PM,06:35 PM,Yankees at Orioles,Oriole Park at Camden Yards - Baltimore,"Local TV: YES ----- Local Radio: WFAN 660/101.9 FM- WADO 1280",04/28/25,04/28/25,09:35 PM,09:35 PM,FALSE,TRUE,04/28/25,05:35 PM,05:35 PM,FREE,BUSY
04/29/25,06:35 PM,06:35 PM,Yankees at Orioles,Oriole Park at Camden Yards - Baltimore,"Local TV: YES ----- Local Radio: WFAN 660/101.9 FM- WADO 1280",04/29/25,04/29/25,09:35 PM,09:35 PM,FALSE,TRUE,04/29/25,05:35 PM,05:35 PM,FREE,BUSY
04/30/25,06:35 PM,06:35 PM,Yankees at Orioles,Oriole Park at Camden Yards - Baltimore,"Local TV: Amazon Prime Video ----- Local Radio: WFAN 660/101.9 FM- WADO 1280",04/30/25,04/30/25,09:35 PM,09:35 PM,FALSE,TRUE,04/30/25,05:35 PM,05:35 PM,FREE,BUSY
05/02/25,07:05 PM,07:05 PM,Rays at Yankees,Yankee Stadium - Bronx,"Local TV: YES- MLBN (out-of-market only) ----- Local Radio: WFAN 660/101.9 FM- WADO 1280",05/02/25,05/02/25,10:05 PM,10:05 PM,FALSE,TRUE,05/02/25,06:05 PM,06:05 PM,FREE,BUSY
05/03/25,01:05 PM,01:05 PM,Rays at Yankees,Yankee Stadium - Bronx,"Local TV: YES- MLBN (out-of-market only) ----- Local Radio: WFAN 660/101.9 FM- WADO 1280",05/03/25,05/03/25,04:05 PM,04:05 PM,FALSE,TRUE,05/03/25,12:05 PM,12:05 PM,FREE,BUSY
05/04/25,01:35 PM,01:35 PM,Rays at Yankees,Yankee Stadium - Bronx,"Local TV: YES ----- Local Radio: WFAN 660/101.9 FM- WADO 1280",05/04/25,05/04/25,04:35 PM,04:35 PM,FALSE,TRUE,05/04/25,12:35 PM,12:35 PM,FREE,BUSY
05/05/25,07:05 PM,07:05 PM,Padres at Yankees,Yankee Stadium - Bronx,"Local TV: YES- MLBN ----- Local Radio: WFAN 660/101.9 FM- WADO 1280",05/05/25,05/05/25,10:05 PM,10:05 PM,FALSE,TRUE,05/05/25,06:05 PM,06:05 PM,FREE,BUSY
05/06/25,07:05 PM,07:05 PM,Padres at Yankees,Yankee Stadium - Bronx,"Local TV: YES- TBS (out-of-market only) ----- Local Radio: WFAN 660/101.9 FM- WADO 1280",05/06/25,05/06/25,10:05 PM,10:05 PM,FALSE,TRUE,05/06/25,06:05 PM,06:05 PM,FREE,BUSY
05/07/25,07:05 PM,07:05 PM,Padres at Yankees,Yankee Stadium - Bronx,"Local TV: Amazon Prime Video- MLBN ----- Local Radio: WFAN 660/101.9 FM- WADO 1280",05/07/25,05/07/25,10:05 PM,10:05 PM,FALSE,TRUE,05/07/25,06:05 PM,06:05 PM,FREE,BUSY
05/09/25,10:05 PM,10:05 PM,Yankees at Athletics,Sutter Health Park - Sacramento,"Local TV: YES- MLBN (out-of-market only) ----- Local Radio: WFAN 660/101.9 FM- WADO 1280",05/10/25,05/10/25,01:05 AM,01:05 AM,FALSE,TRUE,05/09/25,09:05 PM,09:05 PM,FREE,BUSY
05/10/25,04:05 PM,04:05 PM,Yankees at Athletics,Sutter Health Park - Sacramento,"Local TV: YES- MLBN (out-of-market only) ----- Local Radio: WFAN 660/101.9 FM- WADO 1280",05/10/25,05/10/25,07:05 PM,07:05 PM,FALSE,TRUE,05/10/25,03:05 PM,03:05 PM,FREE,BUSY
05/11/25,04:05 PM,04:05 PM,Yankees at Athletics,Sutter Health Park - Sacramento,"Local TV: YES ----- Local Radio: WFAN 660/101.9 FM- WADO 1280",05/11/25,05/11/25,07:05 PM,07:05 PM,FALSE,TRUE,05/11/25,03:05 PM,03:05 PM,FREE,BUSY
05/12/25,09:40 PM,09:40 PM,Yankees at Mariners,T-Mobile Park - Seattle,"Local TV: YES ----- Local Radio: WFAN 660/101.9 FM- WADO 1280",05/13/25,05/13/25,12:40 AM,12:40 AM,FALSE,TRUE,05/12/25,08:40 PM,08:40 PM,FREE,BUSY
05/13/25,09:40 PM,09:40 PM,Yankees at Mariners,T-Mobile Park - Seattle,"Local TV: YES- MLBN (out-of-market only) ----- Local Radio: WFAN 660/101.9 FM- WADO 1280",05/14/25,05/14/25,12:40 AM,12:40 AM,FALSE,TRUE,05/13/25,08:40 PM,08:40 PM,FREE,BUSY
05/14/25,04:10 PM,04:10 PM,Yankees at Mariners,T-Mobile Park - Seattle,"Local TV: YES- MLBN (out-of-market only) ----- Local Radio: WFAN 660/101.9 FM- WADO 1280",05/14/25,05/14/25,07:10 PM,07:10 PM,FALSE,TRUE,05/14/25,03:10 PM,03:10 PM,FREE,BUSY
05/16/25,07:05 PM,07:05 PM,Mets at Yankees,Yankee Stadium - Bronx,"Local TV: YES ----- Local Radio: WFAN 660/101.9 FM- WADO 1280",05/16/25,05/16/25,10:05 PM,10:05 PM,FALSE,TRUE,05/16/25,06:05 PM,06:05 PM,FREE,BUSY
05/17/25,01:05 PM,01:05 PM,Mets at Yankees,Yankee Stadium - Bronx,"Local TV: YES ----- Local Radio: WFAN 660/101.9 FM- WADO 1280",05/17/25,05/17/25,04:05 PM,04:05 PM,FALSE,TRUE,05/17/25,12:05 PM,12:05 PM,FREE,BUSY
05/18/25,07:10 PM,07:10 PM,Mets at Yankees,Yankee Stadium - Bronx,"Local TV: ESPN ----- Local Radio: WFAN 660/101.9 FM- WADO 1280",05/18/25,05/18/25,10:10 PM,10:10 PM,FALSE,TRUE,05/18/25,06:10 PM,06:10 PM,FREE,BUSY
05/20/25,07:05 PM,07:05 PM,Rangers at Yankees,Yankee Stadium - Bronx,"Local TV: YES ----- Local Radio: WFAN 660/101.9 FM- WADO 1280",05/20/25,05/20/25,10:05 PM,10:05 PM,FALSE,TRUE,05/20/25,06:05 PM,06:05 PM,FREE,BUSY
05/21/25,07:05 PM,07:05 PM,Rangers at Yankees,Yankee Stadium - Bronx,"Local TV: Amazon Prime Video ----- Local Radio: WFAN 660/101.9 FM- WADO 1280",05/21/25,05/21/25,10:05 PM,10:05 PM,FALSE,TRUE,05/21/25,06:05 PM,06:05 PM,FREE,BUSY
05/22/25,12:35 PM,12:35 PM,Rangers at Yankees,Yankee Stadium - Bronx,"Local TV: YES ----- Local Radio: WFAN 660/101.9 FM- WADO 1280",05/22/25,05/22/25,03:35 PM,03:35 PM,FALSE,TRUE,05/22/25,11:35 AM,11:35 AM,FREE,BUSY
05/23/25,08:40 PM,08:40 PM,Yankees at Rockies,Coors Field - Denver,"Local TV: YES ----- Local Radio: WFAN 660/101.9 FM- WADO 1280",05/23/25,05/23/25,11:40 PM,11:40 PM,FALSE,TRUE,05/23/25,07:40 PM,07:40 PM,FREE,BUSY
05/24/25,04:10 PM,04:10 PM,Yankees at Rockies,Coors Field - Denver,"Local TV: YES ----- Local Radio: WFAN 660/101.9 FM- WADO 1280",05/24/25,05/24/25,07:10 PM,07:10 PM,FALSE,TRUE,05/24/25,03:10 PM,03:10 PM,FREE,BUSY
05/25/25,03:10 PM,03:10 PM,Yankees at Rockies,Coors Field - Denver,"Local TV: YES ----- Local Radio: WFAN 660/101.9 FM- WADO 1280",05/25/25,05/25/25,06:10 PM,06:10 PM,FALSE,TRUE,05/25/25,02:10 PM,02:10 PM,FREE,BUSY
05/26/25,09:38 PM,09:38 PM,Yankees at Angels,Angel Stadium - Anaheim,"Local TV: YES- MLBN (out-of-market only) ----- Local Radio: WFAN 660/101.9 FM- WADO 1280",05/27/25,05/27/25,12:38 AM,12:38 AM,FALSE,TRUE,05/26/25,08:38 PM,08:38 PM,FREE,BUSY
05/27/25,09:38 PM,09:38 PM,Yankees at Angels,Angel Stadium - Anaheim,"Local TV: YES ----- Local Radio: WFAN 660/101.9 FM- WADO 1280",05/28/25,05/28/25,12:38 AM,12:38 AM,FALSE,TRUE,05/27/25,08:38 PM,08:38 PM,FREE,BUSY
05/28/25,09:38 PM,09:38 PM,Yankees at Angels,Angel Stadium - Anaheim,"Local TV: YES ----- Local Radio: WFAN 660/101.9 FM- WADO 1280",05/29/25,05/29/25,12:38 AM,12:38 AM,FALSE,TRUE,05/28/25,08:38 PM,08:38 PM,FREE,BUSY
05/30/25,10:10 PM,10:10 PM,Yankees at Dodgers,Dodger Stadium - Los Angeles,"Local TV: Apple TV+ ----- Local Radio: WFAN 660/101.9 FM- WADO 1280",05/31/25,05/31/25,01:10 AM,01:10 AM,FALSE,TRUE,05/30/25,09:10 PM,09:10 PM,FREE,BUSY
05/31/25,07:15 PM,07:15 PM,Yankees at Dodgers,Dodger Stadium - Los Angeles,"Local TV: FOX ----- Local Radio: WFAN 660/101.9 FM- WADO 1280",05/31/25,05/31/25,10:15 PM,10:15 PM,FALSE,TRUE,05/31/25,06:15 PM,06:15 PM,FREE,BUSY
06/01/25,07:10 PM,07:10 PM,Yankees at Dodgers,Dodger Stadium - Los Angeles,"Local TV: ESPN ----- Local Radio: WFAN 660/101.9 FM- WADO 1280",06/01/25,06/01/25,10:10 PM,10:10 PM,FALSE,TRUE,06/01/25,06:10 PM,06:10 PM,FREE,BUSY
06/03/25,07:05 PM,07:05 PM,Guardians at Yankees,Yankee Stadium - Bronx,"Local TV: YES- TBS (out-of-market only) ----- Local Radio: WFAN 660/101.9 FM- WADO 1280",06/03/25,06/03/25,10:05 PM,10:05 PM,FALSE,TRUE,06/03/25,06:05 PM,06:05 PM,FREE,BUSY
06/04/25,07:05 PM,07:05 PM,Guardians at Yankees,Yankee Stadium - Bronx,"Local TV: Amazon Prime Video ----- Local Radio: WFAN 660/101.9 FM- WADO 1280",06/04/25,06/04/25,10:05 PM,10:05 PM,FALSE,TRUE,06/04/25,06:05 PM,06:05 PM,FREE,BUSY
06/05/25,07:05 PM,07:05 PM,Guardians at Yankees,Yankee Stadium - Bronx,"Local TV: YES- MLBN (out-of-market only) ----- Local Radio: WFAN 660/101.9 FM- WADO 1280",06/05/25,06/05/25,10:05 PM,10:05 PM,FALSE,TRUE,06/05/25,06:05 PM,06:05 PM,FREE,BUSY
06/06/25,07:05 PM,07:05 PM,Red Sox at Yankees,Yankee Stadium - Bronx,"Local TV: YES- MLBN (out-of-market only) ----- Local Radio: WFAN 660/101.9 FM- WADO 1280",06/06/25,06/06/25,10:05 PM,10:05 PM,FALSE,TRUE,06/06/25,06:05 PM,06:05 PM,FREE,BUSY
06/07/25,07:35 PM,07:35 PM,Red Sox at Yankees,Yankee Stadium - Bronx,"Local TV: FOX ----- Local Radio: WFAN 660/101.9 FM- WADO 1280",06/07/25,06/07/25,10:35 PM,10:35 PM,FALSE,TRUE,06/07/25,06:35 PM,06:35 PM,FREE,BUSY
06/08/25,07:10 PM,07:10 PM,Red Sox at Yankees,Yankee Stadium - Bronx,"Local TV: ESPN ----- Local Radio: WFAN 660/101.9 FM- WADO 1280",06/08/25,06/08/25,10:10 PM,10:10 PM,FALSE,TRUE,06/08/25,06:10 PM,06:10 PM,FREE,BUSY
06/10/25,07:40 PM,07:40 PM,Yankees at Royals,Kauffman Stadium - Kansas City,"Local TV: YES- TBS (out-of-market only) ----- Local Radio: WFAN 660/101.9 FM- WADO 1280",06/10/25,06/10/25,10:40 PM,10:40 PM,FALSE,TRUE,06/10/25,06:40 PM,06:40 PM,FREE,BUSY
06/11/25,07:40 PM,07:40 PM,Yankees at Royals,Kauffman Stadium - Kansas City,"Local TV: Amazon Prime Video- MLBN (out-of-market only) ----- Local Radio: WFAN 660/101.9 FM- WADO 1280",06/11/25,06/11/25,10:40 PM,10:40 PM,FALSE,TRUE,06/11/25,06:40 PM,06:40 PM,FREE,BUSY
06/12/25,07:40 PM,07:40 PM,Yankees at Royals,Kauffman Stadium - Kansas City,"Local TV: YES- MLBN ----- Local Radio: WFAN 660/101.9 FM- WADO 1280",06/12/25,06/12/25,10:40 PM,10:40 PM,FALSE,TRUE,06/12/25,06:40 PM,06:40 PM,FREE,BUSY
06/13/25,07:10 PM,07:10 PM,Yankees at Red Sox,Fenway Park - Boston,"Local TV: YES- MLBN (out-of-market only) ----- Local Radio: WFAN 660/101.9 FM- WADO 1280",06/13/25,06/13/25,10:10 PM,10:10 PM,FALSE,TRUE,06/13/25,06:10 PM,06:10 PM,FREE,BUSY
06/14/25,07:15 PM,07:15 PM,Yankees at Red Sox,Fenway Park - Boston,"Local TV: FOX ----- Local Radio: WFAN 660/101.9 FM- WADO 1280",06/14/25,06/14/25,10:15 PM,10:15 PM,FALSE,TRUE,06/14/25,06:15 PM,06:15 PM,FREE,BUSY
06/15/25,01:35 PM,01:35 PM,Yankees at Red Sox,Fenway Park - Boston,"Local TV: YES- MLBN (out-of-market only) ----- Local Radio: WFAN 660/101.9 FM- WADO 1280",06/15/25,06/15/25,04:35 PM,04:35 PM,FALSE,TRUE,06/15/25,12:35 PM,12:35 PM,FREE,BUSY
06/16/25,07:05 PM,07:05 PM,Angels at Yankees,Yankee Stadium - Bronx,"Local TV: YES- MLBN (out-of-market only) ----- Local Radio: WFAN 660/101.9 FM- WADO 1280",06/16/25,06/16/25,10:05 PM,10:05 PM,FALSE,TRUE,06/16/25,06:05 PM,06:05 PM,FREE,BUSY
06/17/25,07:05 PM,07:05 PM,Angels at Yankees,Yankee Stadium - Bronx,"Local TV: YES ----- Local Radio: WFAN 660/101.9 FM- WADO 1280",06/17/25,06/17/25,10:05 PM,10:05 PM,FALSE,TRUE,06/17/25,06:05 PM,06:05 PM,FREE,BUSY
06/18/25,07:05 PM,07:05 PM,Angels at Yankees,Yankee Stadium - Bronx,"Local TV: Amazon Prime Video ----- Local Radio: WFAN 660/101.9 FM- WADO 1280",06/18/25,06/18/25,10:05 PM,10:05 PM,FALSE,TRUE,06/18/25,06:05 PM,06:05 PM,FREE,BUSY
06/19/25,01:05 PM,01:05 PM,Angels at Yankees,Yankee Stadium - Bronx,"Local TV: YES- MLBN (out-of-market only) ----- Local Radio: WFAN 660/101.9 FM- WADO 1280",06/19/25,06/19/25,04:05 PM,04:05 PM,FALSE,TRUE,06/19/25,12:05 PM,12:05 PM,FREE,BUSY
06/20/25,07:05 PM,07:05 PM,Orioles at Yankees,Yankee Stadium - Bronx,"Local TV: YES- MLBN (out-of-market only) ----- Local Radio: WFAN 660/101.9 FM- WADO 1280",06/20/25,06/20/25,10:05 PM,10:05 PM,FALSE,TRUE,06/20/25,06:05 PM,06:05 PM,FREE,BUSY
06/21/25,01:05 PM,01:05 PM,Orioles at Yankees,Yankee Stadium - Bronx,"Local TV: YES ----- Local Radio: WFAN 660/101.9 FM- WADO 1280",06/21/25,06/21/25,04:05 PM,04:05 PM,FALSE,TRUE,06/21/25,12:05 PM,12:05 PM,FREE,BUSY
06/22/25,11:35 AM,11:35 AM,Orioles at Yankees,Yankee Stadium - Bronx,"Local TV: Roku ----- Local Radio: WFAN 660/101.9 FM- WADO 1280",06/22/25,06/22/25,02:35 PM,02:35 PM,FALSE,TRUE,06/22/25,10:35 AM,10:35 AM,FREE,BUSY
06/23/25,07:10 PM,07:10 PM,Yankees at Reds,Great American Ball Park - Cincinnati,"Local TV: YES ----- Local Radio: WFAN 660/101.9 FM- WADO 1280",06/23/25,06/23/25,10:10 PM,10:10 PM,FALSE,TRUE,06/23/25,06:10 PM,06:10 PM,FREE,BUSY
06/24/25,07:10 PM,07:10 PM,Yankees at Reds,Great American Ball Park - Cincinnati,"Local TV: YES ----- Local Radio: WFAN 660/101.9 FM- WADO 1280",06/24/25,06/24/25,10:10 PM,10:10 PM,FALSE,TRUE,06/24/25,06:10 PM,06:10 PM,FREE,BUSY
06/25/25,07:10 PM,07:10 PM,Yankees at Reds,Great American Ball Park - Cincinnati,"Local TV: Amazon Prime Video- MLBN (out-of-market only) ----- Local Radio: WFAN 660/101.9 FM- WADO 1280",06/25/25,06/25/25,10:10 PM,10:10 PM,FALSE,TRUE,06/25/25,06:10 PM,06:10 PM,FREE,BUSY
06/27/25,07:05 PM,07:05 PM,Athletics at Yankees,Yankee Stadium - Bronx,"Local TV: YES ----- Local Radio: WFAN 660/101.9 FM- WADO 1280",06/27/25,06/27/25,10:05 PM,10:05 PM,FALSE,TRUE,06/27/25,06:05 PM,06:05 PM,FREE,BUSY
06/28/25,01:05 PM,01:05 PM,Athletics at Yankees,Yankee Stadium - Bronx,"Local TV: YES ----- Local Radio: WFAN 660/101.9 FM- WADO 1280",06/28/25,06/28/25,04:05 PM,04:05 PM,FALSE,TRUE,06/28/25,12:05 PM,12:05 PM,FREE,BUSY
06/29/25,01:35 PM,01:35 PM,Athletics at Yankees,Yankee Stadium - Bronx,"Local TV: YES ----- Local Radio: WFAN 660/101.9 FM- WADO 1280",06/29/25,06/29/25,04:35 PM,04:35 PM,FALSE,TRUE,06/29/25,12:35 PM,12:35 PM,FREE,BUSY
06/30/25,07:07 PM,07:07 PM,Yankees at Blue Jays,Rogers Centre - Toronto,"Local TV: YES ----- Local Radio: WFAN 660/101.9 FM- WADO 1280",06/30/25,06/30/25,10:07 PM,10:07 PM,FALSE,TRUE,06/30/25,06:07 PM,06:07 PM,FREE,BUSY
07/01/25,03:07 PM,03:07 PM,Yankees at Blue Jays,Rogers Centre - Toronto,"Local TV: YES- MLBN (out-of-market only) ----- Local Radio: WFAN 660/101.9 FM- WADO 1280",07/01/25,07/01/25,06:07 PM,06:07 PM,FALSE,TRUE,07/01/25,02:07 PM,02:07 PM,FREE,BUSY
07/02/25,07:07 PM,07:07 PM,Yankees at Blue Jays,Rogers Centre - Toronto,"Local TV: Amazon Prime Video ----- Local Radio: WFAN 660/101.9 FM- WADO 1280",07/02/25,07/02/25,10:07 PM,10:07 PM,FALSE,TRUE,07/02/25,06:07 PM,06:07 PM,FREE,BUSY
07/03/25,07:07 PM,07:07 PM,Yankees at Blue Jays,Rogers Centre - Toronto,"Local TV: YES- MLBN (out-of-market only) ----- Local Radio: WFAN 660/101.9 FM- WADO 1280",07/03/25,07/03/25,10:07 PM,10:07 PM,FALSE,TRUE,07/03/25,06:07 PM,06:07 PM,FREE,BUSY
07/04/25,03:10 PM,03:10 PM,Yankees at Mets,Citi Field - Flushing,"Local TV: YES- MLBN (out-of-market only) ----- Local Radio: WFAN 660/101.9 FM- WADO 1280",07/04/25,07/04/25,06:10 PM,06:10 PM,FALSE,TRUE,07/04/25,02:10 PM,02:10 PM,FREE,BUSY
07/05/25,04:10 PM,04:10 PM,Yankees at Mets,Citi Field - Flushing,"Local TV: YES- FS1 ----- Local Radio: WFAN 660/101.9 FM- WADO 1280",07/05/25,07/05/25,07:10 PM,07:10 PM,FALSE,TRUE,07/05/25,03:10 PM,03:10 PM,FREE,BUSY
07/06/25,01:40 PM,01:40 PM,Yankees at Mets,Citi Field - Flushing,"Local TV: YES ----- Local Radio: WFAN 660/101.9 FM- WADO 1280",07/06/25,07/06/25,04:40 PM,04:40 PM,FALSE,TRUE,07/06/25,12:40 PM,12:40 PM,FREE,BUSY
07/08/25,07:05 PM,07:05 PM,Mariners at Yankees,Yankee Stadium - Bronx,"Local TV: YES ----- Local Radio: WFAN 660/101.9 FM- WADO 1280",07/08/25,07/08/25,10:05 PM,10:05 PM,FALSE,TRUE,07/08/25,06:05 PM,06:05 PM,FREE,BUSY
07/09/25,07:05 PM,07:05 PM,Mariners at Yankees,Yankee Stadium - Bronx,"Local TV: Amazon Prime Video ----- Local Radio: WFAN 660/101.9 FM- WADO 1280",07/09/25,07/09/25,10:05 PM,10:05 PM,FALSE,TRUE,07/09/25,06:05 PM,06:05 PM,FREE,BUSY
07/10/25,07:05 PM,07:05 PM,Mariners at Yankees,Yankee Stadium - Bronx,"Local TV: YES- MLBN (out-of-market only) ----- Local Radio: WFAN 660/101.9 FM- WADO 1280",07/10/25,07/10/25,10:05 PM,10:05 PM,FALSE,TRUE,07/10/25,06:05 PM,06:05 PM,FREE,BUSY
07/11/25,07:05 PM,07:05 PM,Cubs at Yankees,Yankee Stadium - Bronx,"Local TV: YES ----- Local Radio: WFAN 660/101.9 FM- WADO 1280",07/11/25,07/11/25,10:05 PM,10:05 PM,FALSE,TRUE,07/11/25,06:05 PM,06:05 PM,FREE,BUSY
07/12/25,01:05 PM,01:05 PM,Cubs at Yankees,Yankee Stadium - Bronx,"Local TV: YES- MLBN (out-of-market only) ----- Local Radio: WFAN 660/101.9 FM- WADO 1280",07/12/25,07/12/25,04:05 PM,04:05 PM,FALSE,TRUE,07/12/25,12:05 PM,12:05 PM,FREE,BUSY
07/13/25,01:35 PM,01:35 PM,Cubs at Yankees,Yankee Stadium - Bronx,"Local TV: YES- MLBN (out-of-market only) ----- Local Radio: WFAN 660/101.9 FM- WADO 1280",07/13/25,07/13/25,04:35 PM,04:35 PM,FALSE,TRUE,07/13/25,12:35 PM,12:35 PM,FREE,BUSY
07/18/25,07:15 PM,07:15 PM,Yankees at Braves,Truist Park - Atlanta,"Local TV: YES- MLBN ----- Local Radio: WFAN 660/101.9 FM- WADO 1280",07/18/25,07/18/25,10:15 PM,10:15 PM,FALSE,TRUE,07/18/25,06:15 PM,06:15 PM,FREE,BUSY
07/19/25,07:15 PM,07:15 PM,Yankees at Braves,Truist Park - Atlanta,"Local TV: YES ----- Local Radio: WFAN 660/101.9 FM- WADO 1280",07/19/25,07/19/25,10:15 PM,10:15 PM,FALSE,TRUE,07/19/25,06:15 PM,06:15 PM,FREE,BUSY
07/20/25,01:35 PM,01:35 PM,Yankees at Braves,Truist Park - Atlanta,"Local TV: YES ----- Local Radio: WFAN 660/101.9 FM- WADO 1280",07/20/25,07/20/25,04:35 PM,04:35 PM,FALSE,TRUE,07/20/25,12:35 PM,12:35 PM,FREE,BUSY
07/21/25,07:07 PM,07:07 PM,Yankees at Blue Jays,Rogers Centre - Toronto,"Local TV: YES ----- Local Radio: WFAN 660/101.9 FM- WADO 1280",07/21/25,07/21/25,10:07 PM,10:07 PM,FALSE,TRUE,07/21/25,06:07 PM,06:07 PM,FREE,BUSY
07/22/25,07:07 PM,07:07 PM,Yankees at Blue Jays,Rogers Centre - Toronto,"Local TV: YES ----- Local Radio: WFAN 660/101.9 FM- WADO 1280",07/22/25,07/22/25,10:07 PM,10:07 PM,FALSE,TRUE,07/22/25,06:07 PM,06:07 PM,FREE,BUSY
07/23/25,07:07 PM,07:07 PM,Yankees at Blue Jays,Rogers Centre - Toronto,"Local TV: Amazon Prime Video ----- Local Radio: WFAN 660/101.9 FM- WADO 1280",07/23/25,07/23/25,10:07 PM,10:07 PM,FALSE,TRUE,07/23/25,06:07 PM,06:07 PM,FREE,BUSY
07/25/25,07:05 PM,07:05 PM,Phillies at Yankees,Yankee Stadium - Bronx,"Local TV: Apple TV+ ----- Local Radio: WFAN 660/101.9 FM- WADO 1280",07/25/25,07/25/25,10:05 PM,10:05 PM,FALSE,TRUE,07/25/25,06:05 PM,06:05 PM,FREE,BUSY
07/26/25,01:05 PM,01:05 PM,Phillies at Yankees,Yankee Stadium - Bronx,"Local TV: YES- MLBN (out-of-market only) ----- Local Radio: WFAN 660/101.9 FM- WADO 1280",07/26/25,07/26/25,04:05 PM,04:05 PM,FALSE,TRUE,07/26/25,12:05 PM,12:05 PM,FREE,BUSY
07/27/25,01:35 PM,01:35 PM,Phillies at Yankees,Yankee Stadium - Bronx,"Local TV: YES ----- Local Radio: WFAN 660/101.9 FM- WADO 1280",07/27/25,07/27/25,04:35 PM,04:35 PM,FALSE,TRUE,07/27/25,12:35 PM,12:35 PM,FREE,BUSY
07/28/25,07:05 PM,07:05 PM,Rays at Yankees,Yankee Stadium - Bronx,"Local TV: YES ----- Local Radio: WFAN 660/101.9 FM- WADO 1280",07/28/25,07/28/25,10:05 PM,10:05 PM,FALSE,TRUE,07/28/25,06:05 PM,06:05 PM,FREE,BUSY
07/29/25,07:05 PM,07:05 PM,Rays at Yankees,Yankee Stadium - Bronx,"Local TV: YES- TBS ----- Local Radio: WFAN 660/101.9 FM- WADO 1280",07/29/25,07/29/25,10:05 PM,10:05 PM,FALSE,TRUE,07/29/25,06:05 PM,06:05 PM,FREE,BUSY
07/30/25,07:05 PM,07:05 PM,Rays at Yankees,Yankee Stadium - Bronx,"Local TV: Amazon Prime Video- MLBN (out-of-market only) ----- Local Radio: WFAN 660/101.9 FM- WADO 1280",07/30/25,07/30/25,10:05 PM,10:05 PM,FALSE,TRUE,07/30/25,06:05 PM,06:05 PM,FREE,BUSY
07/31/25,01:05 PM,01:05 PM,Rays at Yankees,Yankee Stadium - Bronx,"Local TV: YES ----- Local Radio: WFAN 660/101.9 FM- WADO 1280",07/31/25,07/31/25,04:05 PM,04:05 PM,FALSE,TRUE,07/31/25,12:05 PM,12:05 PM,FREE,BUSY
08/01/25,07:10 PM,07:10 PM,Yankees at Marlins,loanDepot park - Miami,"Local TV: YES ----- Local Radio: WFAN 660/101.9 FM- WADO 1280",08/01/25,08/01/25,10:10 PM,10:10 PM,FALSE,TRUE,08/01/25,06:10 PM,06:10 PM,FREE,BUSY
08/02/25,04:10 PM,04:10 PM,Yankees at Marlins,loanDepot park - Miami,"Local TV: YES ----- Local Radio: WFAN 660/101.9 FM- WADO 1280",08/02/25,08/02/25,07:10 PM,07:10 PM,FALSE,TRUE,08/02/25,03:10 PM,03:10 PM,FREE,BUSY
08/03/25,01:40 PM,01:40 PM,Yankees at Marlins,loanDepot park - Miami,"Local TV: YES ----- Local Radio: WFAN 660/101.9 FM- WADO 1280",08/03/25,08/03/25,04:40 PM,04:40 PM,FALSE,TRUE,08/03/25,12:40 PM,12:40 PM,FREE,BUSY
08/04/25,08:05 PM,08:05 PM,Yankees at Rangers,Globe Life Field - Arlington,"Local TV: YES ----- Local Radio: WFAN 660/101.9 FM- WADO 1280",08/04/25,08/04/25,11:05 PM,11:05 PM,FALSE,TRUE,08/04/25,07:05 PM,07:05 PM,FREE,BUSY
08/05/25,08:05 PM,08:05 PM,Yankees at Rangers,Globe Life Field - Arlington,"Local TV: YES ----- Local Radio: WFAN 660/101.9 FM- WADO 1280",08/05/25,08/05/25,11:05 PM,11:05 PM,FALSE,TRUE,08/05/25,07:05 PM,07:05 PM,FREE,BUSY
08/06/25,02:35 PM,02:35 PM,Yankees at Rangers,Globe Life Field - Arlington,"Local TV: YES ----- Local Radio: WFAN 660/101.9 FM- WADO 1280",08/06/25,08/06/25,05:35 PM,05:35 PM,FALSE,TRUE,08/06/25,01:35 PM,01:35 PM,FREE,BUSY
08/08/25,07:05 PM,07:05 PM,Astros at Yankees,Yankee Stadium - Bronx,"Local TV: Apple TV+ ----- Local Radio: WFAN 660/101.9 FM- WADO 1280",08/08/25,08/08/25,10:05 PM,10:05 PM,FALSE,TRUE,08/08/25,06:05 PM,06:05 PM,FREE,BUSY
08/09/25,02:05 PM,02:05 PM,Astros at Yankees,Yankee Stadium - Bronx,"Local TV: YES- MLBN (out-of-market only) ----- Local Radio: WFAN 660/101.9 FM- WADO 1280",08/09/25,08/09/25,05:05 PM,05:05 PM,FALSE,TRUE,08/09/25,01:05 PM,01:05 PM,FREE,BUSY
08/10/25,01:35 PM,01:35 PM,Astros at Yankees,Yankee Stadium - Bronx,"Local TV: YES- MLBN (out-of-market only) ----- Local Radio: WFAN 660/101.9 FM- WADO 1280",08/10/25,08/10/25,04:35 PM,04:35 PM,FALSE,TRUE,08/10/25,12:35 PM,12:35 PM,FREE,BUSY
08/11/25,07:05 PM,07:05 PM,Twins at Yankees,Yankee Stadium - Bronx,"Local TV: YES- MLBN ----- Local Radio: WFAN 660/101.9 FM- WADO 1280",08/11/25,08/11/25,10:05 PM,10:05 PM,FALSE,TRUE,08/11/25,06:05 PM,06:05 PM,FREE,BUSY
08/12/25,07:05 PM,07:05 PM,Twins at Yankees,Yankee Stadium - Bronx,"Local TV: YES ----- Local Radio: WFAN 660/101.9 FM",08/12/25,08/12/25,10:05 PM,10:05 PM,FALSE,TRUE,08/12/25,06:05 PM,06:05 PM,FREE,BUSY
08/13/25,07:05 PM,07:05 PM,Twins at Yankees,Yankee Stadium - Bronx,"Local TV: Amazon Prime Video ----- Local Radio: WFAN 660/101.9 FM- WADO 1280",08/13/25,08/13/25,10:05 PM,10:05 PM,FALSE,TRUE,08/13/25,06:05 PM,06:05 PM,FREE,BUSY
08/15/25,08:15 PM,08:15 PM,Yankees at Cardinals,Busch Stadium - St. Louis,"Local TV: YES ----- Local Radio: WFAN 660/101.9 FM- WADO 1280",08/15/25,08/15/25,11:15 PM,11:15 PM,FALSE,TRUE,08/15/25,07:15 PM,07:15 PM,FREE,BUSY
08/16/25,07:15 PM,07:15 PM,Yankees at Cardinals,Busch Stadium - St. Louis,"Local TV: FOX ----- Local Radio: WFAN 660/101.9 FM- WADO 1280",08/16/25,08/16/25,10:15 PM,10:15 PM,FALSE,TRUE,08/16/25,06:15 PM,06:15 PM,FREE,BUSY
08/17/25,02:15 PM,02:15 PM,Yankees at Cardinals,Busch Stadium - St. Louis,"Local TV: YES ----- Local Radio: WFAN 660/101.9 FM- WADO 1280",08/17/25,08/17/25,05:15 PM,05:15 PM,FALSE,TRUE,08/17/25,01:15 PM,01:15 PM,FREE,BUSY
08/19/25,07:35 PM,07:35 PM,Yankees at Rays,George M. Steinbrenner Field - Tampa,"Local TV: YES ----- Local Radio: WFAN 660/101.9 FM- WADO 1280",08/19/25,08/19/25,10:35 PM,10:35 PM,FALSE,TRUE,08/19/25,06:35 PM,06:35 PM,FREE,BUSY
08/20/25,07:35 PM,07:35 PM,Yankees at Rays,George M. Steinbrenner Field - Tampa,"Local TV: YES ----- Local Radio: WFAN 660/101.9 FM- WADO 1280",08/20/25,08/20/25,10:35 PM,10:35 PM,FALSE,TRUE,08/20/25,06:35 PM,06:35 PM,FREE,BUSY
08/21/25,07:15 PM,07:15 PM,Red Sox at Yankees,Yankee Stadium - Bronx,"Local TV: FOX ----- Local Radio: WFAN 660/101.9 FM- WADO 1280",08/21/25,08/21/25,10:15 PM,10:15 PM,FALSE,TRUE,08/21/25,06:15 PM,06:15 PM,FREE,BUSY
08/22/25,07:05 PM,07:05 PM,Red Sox at Yankees,Yankee Stadium - Bronx,"Local TV: Amazon Prime Video- MLBN (out-of-market only) ----- Local Radio: WFAN 660/101.9 FM- WADO 1280",08/22/25,08/22/25,10:05 PM,10:05 PM,FALSE,TRUE,08/22/25,06:05 PM,06:05 PM,FREE,BUSY
08/23/25,01:05 PM,01:05 PM,Red Sox at Yankees,Yankee Stadium - Bronx,"Local TV: YES- MLBN (out-of-market only) ----- Local Radio: WFAN 660/101.9 FM- WADO 1280",08/23/25,08/23/25,04:05 PM,04:05 PM,FALSE,TRUE,08/23/25,12:05 PM,12:05 PM,FREE,BUSY
08/24/25,07:10 PM,07:10 PM,Red Sox at Yankees,Yankee Stadium - Bronx,"Local TV: ESPN ----- Local Radio: WFAN 660/101.9 FM- WADO 1280",08/24/25,08/24/25,10:10 PM,10:10 PM,FALSE,TRUE,08/24/25,06:10 PM,06:10 PM,FREE,BUSY
08/25/25,07:05 PM,07:05 PM,Nationals at Yankees,Yankee Stadium - Bronx,"Local TV: YES ----- Local Radio: WFAN 660/101.9 FM- WADO 1280",08/25/25,08/25/25,10:05 PM,10:05 PM,FALSE,TRUE,08/25/25,06:05 PM,06:05 PM,FREE,BUSY
08/26/25,07:05 PM,07:05 PM,Nationals at Yankees,Yankee Stadium - Bronx,"Local TV: YES ----- Local Radio: WFAN 660/101.9 FM- WADO 1280",08/26/25,08/26/25,10:05 PM,10:05 PM,FALSE,TRUE,08/26/25,06:05 PM,06:05 PM,FREE,BUSY
08/27/25,01:05 PM,01:05 PM,Nationals at Yankees,Yankee Stadium - Bronx,"Local TV: YES- MLBN (out-of-market only) ----- Local Radio: WFAN 660/101.9 FM- WADO 1280",08/27/25,08/27/25,04:05 PM,04:05 PM,FALSE,TRUE,08/27/25,12:05 PM,12:05 PM,FREE,BUSY
08/28/25,07:40 PM,07:40 PM,Yankees at White Sox,Rate Field - Chicago,"Local TV: YES ----- Local Radio: WFAN 660/101.9 FM- WADO 1280",08/28/25,08/28/25,10:40 PM,10:40 PM,FALSE,TRUE,08/28/25,06:40 PM,06:40 PM,FREE,BUSY
08/29/25,07:40 PM,07:40 PM,Yankees at White Sox,Rate Field - Chicago,"Local TV: YES ----- Local Radio: WFAN 660/101.9 FM- WADO 1280",08/29/25,08/29/25,10:40 PM,10:40 PM,FALSE,TRUE,08/29/25,06:40 PM,06:40 PM,FREE,BUSY
08/30/25,07:10 PM,07:10 PM,Yankees at White Sox,Rate Field - Chicago,"Local TV: YES ----- Local Radio: WFAN 660/101.9 FM- WADO 1280",08/30/25,08/30/25,10:10 PM,10:10 PM,FALSE,TRUE,08/30/25,06:10 PM,06:10 PM,FREE,BUSY
08/31/25,02:10 PM,02:10 PM,Yankees at White Sox,Rate Field - Chicago,"Local TV: YES ----- Local Radio: WFAN 660/101.9 FM- WADO 1280",08/31/25,08/31/25,05:10 PM,05:10 PM,FALSE,TRUE,08/31/25,01:10 PM,01:10 PM,FREE,BUSY
09/02/25,08:10 PM,08:10 PM,Yankees at Astros,Daikin Park - Houston,"Local TV: YES- TBS ----- Local Radio: WFAN 660/101.9 FM- WADO 1280",09/02/25,09/02/25,11:10 PM,11:10 PM,FALSE,TRUE,09/02/25,07:10 PM,07:10 PM,FREE,BUSY
09/03/25,08:10 PM,08:10 PM,Yankees at Astros,Daikin Park - Houston,"Local TV: Amazon Prime Video- MLBN ----- Local Radio: WFAN 660/101.9 FM- WADO 1280",09/03/25,09/03/25,11:10 PM,11:10 PM,FALSE,TRUE,09/03/25,07:10 PM,07:10 PM,FREE,BUSY
09/04/25,07:40 PM,07:40 PM,Yankees at Astros,Daikin Park - Houston,"Local TV: YES- MLBN (out-of-market only) ----- Local Radio: WFAN 660/101.9 FM- WADO 1280",09/04/25,09/04/25,10:40 PM,10:40 PM,FALSE,TRUE,09/04/25,06:40 PM,06:40 PM,FREE,BUSY
09/05/25,07:05 PM,07:05 PM,Blue Jays at Yankees,Yankee Stadium - Bronx,"Local TV: YES- MLBN (out-of-market only) ----- Local Radio: WFAN 660/101.9 FM- WADO 1280",09/05/25,09/05/25,10:05 PM,10:05 PM,FALSE,TRUE,09/05/25,06:05 PM,06:05 PM,FREE,BUSY
09/06/25,01:05 PM,01:05 PM,Blue Jays at Yankees,Yankee Stadium - Bronx,"Local TV: YES- MLBN (out-of-market only) ----- Local Radio: WFAN 660/101.9 FM- WADO 1280",09/06/25,09/06/25,04:05 PM,04:05 PM,FALSE,TRUE,09/06/25,12:05 PM,12:05 PM,FREE,BUSY
09/07/25,01:35 PM,01:35 PM,Blue Jays at Yankees,Yankee Stadium - Bronx,"Local TV: YES ----- Local Radio: WFAN 660/101.9 FM- WADO 1280",09/07/25,09/07/25,04:35 PM,04:35 PM,FALSE,TRUE,09/07/25,12:35 PM,12:35 PM,FREE,BUSY
09/09/25,07:05 PM,07:05 PM,Tigers at Yankees,Yankee Stadium - Bronx,"Local TV: YES- TBS ----- Local Radio: WFAN 660/101.9 FM- WADO 1280",09/09/25,09/09/25,10:05 PM,10:05 PM,FALSE,TRUE,09/09/25,06:05 PM,06:05 PM,FREE,BUSY
09/10/25,07:05 PM,07:05 PM,Tigers at Yankees,Yankee Stadium - Bronx,"Local TV: Amazon Prime Video- MLBN ----- Local Radio: WFAN 660/101.9 FM- WADO 1280",09/10/25,09/10/25,10:05 PM,10:05 PM,FALSE,TRUE,09/10/25,06:05 PM,06:05 PM,FREE,BUSY
09/11/25,07:05 PM,07:05 PM,Tigers at Yankees,Yankee Stadium - Bronx,"Local TV: YES ----- Local Radio: WFAN 660/101.9 FM- WADO 1280",09/11/25,09/11/25,10:05 PM,10:05 PM,FALSE,TRUE,09/11/25,06:05 PM,06:05 PM,FREE,BUSY
09/12/25,07:10 PM,07:10 PM,Yankees at Red Sox,Fenway Park - Boston,"Local TV: Apple TV+ ----- Local Radio: WFAN 660/101.9 FM- WADO 1280",09/12/25,09/12/25,10:10 PM,10:10 PM,FALSE,TRUE,09/12/25,06:10 PM,06:10 PM,FREE,BUSY
09/13/25,04:10 PM,04:10 PM,Yankees at Red Sox,Fenway Park - Boston,"Local TV: YES- MLBN ----- Local Radio: WFAN 660/101.9 FM- WADO 1280",09/13/25,09/13/25,07:10 PM,07:10 PM,FALSE,TRUE,09/13/25,03:10 PM,03:10 PM,FREE,BUSY
09/14/25,07:10 PM,07:10 PM,Yankees at Red Sox,Fenway Park - Boston,"Local TV: ESPN ----- Local Radio: WFAN 660/101.9 FM- WADO 1280",09/14/25,09/14/25,10:10 PM,10:10 PM,FALSE,TRUE,09/14/25,06:10 PM,06:10 PM,FREE,BUSY
09/15/25,07:40 PM,07:40 PM,Yankees at Twins,Target Field - Minneapolis,"Local TV: YES ----- Local Radio: WFAN 660/101.9 FM- WADO 1280",09/15/25,09/15/25,10:40 PM,10:40 PM,FALSE,TRUE,09/15/25,06:40 PM,06:40 PM,FREE,BUSY
09/16/25,07:40 PM,07:40 PM,Yankees at Twins,Target Field - Minneapolis,"Local TV: YES ----- Local Radio: WFAN 660/101.9 FM- WADO 1280",09/16/25,09/16/25,10:40 PM,10:40 PM,FALSE,TRUE,09/16/25,06:40 PM,06:40 PM,FREE,BUSY
09/17/25,07:40 PM,07:40 PM,Yankees at Twins,Target Field - Minneapolis,"Local TV: Amazon Prime Video ----- Local Radio: WFAN 660/101.9 FM- WADO 1280",09/17/25,09/17/25,10:40 PM,10:40 PM,FALSE,TRUE,09/17/25,06:40 PM,06:40 PM,FREE,BUSY
09/18/25,07:15 PM,07:15 PM,Yankees at Orioles,Oriole Park at Camden Yards - Baltimore,"Local TV: FOX ----- Local Radio: WFAN 660/101.9 FM- WADO 1280",09/18/25,09/18/25,10:15 PM,10:15 PM,FALSE,TRUE,09/18/25,06:15 PM,06:15 PM,FREE,BUSY
09/19/25,07:05 PM,07:05 PM,Yankees at Orioles,Oriole Park at Camden Yards - Baltimore,"Local TV: YES ----- Local Radio: WFAN 660/101.9 FM- WADO 1280",09/19/25,09/19/25,10:05 PM,10:05 PM,FALSE,TRUE,09/19/25,06:05 PM,06:05 PM,FREE,BUSY
09/20/25,07:05 PM,07:05 PM,Yankees at Orioles,Oriole Park at Camden Yards - Baltimore,"Local TV: YES- MLBN (out-of-market only) ----- Local Radio: WFAN 660/101.9 FM- WADO 1280",09/20/25,09/20/25,10:05 PM,10:05 PM,FALSE,TRUE,09/20/25,06:05 PM,06:05 PM,FREE,BUSY
09/21/25,01:35 PM,01:35 PM,Yankees at Orioles,Oriole Park at Camden Yards - Baltimore,"Local TV: YES ----- Local Radio: WFAN 660/101.9 FM- WADO 1280",09/21/25,09/21/25,04:35 PM,04:35 PM,FALSE,TRUE,09/21/25,12:35 PM,12:35 PM,FREE,BUSY
09/23/25,07:05 PM,07:05 PM,White Sox at Yankees,Yankee Stadium - Bronx,"Local TV: YES ----- Local Radio: WFAN 660/101.9 FM- WADO 1280",09/23/25,09/23/25,10:05 PM,10:05 PM,FALSE,TRUE,09/23/25,06:05 PM,06:05 PM,FREE,BUSY
09/24/25,07:05 PM,07:05 PM,White Sox at Yankees,Yankee Stadium - Bronx,"Local TV: YES ----- Local Radio: WFAN 660/101.9 FM- WADO 1280",09/24/25,09/24/25,10:05 PM,10:05 PM,FALSE,TRUE,09/24/25,06:05 PM,06:05 PM,FREE,BUSY
09/25/25,07:05 PM,07:05 PM,White Sox at Yankees,Yankee Stadium - Bronx,"Local TV: YES ----- Local Radio: WFAN 660/101.9 FM- WADO 1280",09/25/25,09/25/25,10:05 PM,10:05 PM,FALSE,TRUE,09/25/25,06:05 PM,06:05 PM,FREE,BUSY
09/26/25,07:05 PM,07:05 PM,Orioles at Yankees,Yankee Stadium - Bronx,"Local TV: YES- MLBN (out-of-market only) ----- Local Radio: WFAN 660/101.9 FM- WADO 1280",09/26/25,09/26/25,10:05 PM,10:05 PM,FALSE,TRUE,09/26/25,06:05 PM,06:05 PM,FREE,BUSY
09/27/25,01:05 PM,01:05 PM,Orioles at Yankees,Yankee Stadium - Bronx,"Local TV: YES- MLBN (out-of-market only) ----- Local Radio: WFAN 660/101.9 FM- WADO 1280",09/27/25,09/27/25,04:05 PM,04:05 PM,FALSE,TRUE,09/27/25,12:05 PM,12:05 PM,FREE,BUSY
09/28/25,03:05 PM,03:05 PM,Orioles at Yankees,Yankee Stadium - Bronx,"Local TV: YES ----- Local Radio: WFAN 660/101.9 FM- WADO 1280",09/28/25,09/28/25,06:05 PM,06:05 PM,FALSE,TRUE,09/28/25,02:05 PM,02:05 PM,FREE,BUSY
09/30/25,06:08 PM,06:08 PM,Red Sox at Yankees,Yankee Stadium - Bronx,"Local TV: ESPN ----- Local Radio: WFAN 660/101.9 FM- WADO 1280- ESPN Radio",09/30/25,09/30/25,09:08 PM,09:08 PM,FALSE,TRUE,09/30/25,05:08 PM,05:08 PM,FREE,BUSY
10/01/25,06:08 PM,06:08 PM,Red Sox at Yankees,Yankee Stadium - Bronx,"Local TV: ESPN ----- Local Radio: WFAN 660/101.9 FM- WADO 1280- ESPN Radio",10/01/25,10/01/25,09:08 PM,09:08 PM,FALSE,TRUE,10/01/25,05:08 PM,05:08 PM,FREE,BUSY
10/02/25,08:08 PM,08:08 PM,Red Sox at Yankees,Yankee Stadium - Bronx,"Local TV: ESPN ----- Local Radio: WFAN 660/101.9 FM- WADO 1280- ESPN Radio",10/02/25,10/02/25,11:08 PM,11:08 PM,FALSE,TRUE,10/02/25,07:08 PM,07:08 PM,FREE,BUSY
10/04/25,04:08 PM,04:08 PM,Yankees at Blue Jays,Rogers Centre - Toronto,"Local TV: FOX ----- Local Radio: WFAN 660/101.9 FM- WADO 1280- ESPN Radio",10/04/25,10/04/25,07:08 PM,07:08 PM,FALSE,TRUE,10/04/25,03:08 PM,03:08 PM,FREE,BUSY
10/05/25,04:08 PM,04:08 PM,Yankees at Blue Jays,Rogers Centre - Toronto,"Local TV: FS1 ----- Local Radio: WFAN 660/101.9 FM- WADO 1280- ESPN Radio",10/05/25,10/05/25,07:08 PM,07:08 PM,FALSE,TRUE,10/05/25,03:08 PM,03:08 PM,FREE,BUSY
10/07/25,08:08 PM,08:08 PM,Blue Jays at Yankees,Yankee Stadium - Bronx,"Local TV: FS1 ----- Local Radio: WFAN 660/101.9 FM- WADO 1280- ESPN Radio",10/07/25,10/07/25,11:08 PM,11:08 PM,FALSE,TRUE,10/07/25,07:08 PM,07:08 PM,FREE,BUSY
10/08/25,07:08 PM,07:08 PM,Blue Jays at Yankees,Yankee Stadium - Bronx,"Local TV: FS1 ----- Local Radio: WFAN 660/101.9 FM- WADO 1280- ESPN Radio",10/08/25,10/08/25,10:08 PM,10:08 PM,FALSE,TRUE,10/08/25,06:08 PM,06:08 PM,FREE,BUSY
03/25/26,,,Yankees at Giants - Time TBD,Oracle Park - San Francisco,"",03/25/26,03/25/26,,,FALSE,TRUE,03/25/26,,,FREE,BUSY
03/27/26,,,Yankees at Giants - Time TBD,Oracle Park - San Francisco,"",03/27/26,03/27/26,,,FALSE,TRUE,03/27/26,,,FREE,BUSY
03/28/26,,,Yankees at Giants - Time TBD,Oracle Park - San Francisco,"",03/28/26,03/28/26,,,FALSE,TRUE,03/28/26,,,FREE,BUSY
03/30/26,,,Yankees at Mariners - Time TBD,T-Mobile Park - Seattle,"",03/30/26,03/30/26,,,FALSE,TRUE,03/30/26,,,FREE,BUSY
03/31/26,,,Yankees at Mariners - Time TBD,T-Mobile Park - Seattle,"",03/31/26,03/31/26,,,FALSE,TRUE,03/31/26,,,FREE,BUSY
04/01/26,,,Yankees at Mariners - Time TBD,T-Mobile Park - Seattle,"",04/01/26,04/01/26,,,FALSE,TRUE,04/01/26,,,FREE,BUSY
04/03/26,,,Marlins at Yankees - Time TBD,Yankee Stadium - Bronx,"",04/03/26,04/03/26,,,FALSE,TRUE,04/03/26,,,FREE,BUSY
04/04/26,,,Marlins at Yankees - Time TBD,Yankee Stadium - Bronx,"",04/04/26,04/04/26,,,FALSE,TRUE,04/04/26,,,FREE,BUSY
04/05/26,,,Marlins at Yankees - Time TBD,Yankee Stadium - Bronx,"",04/05/26,04/05/26,,,FALSE,TRUE,04/05/26,,,FREE,BUSY
04/07/26,,,Athletics at Yankees - Time TBD,Yankee Stadium - Bronx,"",04/07/26,04/07/26,,,FALSE,TRUE,04/07/26,,,FREE,BUSY
04/08/26,,,Athletics at Yankees - Time TBD,Yankee Stadium - Bronx,"",04/08/26,04/08/26,,,FALSE,TRUE,04/08/26,,,FREE,BUSY
04/09/26,,,Athletics at Yankees - Time TBD,Yankee Stadium - Bronx,"",04/09/26,04/09/26,,,FALSE,TRUE,04/09/26,,,FREE,BUSY
04/10/26,,,Yankees at Rays - Time TBD,George M. Steinbrenner Field - Tampa,"",04/10/26,04/10/26,,,FALSE,TRUE,04/10/26,,,FREE,BUSY
04/11/26,,,Yankees at Rays - Time TBD,George M. Steinbrenner Field - Tampa,"",04/11/26,04/11/26,,,FALSE,TRUE,04/11/26,,,FREE,BUSY
04/12/26,,,Yankees at Rays - Time TBD,George M. Steinbrenner Field - Tampa,"",04/12/26,04/12/26,,,FALSE,TRUE,04/12/26,,,FREE,BUSY
04/13/26,,,Angels at Yankees - Time TBD,Yankee Stadium - Bronx,"",04/13/26,04/13/26,,,FALSE,TRUE,04/13/26,,,FREE,BUSY
04/14/26,,,Angels at Yankees - Time TBD,Yankee Stadium - Bronx,"",04/14/26,04/14/26,,,FALSE,TRUE,04/14/26,,,FREE,BUSY
04/15/26,,,Angels at Yankees - Time TBD,Yankee Stadium - Bronx,"",04/15/26,04/15/26,,,FALSE,TRUE,04/15/26,,,FREE,BUSY
04/16/26,,,Angels at Yankees - Time TBD,Yankee Stadium - Bronx,"",04/16/26,04/16/26,,,FALSE,TRUE,04/16/26,,,FREE,BUSY
04/17/26,,,Royals at Yankees - Time TBD,Yankee Stadium - Bronx,"",04/17/26,04/17/26,,,FALSE,TRUE,04/17/26,,,FREE,BUSY
04/18/26,,,Royals at Yankees - Time TBD,Yankee Stadium - Bronx,"",04/18/26,04/18/26,,,FALSE,TRUE,04/18/26,,,FREE,BUSY
04/19/26,,,Royals at Yankees - Time TBD,Yankee Stadium - Bronx,"",04/19/26,04/19/26,,,FALSE,TRUE,04/19/26,,,FREE,BUSY
04/21/26,,,Yankees at Red Sox - Time TBD,Fenway Park - Boston,"",04/21/26,04/21/26,,,FALSE,TRUE,04/21/26,,,FREE,BUSY
04/22/26,,,Yankees at Red Sox - Time TBD,Fenway Park - Boston,"",04/22/26,04/22/26,,,FALSE,TRUE,04/22/26,,,FREE,BUSY
04/23/26,,,Yankees at Red Sox - Time TBD,Fenway Park - Boston,"",04/23/26,04/23/26,,,FALSE,TRUE,04/23/26,,,FREE,BUSY
04/24/26,,,Yankees at Astros - Time TBD,Daikin Park - Houston,"",04/24/26,04/24/26,,,FALSE,TRUE,04/24/26,,,FREE,BUSY
04/25/26,,,Yankees at Astros - Time TBD,Daikin Park - Houston,"",04/25/26,04/25/26,,,FALSE,TRUE,04/25/26,,,FREE,BUSY
04/26/26,,,Yankees at Astros - Time TBD,Daikin Park - Houston,"",04/26/26,04/26/26,,,FALSE,TRUE,04/26/26,,,FREE,BUSY
04/27/26,,,Yankees at Rangers - Time TBD,Globe Life Field - Arlington,"",04/27/26,04/27/26,,,FALSE,TRUE,04/27/26,,,FREE,BUSY
04/28/26,,,Yankees at Rangers - Time TBD,Globe Life Field - Arlington,"",04/28/26,04/28/26,,,FALSE,TRUE,04/28/26,,,FREE,BUSY
04/29/26,,,Yankees at Rangers - Time TBD,Globe Life Field - Arlington,"",04/29/26,04/29/26,,,FALSE,TRUE,04/29/26,,,FREE,BUSY
05/01/26,,,Orioles at Yankees - Time TBD,Yankee Stadium - Bronx,"",05/01/26,05/01/26,,,FALSE,TRUE,05/01/26,,,FREE,BUSY
05/02/26,,,Orioles at Yankees - Time TBD,Yankee Stadium - Bronx,"",05/02/26,05/02/26,,,FALSE,TRUE,05/02/26,,,FREE,BUSY
05/03/26,,,Orioles at Yankees - Time TBD,Yankee Stadium - Bronx,"",05/03/26,05/03/26,,,FALSE,TRUE,05/03/26,,,FREE,BUSY
05/04/26,,,Orioles at Yankees - Time TBD,Yankee Stadium - Bronx,"",05/04/26,05/04/26,,,FALSE,TRUE,05/04/26,,,FREE,BUSY
05/05/26,,,Rangers at Yankees - Time TBD,Yankee Stadium - Bronx,"",05/05/26,05/05/26,,,FALSE,TRUE,05/05/26,,,FREE,BUSY
05/06/26,,,Rangers at Yankees - Time TBD,Yankee Stadium - Bronx,"",05/06/26,05/06/26,,,FALSE,TRUE,05/06/26,,,FREE,BUSY
05/07/26,,,Rangers at Yankees - Time TBD,Yankee Stadium - Bronx,"",05/07/26,05/07/26,,,FALSE,TRUE,05/07/26,,,FREE,BUSY
05/08/26,,,Yankees at Brewers - Time TBD,American Family Field - Milwaukee,"",05/08/26,05/08/26,,,FALSE,TRUE,05/08/26,,,FREE,BUSY
05/09/26,,,Yankees at Brewers - Time TBD,American Family Field - Milwaukee,"",05/09/26,05/09/26,,,FALSE,TRUE,05/09/26,,,FREE,BUSY
05/10/26,,,Yankees at Brewers - Time TBD,American Family Field - Milwaukee,"",05/10/26,05/10/26,,,FALSE,TRUE,05/10/26,,,FREE,BUSY
05/11/26,,,Yankees at Orioles - Time TBD,Oriole Park at Camden Yards - Baltimore,"",05/11/26,05/11/26,,,FALSE,TRUE,05/11/26,,,FREE,BUSY
05/12/26,,,Yankees at Orioles - Time TBD,Oriole Park at Camden Yards - Baltimore,"",05/12/26,05/12/26,,,FALSE,TRUE,05/12/26,,,FREE,BUSY
05/13/26,,,Yankees at Orioles - Time TBD,Oriole Park at Camden Yards - Baltimore,"",05/13/26,05/13/26,,,FALSE,TRUE,05/13/26,,,FREE,BUSY
05/15/26,,,Yankees at Mets - Time TBD,Citi Field - Flushing,"",05/15/26,05/15/26,,,FALSE,TRUE,05/15/26,,,FREE,BUSY
05/16/26,,,Yankees at Mets - Time TBD,Citi Field - Flushing,"",05/16/26,05/16/26,,,FALSE,TRUE,05/16/26,,,FREE,BUSY
05/17/26,,,Yankees at Mets - Time TBD,Citi Field - Flushing,"",05/17/26,05/17/26,,,FALSE,TRUE,05/17/26,,,FREE,BUSY
05/18/26,,,Blue Jays at Yankees - Time TBD,Yankee Stadium - Bronx,"",05/18/26,05/18/26,,,FALSE,TRUE,05/18/26,,,FREE,BUSY
05/19/26,,,Blue Jays at Yankees - Time TBD,Yankee Stadium - Bronx,"",05/19/26,05/19/26,,,FALSE,TRUE,05/19/26,,,FREE,BUSY
05/20/26,,,Blue Jays at Yankees - Time TBD,Yankee Stadium - Bronx,"",05/20/26,05/20/26,,,FALSE,TRUE,05/20/26,,,FREE,BUSY
05/21/26,,,Blue Jays at Yankees - Time TBD,Yankee Stadium - Bronx,"",05/21/26,05/21/26,,,FALSE,TRUE,05/21/26,,,FREE,BUSY
05/22/26,,,Rays at Yankees - Time TBD,Yankee Stadium - Bronx,"",05/22/26,05/22/26,,,FALSE,TRUE,05/22/26,,,FREE,BUSY
05/23/26,,,Rays at Yankees - Time TBD,Yankee Stadium - Bronx,"",05/23/26,05/23/26,,,FALSE,TRUE,05/23/26,,,FREE,BUSY
05/24/26,,,Rays at Yankees - Time TBD,Yankee Stadium - Bronx,"",05/24/26,05/24/26,,,FALSE,TRUE,05/24/26,,,FREE,BUSY
05/25/26,,,Yankees at Royals - Time TBD,Kauffman Stadium - Kansas City,"",05/25/26,05/25/26,,,FALSE,TRUE,05/25/26,,,FREE,BUSY
05/26/26,,,Yankees at Royals - Time TBD,Kauffman Stadium - Kansas City,"",05/26/26,05/26/26,,,FALSE,TRUE,05/26/26,,,FREE,BUSY
05/27/26,,,Yankees at Royals - Time TBD,Kauffman Stadium - Kansas City,"",05/27/26,05/27/26,,,FALSE,TRUE,05/27/26,,,FREE,BUSY
05/29/26,,,Yankees at Athletics - Time TBD,Sutter Health Park - Sacramento,"",05/29/26,05/29/26,,,FALSE,TRUE,05/29/26,,,FREE,BUSY
05/30/26,,,Yankees at Athletics - Time TBD,Sutter Health Park - Sacramento,"",05/30/26,05/30/26,,,FALSE,TRUE,05/30/26,,,FREE,BUSY
05/31/26,,,Yankees at Athletics - Time TBD,Sutter Health Park - Sacramento,"",05/31/26,05/31/26,,,FALSE,TRUE,05/31/26,,,FREE,BUSY
06/02/26,,,Guardians at Yankees - Time TBD,Yankee Stadium - Bronx,"",06/02/26,06/02/26,,,FALSE,TRUE,06/02/26,,,FREE,BUSY
06/03/26,,,Guardians at Yankees - Time TBD,Yankee Stadium - Bronx,"",06/03/26,06/03/26,,,FALSE,TRUE,06/03/26,,,FREE,BUSY
06/04/26,,,Guardians at Yankees - Time TBD,Yankee Stadium - Bronx,"",06/04/26,06/04/26,,,FALSE,TRUE,06/04/26,,,FREE,BUSY
06/05/26,,,Red Sox at Yankees - Time TBD,Yankee Stadium - Bronx,"",06/05/26,06/05/26,,,FALSE,TRUE,06/05/26,,,FREE,BUSY
06/06/26,,,Red Sox at Yankees - Time TBD,Yankee Stadium - Bronx,"",06/06/26,06/06/26,,,FALSE,TRUE,06/06/26,,,FREE,BUSY
06/07/26,,,Red Sox at Yankees - Time TBD,Yankee Stadium - Bronx,"",06/07/26,06/07/26,,,FALSE,TRUE,06/07/26,,,FREE,BUSY
06/08/26,,,Yankees at Guardians - Time TBD,Progressive Field - Cleveland,"",06/08/26,06/08/26,,,FALSE,TRUE,06/08/26,,,FREE,BUSY
06/09/26,,,Yankees at Guardians - Time TBD,Progressive Field - Cleveland,"",06/09/26,06/09/26,,,FALSE,TRUE,06/09/26,,,FREE,BUSY
06/10/26,,,Yankees at Guardians - Time TBD,Progressive Field - Cleveland,"",06/10/26,06/10/26,,,FALSE,TRUE,06/10/26,,,FREE,BUSY
06/12/26,,,Yankees at Blue Jays - Time TBD,Rogers Centre - Toronto,"",06/12/26,06/12/26,,,FALSE,TRUE,06/12/26,,,FREE,BUSY
06/13/26,,,Yankees at Blue Jays - Time TBD,Rogers Centre - Toronto,"",06/13/26,06/13/26,,,FALSE,TRUE,06/13/26,,,FREE,BUSY
06/14/26,,,Yankees at Blue Jays - Time TBD,Rogers Centre - Toronto,"",06/14/26,06/14/26,,,FALSE,TRUE,06/14/26,,,FREE,BUSY
06/16/26,,,White Sox at Yankees - Time TBD,Yankee Stadium - Bronx,"",06/16/26,06/16/26,,,FALSE,TRUE,06/16/26,,,FREE,BUSY
06/17/26,,,White Sox at Yankees - Time TBD,Yankee Stadium - Bronx,"",06/17/26,06/17/26,,,FALSE,TRUE,06/17/26,,,FREE,BUSY
06/18/26,,,White Sox at Yankees - Time TBD,Yankee Stadium - Bronx,"",06/18/26,06/18/26,,,FALSE,TRUE,06/18/26,,,FREE,BUSY
06/19/26,,,Reds at Yankees - Time TBD,Yankee Stadium - Bronx,"",06/19/26,06/19/26,,,FALSE,TRUE,06/19/26,,,FREE,BUSY
06/20/26,,,Reds at Yankees - Time TBD,Yankee Stadium - Bronx,"",06/20/26,06/20/26,,,FALSE,TRUE,06/20/26,,,FREE,BUSY
06/21/26,,,Reds at Yankees - Time TBD,Yankee Stadium - Bronx,"",06/21/26,06/21/26,,,FALSE,TRUE,06/21/26,,,FREE,BUSY
06/22/26,,,Yankees at Tigers - Time TBD,Comerica Park - Detroit,"",06/22/26,06/22/26,,,FALSE,TRUE,06/22/26,,,FREE,BUSY
06/23/26,,,Yankees at Tigers - Time TBD,Comerica Park - Detroit,"",06/23/26,06/23/26,,,FALSE,TRUE,06/23/26,,,FREE,BUSY
06/24/26,,,Yankees at Tigers - Time TBD,Comerica Park - Detroit,"",06/24/26,06/24/26,,,FALSE,TRUE,06/24/26,,,FREE,BUSY
06/25/26,,,Yankees at Red Sox - Time TBD,Fenway Park - Boston,"",06/25/26,06/25/26,,,FALSE,TRUE,06/25/26,,,FREE,BUSY
06/26/26,,,Yankees at Red Sox - Time TBD,Fenway Park - Boston,"",06/26/26,06/26/26,,,FALSE,TRUE,06/26/26,,,FREE,BUSY
06/27/26,,,Yankees at Red Sox - Time TBD,Fenway Park - Boston,"",06/27/26,06/27/26,,,FALSE,TRUE,06/27/26,,,FREE,BUSY
06/28/26,,,Yankees at Red Sox - Time TBD,Fenway Park - Boston,"",06/28/26,06/28/26,,,FALSE,TRUE,06/28/26,,,FREE,BUSY
06/29/26,,,Tigers at Yankees - Time TBD,Yankee Stadium - Bronx,"",06/29/26,06/29/26,,,FALSE,TRUE,06/29/26,,,FREE,BUSY
06/30/26,,,Tigers at Yankees - Time TBD,Yankee Stadium - Bronx,"",06/30/26,06/30/26,,,FALSE,TRUE,06/30/26,,,FREE,BUSY
07/01/26,,,Tigers at Yankees - Time TBD,Yankee Stadium - Bronx,"",07/01/26,07/01/26,,,FALSE,TRUE,07/01/26,,,FREE,BUSY
07/03/26,,,Twins at Yankees - Time TBD,Yankee Stadium - Bronx,"",07/03/26,07/03/26,,,FALSE,TRUE,07/03/26,,,FREE,BUSY
07/04/26,,,Twins at Yankees - Time TBD,Yankee Stadium - Bronx,"",07/04/26,07/04/26,,,FALSE,TRUE,07/04/26,,,FREE,BUSY
07/05/26,,,Twins at Yankees - Time TBD,Yankee Stadium - Bronx,"",07/05/26,07/05/26,,,FALSE,TRUE,07/05/26,,,FREE,BUSY
07/06/26,,,Yankees at Rays - Time TBD,George M. Steinbrenner Field - Tampa,"",07/06/26,07/06/26,,,FALSE,TRUE,07/06/26,,,FREE,BUSY
07/07/26,,,Yankees at Rays - Time TBD,George M. Steinbrenner Field - Tampa,"",07/07/26,07/07/26,,,FALSE,TRUE,07/07/26,,,FREE,BUSY
07/08/26,,,Yankees at Rays - Time TBD,George M. Steinbrenner Field - Tampa,"",07/08/26,07/08/26,,,FALSE,TRUE,07/08/26,,,FREE,BUSY
07/09/26,,,Yankees at Rays - Time TBD,George M. Steinbrenner Field - Tampa,"",07/09/26,07/09/26,,,FALSE,TRUE,07/09/26,,,FREE,BUSY
07/10/26,,,Yankees at Nationals - Time TBD,Nationals Park - Washington,"",07/10/26,07/10/26,,,FALSE,TRUE,07/10/26,,,FREE,BUSY
07/11/26,,,Yankees at Nationals - Time TBD,Nationals Park - Washington,"",07/11/26,07/11/26,,,FALSE,TRUE,07/11/26,,,FREE,BUSY
07/12/26,,,Yankees at Nationals - Time TBD,Nationals Park - Washington,"",07/12/26,07/12/26,,,FALSE,TRUE,07/12/26,,,FREE,BUSY
07/17/26,,,Dodgers at Yankees - Time TBD,Yankee Stadium - Bronx,"",07/17/26,07/17/26,,,FALSE,TRUE,07/17/26,,,FREE,BUSY
07/18/26,,,Dodgers at Yankees - Time TBD,Yankee Stadium - Bronx,"",07/18/26,07/18/26,,,FALSE,TRUE,07/18/26,,,FREE,BUSY
07/19/26,,,Dodgers at Yankees - Time TBD,Yankee Stadium - Bronx,"",07/19/26,07/19/26,,,FALSE,TRUE,07/19/26,,,FREE,BUSY
07/20/26,,,Pirates at Yankees - Time TBD,Yankee Stadium - Bronx,"",07/20/26,07/20/26,,,FALSE,TRUE,07/20/26,,,FREE,BUSY
07/21/26,,,Pirates at Yankees - Time TBD,Yankee Stadium - Bronx,"",07/21/26,07/21/26,,,FALSE,TRUE,07/21/26,,,FREE,BUSY
07/22/26,,,Pirates at Yankees - Time TBD,Yankee Stadium - Bronx,"",07/22/26,07/22/26,,,FALSE,TRUE,07/22/26,,,FREE,BUSY
07/24/26,,,Yankees at Phillies - Time TBD,Citizens Bank Park - Philadelphia,"",07/24/26,07/24/26,,,FALSE,TRUE,07/24/26,,,FREE,BUSY
07/25/26,,,Yankees at Phillies - Time TBD,Citizens Bank Park - Philadelphia,"",07/25/26,07/25/26,,,FALSE,TRUE,07/25/26,,,FREE,BUSY
07/26/26,,,Yankees at Phillies - Time TBD,Citizens Bank Park - Philadelphia,"",07/26/26,07/26/26,,,FALSE,TRUE,07/26/26,,,FREE,BUSY
07/27/26,,,Yankees at White Sox - Time TBD,Rate Field - Chicago,"",07/27/26,07/27/26,,,FALSE,TRUE,07/27/26,,,FREE,BUSY
07/28/26,,,Yankees at White Sox - Time TBD,Rate Field - Chicago,"",07/28/26,07/28/26,,,FALSE,TRUE,07/28/26,,,FREE,BUSY
07/29/26,,,Yankees at White Sox - Time TBD,Rate Field - Chicago,"",07/29/26,07/29/26,,,FALSE,TRUE,07/29/26,,,FREE,BUSY
07/30/26,,,Yankees at White Sox - Time TBD,Rate Field - Chicago,"",07/30/26,07/30/26,,,FALSE,TRUE,07/30/26,,,FREE,BUSY
07/31/26,,,Yankees at Cubs - Time TBD,Wrigley Field - Chicago,"",07/31/26,07/31/26,,,FALSE,TRUE,07/31/26,,,FREE,BUSY
08/01/26,,,Yankees at Cubs - Time TBD,Wrigley Field - Chicago,"",08/01/26,08/01/26,,,FALSE,TRUE,08/01/26,,,FREE,BUSY
08/02/26,,,Yankees at Cubs - Time TBD,Wrigley Field - Chicago,"",08/02/26,08/02/26,,,FALSE,TRUE,08/02/26,,,FREE,BUSY
08/03/26,,,Cardinals at Yankees - Time TBD,Yankee Stadium - Bronx,"",08/03/26,08/03/26,,,FALSE,TRUE,08/03/26,,,FREE,BUSY
08/04/26,,,Cardinals at Yankees - Time TBD,Yankee Stadium - Bronx,"",08/04/26,08/04/26,,,FALSE,TRUE,08/04/26,,,FREE,BUSY
08/05/26,,,Cardinals at Yankees - Time TBD,Yankee Stadium - Bronx,"",08/05/26,08/05/26,,,FALSE,TRUE,08/05/26,,,FREE,BUSY
08/07/26,,,Braves at Yankees - Time TBD,Yankee Stadium - Bronx,"",08/07/26,08/07/26,,,FALSE,TRUE,08/07/26,,,FREE,BUSY
08/08/26,,,Braves at Yankees - Time TBD,Yankee Stadium - Bronx,"",08/08/26,08/08/26,,,FALSE,TRUE,08/08/26,,,FREE,BUSY
08/09/26,,,Braves at Yankees - Time TBD,Yankee Stadium - Bronx,"",08/09/26,08/09/26,,,FALSE,TRUE,08/09/26,,,FREE,BUSY
08/11/26,,,Mariners at Yankees - Time TBD,Yankee Stadium - Bronx,"",08/11/26,08/11/26,,,FALSE,TRUE,08/11/26,,,FREE,BUSY
08/12/26,,,Mariners at Yankees - Time TBD,Yankee Stadium - Bronx,"",08/12/26,08/12/26,,,FALSE,TRUE,08/12/26,,,FREE,BUSY
08/13/26,,,Mariners at Yankees - Time TBD,Yankee Stadium - Bronx,"",08/13/26,08/13/26,,,FALSE,TRUE,08/13/26,,,FREE,BUSY
08/14/26,,,Yankees at Blue Jays - Time TBD,Rogers Centre - Toronto,"",08/14/26,08/14/26,,,FALSE,TRUE,08/14/26,,,FREE,BUSY
08/15/26,,,Yankees at Blue Jays - Time TBD,Rogers Centre - Toronto,"",08/15/26,08/15/26,,,FALSE,TRUE,08/15/26,,,FREE,BUSY
08/16/26,,,Yankees at Blue Jays - Time TBD,Rogers Centre - Toronto,"",08/16/26,08/16/26,,,FALSE,TRUE,08/16/26,,,FREE,BUSY
08/18/26,,,Yankees at Orioles - Time TBD,Oriole Park at Camden Yards - Baltimore,"",08/18/26,08/18/26,,,FALSE,TRUE,08/18/26,,,FREE,BUSY
08/19/26,,,Yankees at Orioles - Time TBD,Oriole Park at Camden Yards - Baltimore,"",08/19/26,08/19/26,,,FALSE,TRUE,08/19/26,,,FREE,BUSY
08/20/26,,,Yankees at Orioles - Time TBD,Oriole Park at Camden Yards - Baltimore,"",08/20/26,08/20/26,,,FALSE,TRUE,08/20/26,,,FREE,BUSY
08/21/26,,,Blue Jays at Yankees - Time TBD,Yankee Stadium - Bronx,"",08/21/26,08/21/26,,,FALSE,TRUE,08/21/26,,,FREE,BUSY
08/22/26,,,Blue Jays at Yankees - Time TBD,Yankee Stadium - Bronx,"",08/22/26,08/22/26,,,FALSE,TRUE,08/22/26,,,FREE,BUSY
08/23/26,,,Blue Jays at Yankees - Time TBD,Yankee Stadium - Bronx,"",08/23/26,08/23/26,,,FALSE,TRUE,08/23/26,,,FREE,BUSY
08/25/26,,,Astros at Yankees - Time TBD,Yankee Stadium - Bronx,"",08/25/26,08/25/26,,,FALSE,TRUE,08/25/26,,,FREE,BUSY
08/26/26,,,Astros at Yankees - Time TBD,Yankee Stadium - Bronx,"",08/26/26,08/26/26,,,FALSE,TRUE,08/26/26,,,FREE,BUSY
08/27/26,,,Astros at Yankees - Time TBD,Yankee Stadium - Bronx,"",08/27/26,08/27/26,,,FALSE,TRUE,08/27/26,,,FREE,BUSY
08/28/26,,,Red Sox at Yankees - Time TBD,Yankee Stadium - Bronx,"",08/28/26,08/28/26,,,FALSE,TRUE,08/28/26,,,FREE,BUSY
08/29/26,,,Red Sox at Yankees - Time TBD,Yankee Stadium - Bronx,"",08/29/26,08/29/26,,,FALSE,TRUE,08/29/26,,,FREE,BUSY
08/30/26,,,Red Sox at Yankees - Time TBD,Yankee Stadium - Bronx,"",08/30/26,08/30/26,,,FALSE,TRUE,08/30/26,,,FREE,BUSY
08/31/26,,,Yankees at Angels - Time TBD,Angel Stadium - Anaheim,"",08/31/26,08/31/26,,,FALSE,TRUE,08/31/26,,,FREE,BUSY
09/01/26,,,Yankees at Angels - Time TBD,Angel Stadium - Anaheim,"",09/01/26,09/01/26,,,FALSE,TRUE,09/01/26,,,FREE,BUSY
09/02/26,,,Yankees at Angels - Time TBD,Angel Stadium - Anaheim,"",09/02/26,09/02/26,,,FALSE,TRUE,09/02/26,,,FREE,BUSY
09/04/26,,,Yankees at Padres - Time TBD,Petco Park - San Diego,"",09/04/26,09/04/26,,,FALSE,TRUE,09/04/26,,,FREE,BUSY
09/05/26,,,Yankees at Padres - Time TBD,Petco Park - San Diego,"",09/05/26,09/05/26,,,FALSE,TRUE,09/05/26,,,FREE,BUSY
09/06/26,,,Yankees at Padres - Time TBD,Petco Park - San Diego,"",09/06/26,09/06/26,,,FALSE,TRUE,09/06/26,,,FREE,BUSY
09/08/26,,,Rockies at Yankees - Time TBD,Yankee Stadium - Bronx,"",09/08/26,09/08/26,,,FALSE,TRUE,09/08/26,,,FREE,BUSY
09/09/26,,,Rockies at Yankees - Time TBD,Yankee Stadium - Bronx,"",09/09/26,09/09/26,,,FALSE,TRUE,09/09/26,,,FREE,BUSY
09/10/26,,,Rockies at Yankees - Time TBD,Yankee Stadium - Bronx,"",09/10/26,09/10/26,,,FALSE,TRUE,09/10/26,,,FREE,BUSY
09/11/26,,,Mets at Yankees - Time TBD,Yankee Stadium - Bronx,"",09/11/26,09/11/26,,,FALSE,TRUE,09/11/26,,,FREE,BUSY
09/12/26,,,Mets at Yankees - Time TBD,Yankee Stadium - Bronx,"",09/12/26,09/12/26,,,FALSE,TRUE,09/12/26,,,FREE,BUSY
09/13/26,,,Mets at Yankees - Time TBD,Yankee Stadium - Bronx,"",09/13/26,09/13/26,,,FALSE,TRUE,09/13/26,,,FREE,BUSY
09/14/26,,,Yankees at Twins - Time TBD,Target Field - Minneapolis,"",09/14/26,09/14/26,,,FALSE,TRUE,09/14/26,,,FREE,BUSY
09/15/26,,,Yankees at Twins - Time TBD,Target Field - Minneapolis,"",09/15/26,09/15/26,,,FALSE,TRUE,09/15/26,,,FREE,BUSY
09/16/26,,,Yankees at Twins - Time TBD,Target Field - Minneapolis,"",09/16/26,09/16/26,,,FALSE,TRUE,09/16/26,,,FREE,BUSY
09/18/26,,,Yankees at D-backs - Time TBD,Chase Field - Phoenix,"",09/18/26,09/18/26,,,FALSE,TRUE,09/18/26,,,FREE,BUSY
09/19/26,,,Yankees at D-backs - Time TBD,Chase Field - Phoenix,"",09/19/26,09/19/26,,,FALSE,TRUE,09/19/26,,,FREE,BUSY
09/20/26,,,Yankees at D-backs - Time TBD,Chase Field - Phoenix,"",09/20/26,09/20/26,,,FALSE,TRUE,09/20/26,,,FREE,BUSY
09/22/26,,,Rays at Yankees - Time TBD,Yankee Stadium - Bronx,"",09/22/26,09/22/26,,,FALSE,TRUE,09/22/26,,,FREE,BUSY
09/23/26,,,Rays at Yankees - Time TBD,Yankee Stadium - Bronx,"",09/23/26,09/23/26,,,FALSE,TRUE,09/23/26,,,FREE,BUSY
09/24/26,,,Rays at Yankees - Time TBD,Yankee Stadium - Bronx,"",09/24/26,09/24/26,,,FALSE,TRUE,09/24/26,,,FREE,BUSY
09/25/26,,,Orioles at Yankees - Time TBD,Yankee Stadium - Bronx,"",09/25/26,09/25/26,,,FALSE,TRUE,09/25/26,,,FREE,BUSY
09/26/26,,,Orioles at Yankees - Time TBD,Yankee Stadium - Bronx,"",09/26/26,09/26/26,,,FALSE,TRUE,09/26/26,,,FREE,BUSY
09/27/26,,,Orioles at Yankees - Time TBD,Yankee Stadium - Bronx,"",09/27/26,09/27/26,,,FALSE,TRUE,09/27/26,,,FREE,BUSY
