START DATE,START TIME,START TIME ET,SUBJECT,LOCATION,DESCRIPTION,END DATE,END DATE ET,END TIME,END TIME ET,REMINDER OFF,REMINDER ON,REMINDER DATE,REMINDER TIME,REMINDER TIME ET,SHOWTIMEAS FREE,SHOWTIMEAS BUSY
02/21/26,01:05 PM,01:05 PM,Nationals at Cardinals,Roger Dean Chevrolet Stadium - Jupiter,"",02/21/26,02/21/26,04:05 PM,04:05 PM,FALSE,TRUE,02/21/26,12:05 PM,12:05 PM,FREE,BUSY
02/22/26,12:05 PM,01:05 PM,Cardinals at Astros,CACTI Park of the Palm Beaches - West Palm Beach,"",02/22/26,02/22/26,03:05 PM,04:05 PM,FALSE,TRUE,02/22/26,11:05 AM,12:05 PM,FREE,BUSY
02/23/26,01:05 PM,01:05 PM,Marlins at Cardinals,Roger Dean Chevrolet Stadium - Jupiter,"",02/23/26,02/23/26,04:05 PM,04:05 PM,FALSE,TRUE,02/23/26,12:05 PM,12:05 PM,FREE,BUSY
02/24/26,05:05 PM,06:05 PM,Cardinals at Nationals,CACTI Park of the Palm Beaches - West Palm Beach,"",02/24/26,02/24/26,08:05 PM,09:05 PM,FALSE,TRUE,02/24/26,04:05 PM,05:05 PM,FREE,BUSY
02/25/26,12:10 PM,01:10 PM,Cardinals at Mets,Clover Park - Port St. Lucie,"",02/25/26,02/25/26,03:10 PM,04:10 PM,FALSE,TRUE,02/25/26,11:10 AM,12:10 PM,FREE,BUSY
02/26/26,01:05 PM,01:05 PM,Astros at Cardinals,Roger Dean Chevrolet Stadium - Jupiter,"",02/26/26,02/26/26,04:05 PM,04:05 PM,FALSE,TRUE,02/26/26,12:05 PM,12:05 PM,FREE,BUSY
02/27/26,01:05 PM,01:05 PM,Mets at Cardinals,Roger Dean Chevrolet Stadium - Jupiter,"",02/27/26,02/27/26,04:05 PM,04:05 PM,FALSE,TRUE,02/27/26,12:05 PM,12:05 PM,FREE,BUSY
02/28/26,12:10 PM,01:10 PM,Cardinals at Marlins,Roger Dean Chevrolet Stadium - Jupiter,"",02/28/26,02/28/26,03:10 PM,04:10 PM,FALSE,TRUE,02/28/26,11:10 AM,12:10 PM,FREE,BUSY
03/01/26,01:05 PM,01:05 PM,Pirates at Cardinals,Roger Dean Chevrolet Stadium - Jupiter,"",03/01/26,03/01/26,04:05 PM,04:05 PM,FALSE,TRUE,03/01/26,12:05 PM,12:05 PM,FREE,BUSY
03/02/26,01:05 PM,01:05 PM,Marlins at Cardinals,Roger Dean Chevrolet Stadium - Jupiter,"",03/02/26,03/02/26,04:05 PM,04:05 PM,FALSE,TRUE,03/02/26,12:05 PM,12:05 PM,FREE,BUSY
03/04/26,01:05 PM,01:05 PM,Nicaragua at Cardinals,Roger Dean Chevrolet Stadium - Jupiter,"",03/04/26,03/04/26,04:05 PM,04:05 PM,FALSE,TRUE,03/04/26,12:05 PM,12:05 PM,FREE,BUSY
03/05/26,12:05 PM,01:05 PM,Cardinals at Pirates,LECOM Park - Bradenton,"",03/05/26,03/05/26,03:05 PM,04:05 PM,FALSE,TRUE,03/05/26,11:05 AM,12:05 PM,FREE,BUSY
03/06/26,12:05 PM,01:05 PM,Cardinals at Orioles,Ed Smith Stadium - Sarasota,"",03/06/26,03/06/26,03:05 PM,04:05 PM,FALSE,TRUE,03/06/26,11:05 AM,12:05 PM,FREE,BUSY
03/07/26,01:05 PM,01:05 PM,Mets at Cardinals,Roger Dean Chevrolet Stadium - Jupiter,"",03/07/26,03/07/26,04:05 PM,04:05 PM,FALSE,TRUE,03/07/26,12:05 PM,12:05 PM,FREE,BUSY
03/08/26,12:10 PM,01:10 PM,Cardinals at Marlins,Roger Dean Chevrolet Stadium - Jupiter,"",03/08/26,03/08/26,03:10 PM,04:10 PM,FALSE,TRUE,03/08/26,11:10 AM,12:10 PM,FREE,BUSY
03/09/26,12:05 PM,01:05 PM,Cardinals at Astros,CACTI Park of the Palm Beaches - West Palm Beach,"",03/09/26,03/09/26,03:05 PM,04:05 PM,FALSE,TRUE,03/09/26,11:05 AM,12:05 PM,FREE,BUSY
03/09/26,01:05 PM,01:05 PM,Orioles at Cardinals,Roger Dean Chevrolet Stadium - Jupiter,"",03/09/26,03/09/26,04:05 PM,04:05 PM,FALSE,TRUE,03/09/26,12:05 PM,12:05 PM,FREE,BUSY
03/10/26,12:10 PM,01:10 PM,Cardinals at Mets,Clover Park - Port St. Lucie,"",03/10/26,03/10/26,03:10 PM,04:10 PM,FALSE,TRUE,03/10/26,11:10 AM,12:10 PM,FREE,BUSY
03/11/26,12:05 PM,01:05 PM,Cardinals at Nationals,CACTI Park of the Palm Beaches - West Palm Beach,"",03/11/26,03/11/26,03:05 PM,04:05 PM,FALSE,TRUE,03/11/26,11:05 AM,12:05 PM,FREE,BUSY
03/12/26,01:05 PM,01:05 PM,Mets at Cardinals,Roger Dean Chevrolet Stadium - Jupiter,"",03/12/26,03/12/26,04:05 PM,04:05 PM,FALSE,TRUE,03/12/26,12:05 PM,12:05 PM,FREE,BUSY
03/13/26,06:05 PM,06:05 PM,Astros at Cardinals,Roger Dean Chevrolet Stadium - Jupiter,"",03/13/26,03/13/26,09:05 PM,09:05 PM,FALSE,TRUE,03/13/26,05:05 PM,05:05 PM,FREE,BUSY
03/14/26,12:10 PM,01:10 PM,Cardinals at Marlins,Roger Dean Chevrolet Stadium - Jupiter,"",03/14/26,03/14/26,03:10 PM,04:10 PM,FALSE,TRUE,03/14/26,11:10 AM,12:10 PM,FREE,BUSY
03/15/26,01:05 PM,01:05 PM,Nationals at Cardinals,Roger Dean Chevrolet Stadium - Jupiter,"",03/15/26,03/15/26,04:05 PM,04:05 PM,FALSE,TRUE,03/15/26,12:05 PM,12:05 PM,FREE,BUSY
03/17/26,12:05 PM,01:05 PM,Cardinals at Nationals,CACTI Park of the Palm Beaches - West Palm Beach,"",03/17/26,03/17/26,03:05 PM,04:05 PM,FALSE,TRUE,03/17/26,11:05 AM,12:05 PM,FREE,BUSY
03/18/26,01:05 PM,01:05 PM,Astros at Cardinals,Roger Dean Chevrolet Stadium - Jupiter,"",03/18/26,03/18/26,04:05 PM,04:05 PM,FALSE,TRUE,03/18/26,12:05 PM,12:05 PM,FREE,BUSY
03/19/26,01:05 PM,01:05 PM,Nationals at Cardinals,Roger Dean Chevrolet Stadium - Jupiter,"",03/19/26,03/19/26,04:05 PM,04:05 PM,FALSE,TRUE,03/19/26,12:05 PM,12:05 PM,FREE,BUSY
03/20/26,12:10 PM,01:10 PM,Cardinals at Mets,Clover Park - Port St. Lucie,"",03/20/26,03/20/26,03:10 PM,04:10 PM,FALSE,TRUE,03/20/26,11:10 AM,12:10 PM,FREE,BUSY
03/21/26,01:05 PM,01:05 PM,Marlins at Cardinals,Roger Dean Chevrolet Stadium - Jupiter,"",03/21/26,03/21/26,04:05 PM,04:05 PM,FALSE,TRUE,03/21/26,12:05 PM,12:05 PM,FREE,BUSY
03/22/26,11:05 AM,12:05 PM,Cardinals at Astros,CACTI Park of the Palm Beaches - West Palm Beach,"",03/22/26,03/22/26,02:05 PM,03:05 PM,FALSE,TRUE,03/22/26,10:05 AM,11:05 AM,FREE,BUSY
03/23/26,06:05 PM,07:05 PM,Cardinals at Cardinals,Hammons Field - Springfield,"",03/23/26,03/23/26,09:05 PM,10:05 PM,FALSE,TRUE,03/23/26,05:05 PM,06:05 PM,FREE,BUSY
03/26/26,03:15 PM,04:15 PM,Rays at Cardinals,Busch Stadium - St. Louis,"",03/26/26,03/26/26,06:15 PM,07:15 PM,FALSE,TRUE,03/26/26,02:15 PM,03:15 PM,FREE,BUSY
03/28/26,01:15 PM,02:15 PM,Rays at Cardinals,Busch Stadium - St. Louis,"",03/28/26,03/28/26,04:15 PM,05:15 PM,FALSE,TRUE,03/28/26,12:15 PM,01:15 PM,FREE,BUSY
03/29/26,01:15 PM,02:15 PM,Rays at Cardinals,Busch Stadium - St. Louis,"",03/29/26,03/29/26,04:15 PM,05:15 PM,FALSE,TRUE,03/29/26,12:15 PM,01:15 PM,FREE,BUSY
03/30/26,06:45 PM,07:45 PM,Mets at Cardinals,Busch Stadium - St. Louis,"",03/30/26,03/30/26,09:45 PM,10:45 PM,FALSE,TRUE,03/30/26,05:45 PM,06:45 PM,FREE,BUSY
03/31/26,06:45 PM,07:45 PM,Mets at Cardinals,Busch Stadium - St. Louis,"",03/31/26,03/31/26,09:45 PM,10:45 PM,FALSE,TRUE,03/31/26,05:45 PM,06:45 PM,FREE,BUSY
04/01/26,12:15 PM,01:15 PM,Mets at Cardinals,Busch Stadium - St. Louis,"",04/01/26,04/01/26,03:15 PM,04:15 PM,FALSE,TRUE,04/01/26,11:15 AM,12:15 PM,FREE,BUSY
04/03/26,12:10 PM,01:10 PM,Cardinals at Tigers,Comerica Park - Detroit,"",04/03/26,04/03/26,03:10 PM,04:10 PM,FALSE,TRUE,04/03/26,11:10 AM,12:10 PM,FREE,BUSY
04/04/26,12:10 PM,01:10 PM,Cardinals at Tigers,Comerica Park - Detroit,"",04/04/26,04/04/26,03:10 PM,04:10 PM,FALSE,TRUE,04/04/26,11:10 AM,12:10 PM,FREE,BUSY
04/05/26,06:20 PM,07:20 PM,Cardinals at Tigers,Comerica Park - Detroit,"Local TV: Peacock",04/05/26,04/05/26,09:20 PM,10:20 PM,FALSE,TRUE,04/05/26,05:20 PM,06:20 PM,FREE,BUSY
04/06/26,05:45 PM,06:45 PM,Cardinals at Nationals,Nationals Park - Washington,"",04/06/26,04/06/26,08:45 PM,09:45 PM,FALSE,TRUE,04/06/26,04:45 PM,05:45 PM,FREE,BUSY
04/07/26,05:45 PM,06:45 PM,Cardinals at Nationals,Nationals Park - Washington,"",04/07/26,04/07/26,08:45 PM,09:45 PM,FALSE,TRUE,04/07/26,04:45 PM,05:45 PM,FREE,BUSY
04/08/26,03:05 PM,04:05 PM,Cardinals at Nationals,Nationals Park - Washington,"",04/08/26,04/08/26,06:05 PM,07:05 PM,FALSE,TRUE,04/08/26,02:05 PM,03:05 PM,FREE,BUSY
04/10/26,07:15 PM,08:15 PM,Red Sox at Cardinals,Busch Stadium - St. Louis,"",04/10/26,04/10/26,10:15 PM,11:15 PM,FALSE,TRUE,04/10/26,06:15 PM,07:15 PM,FREE,BUSY
04/11/26,06:15 PM,07:15 PM,Red Sox at Cardinals,Busch Stadium - St. Louis,"Local TV: FOX",04/11/26,04/11/26,09:15 PM,10:15 PM,FALSE,TRUE,04/11/26,05:15 PM,06:15 PM,FREE,BUSY
04/12/26,01:15 PM,02:15 PM,Red Sox at Cardinals,Busch Stadium - St. Louis,"",04/12/26,04/12/26,04:15 PM,05:15 PM,FALSE,TRUE,04/12/26,12:15 PM,01:15 PM,FREE,BUSY
04/13/26,06:45 PM,07:45 PM,Guardians at Cardinals,Busch Stadium - St. Louis,"",04/13/26,04/13/26,09:45 PM,10:45 PM,FALSE,TRUE,04/13/26,05:45 PM,06:45 PM,FREE,BUSY
04/14/26,06:45 PM,07:45 PM,Guardians at Cardinals,Busch Stadium - St. Louis,"",04/14/26,04/14/26,09:45 PM,10:45 PM,FALSE,TRUE,04/14/26,05:45 PM,06:45 PM,FREE,BUSY
04/15/26,12:15 PM,01:15 PM,Guardians at Cardinals,Busch Stadium - St. Louis,"",04/15/26,04/15/26,03:15 PM,04:15 PM,FALSE,TRUE,04/15/26,11:15 AM,12:15 PM,FREE,BUSY
04/17/26,07:10 PM,08:10 PM,Cardinals at Astros,Daikin Park - Houston,"",04/17/26,04/17/26,10:10 PM,11:10 PM,FALSE,TRUE,04/17/26,06:10 PM,07:10 PM,FREE,BUSY
04/18/26,06:10 PM,07:10 PM,Cardinals at Astros,Daikin Park - Houston,"",04/18/26,04/18/26,09:10 PM,10:10 PM,FALSE,TRUE,04/18/26,05:10 PM,06:10 PM,FREE,BUSY
04/19/26,01:10 PM,02:10 PM,Cardinals at Astros,Daikin Park - Houston,"",04/19/26,04/19/26,04:10 PM,05:10 PM,FALSE,TRUE,04/19/26,12:10 PM,01:10 PM,FREE,BUSY
04/20/26,05:40 PM,06:40 PM,Cardinals at Marlins,loanDepot park - Miami,"",04/20/26,04/20/26,08:40 PM,09:40 PM,FALSE,TRUE,04/20/26,04:40 PM,05:40 PM,FREE,BUSY
04/21/26,05:40 PM,06:40 PM,Cardinals at Marlins,loanDepot park - Miami,"",04/21/26,04/21/26,08:40 PM,09:40 PM,FALSE,TRUE,04/21/26,04:40 PM,05:40 PM,FREE,BUSY
04/22/26,11:10 AM,12:10 PM,Cardinals at Marlins,loanDepot park - Miami,"",04/22/26,04/22/26,02:10 PM,03:10 PM,FALSE,TRUE,04/22/26,10:10 AM,11:10 AM,FREE,BUSY
04/24/26,07:15 PM,08:15 PM,Mariners at Cardinals,Busch Stadium - St. Louis,"",04/24/26,04/24/26,10:15 PM,11:15 PM,FALSE,TRUE,04/24/26,06:15 PM,07:15 PM,FREE,BUSY
04/25/26,01:15 PM,02:15 PM,Mariners at Cardinals,Busch Stadium - St. Louis,"",04/25/26,04/25/26,04:15 PM,05:15 PM,FALSE,TRUE,04/25/26,12:15 PM,01:15 PM,FREE,BUSY
04/26/26,01:15 PM,02:15 PM,Mariners at Cardinals,Busch Stadium - St. Louis,"",04/26/26,04/26/26,04:15 PM,05:15 PM,FALSE,TRUE,04/26/26,12:15 PM,01:15 PM,FREE,BUSY
04/27/26,05:40 PM,06:40 PM,Cardinals at Pirates,PNC Park - Pittsburgh,"",04/27/26,04/27/26,08:40 PM,09:40 PM,FALSE,TRUE,04/27/26,04:40 PM,05:40 PM,FREE,BUSY
04/28/26,05:40 PM,06:40 PM,Cardinals at Pirates,PNC Park - Pittsburgh,"",04/28/26,04/28/26,08:40 PM,09:40 PM,FALSE,TRUE,04/28/26,04:40 PM,05:40 PM,FREE,BUSY
04/29/26,05:40 PM,06:40 PM,Cardinals at Pirates,PNC Park - Pittsburgh,"",04/29/26,04/29/26,08:40 PM,09:40 PM,FALSE,TRUE,04/29/26,04:40 PM,05:40 PM,FREE,BUSY
04/30/26,11:35 AM,12:35 PM,Cardinals at Pirates,PNC Park - Pittsburgh,"",04/30/26,04/30/26,02:35 PM,03:35 PM,FALSE,TRUE,04/30/26,10:35 AM,11:35 AM,FREE,BUSY
05/01/26,07:15 PM,08:15 PM,Dodgers at Cardinals,Busch Stadium - St. Louis,"",05/01/26,05/01/26,10:15 PM,11:15 PM,FALSE,TRUE,05/01/26,06:15 PM,07:15 PM,FREE,BUSY
05/02/26,06:15 PM,07:15 PM,Dodgers at Cardinals,Busch Stadium - St. Louis,"Local TV: FOX",05/02/26,05/02/26,09:15 PM,10:15 PM,FALSE,TRUE,05/02/26,05:15 PM,06:15 PM,FREE,BUSY
05/03/26,01:15 PM,02:15 PM,Dodgers at Cardinals,Busch Stadium - St. Louis,"",05/03/26,05/03/26,04:15 PM,05:15 PM,FALSE,TRUE,05/03/26,12:15 PM,01:15 PM,FREE,BUSY
05/04/26,06:45 PM,07:45 PM,Brewers at Cardinals,Busch Stadium - St. Louis,"Local TV: FS1",05/04/26,05/04/26,09:45 PM,10:45 PM,FALSE,TRUE,05/04/26,05:45 PM,06:45 PM,FREE,BUSY
05/05/26,06:45 PM,07:45 PM,Brewers at Cardinals,Busch Stadium - St. Louis,"",05/05/26,05/05/26,09:45 PM,10:45 PM,FALSE,TRUE,05/05/26,05:45 PM,06:45 PM,FREE,BUSY
05/06/26,12:15 PM,01:15 PM,Brewers at Cardinals,Busch Stadium - St. Louis,"",05/06/26,05/06/26,03:15 PM,04:15 PM,FALSE,TRUE,05/06/26,11:15 AM,12:15 PM,FREE,BUSY
05/07/26,09:10 PM,10:10 PM,Cardinals at Padres,Petco Park - San Diego,"",05/08/26,05/08/26,12:10 AM,01:10 AM,FALSE,TRUE,05/07/26,08:10 PM,09:10 PM,FREE,BUSY
05/08/26,08:45 PM,09:45 PM,Cardinals at Padres,Petco Park - San Diego,"",05/08/26,05/09/26,11:45 PM,12:45 AM,FALSE,TRUE,05/08/26,07:45 PM,08:45 PM,FREE,BUSY
05/09/26,06:15 PM,07:15 PM,Cardinals at Padres,Petco Park - San Diego,"Local TV: FOX",05/09/26,05/09/26,09:15 PM,10:15 PM,FALSE,TRUE,05/09/26,05:15 PM,06:15 PM,FREE,BUSY
05/10/26,03:10 PM,04:10 PM,Cardinals at Padres,Petco Park - San Diego,"",05/10/26,05/10/26,06:10 PM,07:10 PM,FALSE,TRUE,05/10/26,02:10 PM,03:10 PM,FREE,BUSY
05/12/26,08:40 PM,09:40 PM,Cardinals at Athletics,Sutter Health Park - Sacramento,"",05/12/26,05/13/26,11:40 PM,12:40 AM,FALSE,TRUE,05/12/26,07:40 PM,08:40 PM,FREE,BUSY
05/13/26,08:40 PM,09:40 PM,Cardinals at Athletics,Sutter Health Park - Sacramento,"",05/13/26,05/14/26,11:40 PM,12:40 AM,FALSE,TRUE,05/13/26,07:40 PM,08:40 PM,FREE,BUSY
05/14/26,02:05 PM,03:05 PM,Cardinals at Athletics,Sutter Health Park - Sacramento,"",05/14/26,05/14/26,05:05 PM,06:05 PM,FALSE,TRUE,05/14/26,01:05 PM,02:05 PM,FREE,BUSY
05/15/26,07:15 PM,08:15 PM,Royals at Cardinals,Busch Stadium - St. Louis,"",05/15/26,05/15/26,10:15 PM,11:15 PM,FALSE,TRUE,05/15/26,06:15 PM,07:15 PM,FREE,BUSY
05/16/26,01:15 PM,02:15 PM,Royals at Cardinals,Busch Stadium - St. Louis,"",05/16/26,05/16/26,04:15 PM,05:15 PM,FALSE,TRUE,05/16/26,12:15 PM,01:15 PM,FREE,BUSY
05/17/26,01:15 PM,02:15 PM,Royals at Cardinals,Busch Stadium - St. Louis,"",05/17/26,05/17/26,04:15 PM,05:15 PM,FALSE,TRUE,05/17/26,12:15 PM,01:15 PM,FREE,BUSY
05/19/26,06:45 PM,07:45 PM,Pirates at Cardinals,Busch Stadium - St. Louis,"",05/19/26,05/19/26,09:45 PM,10:45 PM,FALSE,TRUE,05/19/26,05:45 PM,06:45 PM,FREE,BUSY
05/20/26,06:45 PM,07:45 PM,Pirates at Cardinals,Busch Stadium - St. Louis,"",05/20/26,05/20/26,09:45 PM,10:45 PM,FALSE,TRUE,05/20/26,05:45 PM,06:45 PM,FREE,BUSY
05/21/26,12:15 PM,01:15 PM,Pirates at Cardinals,Busch Stadium - St. Louis,"",05/21/26,05/21/26,03:15 PM,04:15 PM,FALSE,TRUE,05/21/26,11:15 AM,12:15 PM,FREE,BUSY
05/22/26,05:40 PM,06:40 PM,Cardinals at Reds,Great American Ball Park - Cincinnati,"",05/22/26,05/22/26,08:40 PM,09:40 PM,FALSE,TRUE,05/22/26,04:40 PM,05:40 PM,FREE,BUSY
05/23/26,06:15 PM,07:15 PM,Cardinals at Reds,Great American Ball Park - Cincinnati,"Local TV: FOX",05/23/26,05/23/26,09:15 PM,10:15 PM,FALSE,TRUE,05/23/26,05:15 PM,06:15 PM,FREE,BUSY
05/24/26,12:40 PM,01:40 PM,Cardinals at Reds,Great American Ball Park - Cincinnati,"",05/24/26,05/24/26,03:40 PM,04:40 PM,FALSE,TRUE,05/24/26,11:40 AM,12:40 PM,FREE,BUSY
05/25/26,01:10 PM,02:10 PM,Cardinals at Brewers,American Family Field - Milwaukee,"",05/25/26,05/25/26,04:10 PM,05:10 PM,FALSE,TRUE,05/25/26,12:10 PM,01:10 PM,FREE,BUSY
05/26/26,06:40 PM,07:40 PM,Cardinals at Brewers,American Family Field - Milwaukee,"",05/26/26,05/26/26,09:40 PM,10:40 PM,FALSE,TRUE,05/26/26,05:40 PM,06:40 PM,FREE,BUSY
05/27/26,12:40 PM,01:40 PM,Cardinals at Brewers,American Family Field - Milwaukee,"",05/27/26,05/27/26,03:40 PM,04:40 PM,FALSE,TRUE,05/27/26,11:40 AM,12:40 PM,FREE,BUSY
05/29/26,06:15 PM,07:15 PM,Cubs at Cardinals,Busch Stadium - St. Louis,"",05/29/26,05/29/26,09:15 PM,10:15 PM,FALSE,TRUE,05/29/26,05:15 PM,06:15 PM,FREE,BUSY
05/30/26,06:15 PM,07:15 PM,Cubs at Cardinals,Busch Stadium - St. Louis,"Local TV: FOX",05/30/26,05/30/26,09:15 PM,10:15 PM,FALSE,TRUE,05/30/26,05:15 PM,06:15 PM,FREE,BUSY
05/31/26,06:20 PM,07:20 PM,Cubs at Cardinals,Busch Stadium - St. Louis,"Local TV: NBC- Peacock",05/31/26,05/31/26,09:20 PM,10:20 PM,FALSE,TRUE,05/31/26,05:20 PM,06:20 PM,FREE,BUSY
06/01/26,06:45 PM,07:45 PM,Rangers at Cardinals,Busch Stadium - St. Louis,"",06/01/26,06/01/26,09:45 PM,10:45 PM,FALSE,TRUE,06/01/26,05:45 PM,06:45 PM,FREE,BUSY
06/02/26,06:45 PM,07:45 PM,Rangers at Cardinals,Busch Stadium - St. Louis,"",06/02/26,06/02/26,09:45 PM,10:45 PM,FALSE,TRUE,06/02/26,05:45 PM,06:45 PM,FREE,BUSY
06/03/26,06:45 PM,07:45 PM,Rangers at Cardinals,Busch Stadium - St. Louis,"",06/03/26,06/03/26,09:45 PM,10:45 PM,FALSE,TRUE,06/03/26,05:45 PM,06:45 PM,FREE,BUSY
06/05/26,07:15 PM,08:15 PM,Reds at Cardinals,Busch Stadium - St. Louis,"",06/05/26,06/05/26,10:15 PM,11:15 PM,FALSE,TRUE,06/05/26,06:15 PM,07:15 PM,FREE,BUSY
06/06/26,01:15 PM,02:15 PM,Reds at Cardinals,Busch Stadium - St. Louis,"",06/06/26,06/06/26,04:15 PM,05:15 PM,FALSE,TRUE,06/06/26,12:15 PM,01:15 PM,FREE,BUSY
06/07/26,01:15 PM,02:15 PM,Reds at Cardinals,Busch Stadium - St. Louis,"",06/07/26,06/07/26,04:15 PM,05:15 PM,FALSE,TRUE,06/07/26,12:15 PM,01:15 PM,FREE,BUSY
06/09/26,06:10 PM,07:10 PM,Cardinals at Mets,Citi Field - Flushing,"",06/09/26,06/09/26,09:10 PM,10:10 PM,FALSE,TRUE,06/09/26,05:10 PM,06:10 PM,FREE,BUSY
06/10/26,06:10 PM,07:10 PM,Cardinals at Mets,Citi Field - Flushing,"",06/10/26,06/10/26,09:10 PM,10:10 PM,FALSE,TRUE,06/10/26,05:10 PM,06:10 PM,FREE,BUSY
06/11/26,12:10 PM,01:10 PM,Cardinals at Mets,Citi Field - Flushing,"",06/11/26,06/11/26,03:10 PM,04:10 PM,FALSE,TRUE,06/11/26,11:10 AM,12:10 PM,FREE,BUSY
06/12/26,07:10 PM,08:10 PM,Cardinals at Twins,Target Field - Minneapolis,"",06/12/26,06/12/26,10:10 PM,11:10 PM,FALSE,TRUE,06/12/26,06:10 PM,07:10 PM,FREE,BUSY
06/13/26,01:10 PM,02:10 PM,Cardinals at Twins,Target Field - Minneapolis,"",06/13/26,06/13/26,04:10 PM,05:10 PM,FALSE,TRUE,06/13/26,12:10 PM,01:10 PM,FREE,BUSY
06/14/26,01:10 PM,02:10 PM,Cardinals at Twins,Target Field - Minneapolis,"",06/14/26,06/14/26,04:10 PM,05:10 PM,FALSE,TRUE,06/14/26,12:10 PM,01:10 PM,FREE,BUSY
06/15/26,06:45 PM,07:45 PM,Padres at Cardinals,Busch Stadium - St. Louis,"",06/15/26,06/15/26,09:45 PM,10:45 PM,FALSE,TRUE,06/15/26,05:45 PM,06:45 PM,FREE,BUSY
06/16/26,06:45 PM,07:45 PM,Padres at Cardinals,Busch Stadium - St. Louis,"",06/16/26,06/16/26,09:45 PM,10:45 PM,FALSE,TRUE,06/16/26,05:45 PM,06:45 PM,FREE,BUSY
06/17/26,01:15 PM,02:15 PM,Padres at Cardinals,Busch Stadium - St. Louis,"",06/17/26,06/17/26,04:15 PM,05:15 PM,FALSE,TRUE,06/17/26,12:15 PM,01:15 PM,FREE,BUSY
06/18/26,06:40 PM,07:40 PM,Cardinals at Royals,Kauffman Stadium - Kansas City,"",06/18/26,06/18/26,09:40 PM,10:40 PM,FALSE,TRUE,06/18/26,05:40 PM,06:40 PM,FREE,BUSY
06/19/26,07:15 PM,08:15 PM,Cardinals at Royals,Kauffman Stadium - Kansas City,"",06/19/26,06/19/26,10:15 PM,11:15 PM,FALSE,TRUE,06/19/26,06:15 PM,07:15 PM,FREE,BUSY
06/21/26,01:10 PM,02:10 PM,Cardinals at Royals,Kauffman Stadium - Kansas City,"",06/21/26,06/21/26,04:10 PM,05:10 PM,FALSE,TRUE,06/21/26,12:10 PM,01:10 PM,FREE,BUSY
06/22/26,06:45 PM,07:45 PM,D-backs at Cardinals,Busch Stadium - St. Louis,"",06/22/26,06/22/26,09:45 PM,10:45 PM,FALSE,TRUE,06/22/26,05:45 PM,06:45 PM,FREE,BUSY
06/23/26,06:45 PM,07:45 PM,D-backs at Cardinals,Busch Stadium - St. Louis,"",06/23/26,06/23/26,09:45 PM,10:45 PM,FALSE,TRUE,06/23/26,05:45 PM,06:45 PM,FREE,BUSY
06/24/26,06:45 PM,07:45 PM,D-backs at Cardinals,Busch Stadium - St. Louis,"",06/24/26,06/24/26,09:45 PM,10:45 PM,FALSE,TRUE,06/24/26,05:45 PM,06:45 PM,FREE,BUSY
06/25/26,06:45 PM,07:45 PM,D-backs at Cardinals,Busch Stadium - St. Louis,"",06/25/26,06/25/26,09:45 PM,10:45 PM,FALSE,TRUE,06/25/26,05:45 PM,06:45 PM,FREE,BUSY
06/26/26,07:15 PM,08:15 PM,Marlins at Cardinals,Busch Stadium - St. Louis,"",06/26/26,06/26/26,10:15 PM,11:15 PM,FALSE,TRUE,06/26/26,06:15 PM,07:15 PM,FREE,BUSY
06/27/26,06:15 PM,07:15 PM,Marlins at Cardinals,Busch Stadium - St. Louis,"",06/27/26,06/27/26,09:15 PM,10:15 PM,FALSE,TRUE,06/27/26,05:15 PM,06:15 PM,FREE,BUSY
06/28/26,01:15 PM,02:15 PM,Marlins at Cardinals,Busch Stadium - St. Louis,"",06/28/26,06/28/26,04:15 PM,05:15 PM,FALSE,TRUE,06/28/26,12:15 PM,01:15 PM,FREE,BUSY
06/30/26,06:15 PM,07:15 PM,Cardinals at Braves,Truist Park - Atlanta,"",06/30/26,06/30/26,09:15 PM,10:15 PM,FALSE,TRUE,06/30/26,05:15 PM,06:15 PM,FREE,BUSY
07/01/26,06:15 PM,07:15 PM,Cardinals at Braves,Truist Park - Atlanta,"",07/01/26,07/01/26,09:15 PM,10:15 PM,FALSE,TRUE,07/01/26,05:15 PM,06:15 PM,FREE,BUSY
07/02/26,06:15 PM,07:15 PM,Cardinals at Braves,Truist Park - Atlanta,"",07/02/26,07/02/26,09:15 PM,10:15 PM,FALSE,TRUE,07/02/26,05:15 PM,06:15 PM,FREE,BUSY
07/03/26,03:05 PM,04:05 PM,Cardinals at Cubs,Wrigley Field - Chicago,"",07/03/26,07/03/26,06:05 PM,07:05 PM,FALSE,TRUE,07/03/26,02:05 PM,03:05 PM,FREE,BUSY
07/04/26,07:08 PM,08:08 PM,Cardinals at Cubs,Wrigley Field - Chicago,"Local TV: FOX",07/04/26,07/04/26,10:08 PM,11:08 PM,FALSE,TRUE,07/04/26,06:08 PM,07:08 PM,FREE,BUSY
07/05/26,01:30 PM,02:30 PM,Cardinals at Cubs,Wrigley Field - Chicago,"Local TV: Peacock",07/05/26,07/05/26,04:30 PM,05:30 PM,FALSE,TRUE,07/05/26,12:30 PM,01:30 PM,FREE,BUSY
07/06/26,06:45 PM,07:45 PM,Brewers at Cardinals,Busch Stadium - St. Louis,"",07/06/26,07/06/26,09:45 PM,10:45 PM,FALSE,TRUE,07/06/26,05:45 PM,06:45 PM,FREE,BUSY
07/07/26,06:45 PM,07:45 PM,Brewers at Cardinals,Busch Stadium - St. Louis,"",07/07/26,07/07/26,09:45 PM,10:45 PM,FALSE,TRUE,07/07/26,05:45 PM,06:45 PM,FREE,BUSY
07/08/26,06:45 PM,07:45 PM,Brewers at Cardinals,Busch Stadium - St. Louis,"",07/08/26,07/08/26,09:45 PM,10:45 PM,FALSE,TRUE,07/08/26,05:45 PM,06:45 PM,FREE,BUSY
07/09/26,06:45 PM,07:45 PM,Brewers at Cardinals,Busch Stadium - St. Louis,"",07/09/26,07/09/26,09:45 PM,10:45 PM,FALSE,TRUE,07/09/26,05:45 PM,06:45 PM,FREE,BUSY
07/10/26,07:15 PM,08:15 PM,Braves at Cardinals,Busch Stadium - St. Louis,"",07/10/26,07/10/26,10:15 PM,11:15 PM,FALSE,TRUE,07/10/26,06:15 PM,07:15 PM,FREE,BUSY
07/11/26,06:15 PM,07:15 PM,Braves at Cardinals,Busch Stadium - St. Louis,"",07/11/26,07/11/26,09:15 PM,10:15 PM,FALSE,TRUE,07/11/26,05:15 PM,06:15 PM,FREE,BUSY
07/12/26,01:15 PM,02:15 PM,Braves at Cardinals,Busch Stadium - St. Louis,"",07/12/26,07/12/26,04:15 PM,05:15 PM,FALSE,TRUE,07/12/26,12:15 PM,01:15 PM,FREE,BUSY
07/17/26,08:40 PM,09:40 PM,Cardinals at D-backs,Chase Field - Phoenix,"",07/17/26,07/18/26,11:40 PM,12:40 AM,FALSE,TRUE,07/17/26,07:40 PM,08:40 PM,FREE,BUSY
07/18/26,03:10 PM,04:10 PM,Cardinals at D-backs,Chase Field - Phoenix,"",07/18/26,07/18/26,06:10 PM,07:10 PM,FALSE,TRUE,07/18/26,02:10 PM,03:10 PM,FREE,BUSY
07/19/26,03:10 PM,04:10 PM,Cardinals at D-backs,Chase Field - Phoenix,"",07/19/26,07/19/26,06:10 PM,07:10 PM,FALSE,TRUE,07/19/26,02:10 PM,03:10 PM,FREE,BUSY
07/20/26,09:10 PM,10:10 PM,Cardinals at Angels,Angel Stadium - Anaheim,"",07/21/26,07/21/26,12:10 AM,01:10 AM,FALSE,TRUE,07/20/26,08:10 PM,09:10 PM,FREE,BUSY
07/21/26,08:38 PM,09:38 PM,Cardinals at Angels,Angel Stadium - Anaheim,"",07/21/26,07/22/26,11:38 PM,12:38 AM,FALSE,TRUE,07/21/26,07:38 PM,08:38 PM,FREE,BUSY
07/22/26,03:07 PM,04:07 PM,Cardinals at Angels,Angel Stadium - Anaheim,"",07/22/26,07/22/26,06:07 PM,07:07 PM,FALSE,TRUE,07/22/26,02:07 PM,03:07 PM,FREE,BUSY
07/24/26,07:15 PM,08:15 PM,Reds at Cardinals,Busch Stadium - St. Louis,"",07/24/26,07/24/26,10:15 PM,11:15 PM,FALSE,TRUE,07/24/26,06:15 PM,07:15 PM,FREE,BUSY
07/25/26,06:15 PM,07:15 PM,Reds at Cardinals,Busch Stadium - St. Louis,"",07/25/26,07/25/26,09:15 PM,10:15 PM,FALSE,TRUE,07/25/26,05:15 PM,06:15 PM,FREE,BUSY
07/26/26,01:15 PM,02:15 PM,Reds at Cardinals,Busch Stadium - St. Louis,"",07/26/26,07/26/26,04:15 PM,05:15 PM,FALSE,TRUE,07/26/26,12:15 PM,01:15 PM,FREE,BUSY
07/27/26,06:45 PM,07:45 PM,Cubs at Cardinals,Busch Stadium - St. Louis,"",07/27/26,07/27/26,09:45 PM,10:45 PM,FALSE,TRUE,07/27/26,05:45 PM,06:45 PM,FREE,BUSY
07/28/26,06:45 PM,07:45 PM,Cubs at Cardinals,Busch Stadium - St. Louis,"",07/28/26,07/28/26,09:45 PM,10:45 PM,FALSE,TRUE,07/28/26,05:45 PM,06:45 PM,FREE,BUSY
07/29/26,06:45 PM,07:45 PM,Cubs at Cardinals,Busch Stadium - St. Louis,"",07/29/26,07/29/26,09:45 PM,10:45 PM,FALSE,TRUE,07/29/26,05:45 PM,06:45 PM,FREE,BUSY
07/30/26,01:15 PM,02:15 PM,Cubs at Cardinals,Busch Stadium - St. Louis,"",07/30/26,07/30/26,04:15 PM,05:15 PM,FALSE,TRUE,07/30/26,12:15 PM,01:15 PM,FREE,BUSY
07/31/26,06:07 PM,07:07 PM,Cardinals at Blue Jays,Rogers Centre - Toronto,"",07/31/26,07/31/26,09:07 PM,10:07 PM,FALSE,TRUE,07/31/26,05:07 PM,06:07 PM,FREE,BUSY
08/01/26,02:07 PM,03:07 PM,Cardinals at Blue Jays,Rogers Centre - Toronto,"",08/01/26,08/01/26,05:07 PM,06:07 PM,FALSE,TRUE,08/01/26,01:07 PM,02:07 PM,FREE,BUSY
08/02/26,12:37 PM,01:37 PM,Cardinals at Blue Jays,Rogers Centre - Toronto,"",08/02/26,08/02/26,03:37 PM,04:37 PM,FALSE,TRUE,08/02/26,11:37 AM,12:37 PM,FREE,BUSY
08/03/26,06:05 PM,07:05 PM,Cardinals at Yankees,Yankee Stadium - Bronx,"",08/03/26,08/03/26,09:05 PM,10:05 PM,FALSE,TRUE,08/03/26,05:05 PM,06:05 PM,FREE,BUSY
08/04/26,06:05 PM,07:05 PM,Cardinals at Yankees,Yankee Stadium - Bronx,"",08/04/26,08/04/26,09:05 PM,10:05 PM,FALSE,TRUE,08/04/26,05:05 PM,06:05 PM,FREE,BUSY
08/05/26,06:05 PM,07:05 PM,Cardinals at Yankees,Yankee Stadium - Bronx,"",08/05/26,08/05/26,09:05 PM,10:05 PM,FALSE,TRUE,08/05/26,05:05 PM,06:05 PM,FREE,BUSY
08/07/26,07:15 PM,08:15 PM,Rockies at Cardinals,Busch Stadium - St. Louis,"",08/07/26,08/07/26,10:15 PM,11:15 PM,FALSE,TRUE,08/07/26,06:15 PM,07:15 PM,FREE,BUSY
08/08/26,06:15 PM,07:15 PM,Rockies at Cardinals,Busch Stadium - St. Louis,"",08/08/26,08/08/26,09:15 PM,10:15 PM,FALSE,TRUE,08/08/26,05:15 PM,06:15 PM,FREE,BUSY
08/09/26,01:15 PM,02:15 PM,Rockies at Cardinals,Busch Stadium - St. Louis,"",08/09/26,08/09/26,04:15 PM,05:15 PM,FALSE,TRUE,08/09/26,12:15 PM,01:15 PM,FREE,BUSY
08/10/26,06:45 PM,07:45 PM,Phillies at Cardinals,Busch Stadium - St. Louis,"Local TV: FS1",08/10/26,08/10/26,09:45 PM,10:45 PM,FALSE,TRUE,08/10/26,05:45 PM,06:45 PM,FREE,BUSY
08/11/26,06:45 PM,07:45 PM,Phillies at Cardinals,Busch Stadium - St. Louis,"",08/11/26,08/11/26,09:45 PM,10:45 PM,FALSE,TRUE,08/11/26,05:45 PM,06:45 PM,FREE,BUSY
08/12/26,01:15 PM,02:15 PM,Phillies at Cardinals,Busch Stadium - St. Louis,"",08/12/26,08/12/26,04:15 PM,05:15 PM,FALSE,TRUE,08/12/26,12:15 PM,01:15 PM,FREE,BUSY
08/14/26,01:20 PM,02:20 PM,Cardinals at Cubs,Wrigley Field - Chicago,"",08/14/26,08/14/26,04:20 PM,05:20 PM,FALSE,TRUE,08/14/26,12:20 PM,01:20 PM,FREE,BUSY
08/15/26,01:20 PM,02:20 PM,Cardinals at Cubs,Wrigley Field - Chicago,"",08/15/26,08/15/26,04:20 PM,05:20 PM,FALSE,TRUE,08/15/26,12:20 PM,01:20 PM,FREE,BUSY
08/16/26,02:10 PM,03:10 PM,Cardinals at Cubs,Wrigley Field - Chicago,"Local TV: ABC",08/16/26,08/16/26,05:10 PM,06:10 PM,FALSE,TRUE,08/16/26,01:10 PM,02:10 PM,FREE,BUSY
08/17/26,05:40 PM,06:40 PM,Cardinals at Reds,Great American Ball Park - Cincinnati,"",08/17/26,08/17/26,08:40 PM,09:40 PM,FALSE,TRUE,08/17/26,04:40 PM,05:40 PM,FREE,BUSY
08/18/26,05:40 PM,06:40 PM,Cardinals at Reds,Great American Ball Park - Cincinnati,"",08/18/26,08/18/26,08:40 PM,09:40 PM,FALSE,TRUE,08/18/26,04:40 PM,05:40 PM,FREE,BUSY
08/19/26,05:40 PM,06:40 PM,Cardinals at Reds,Great American Ball Park - Cincinnati,"",08/19/26,08/19/26,08:40 PM,09:40 PM,FALSE,TRUE,08/19/26,04:40 PM,05:40 PM,FREE,BUSY
08/20/26,11:40 AM,12:40 PM,Cardinals at Reds,Great American Ball Park - Cincinnati,"",08/20/26,08/20/26,02:40 PM,03:40 PM,FALSE,TRUE,08/20/26,10:40 AM,11:40 AM,FREE,BUSY
08/21/26,05:40 PM,06:40 PM,Cardinals at Phillies,Citizens Bank Park - Philadelphia,"",08/21/26,08/21/26,08:40 PM,09:40 PM,FALSE,TRUE,08/21/26,04:40 PM,05:40 PM,FREE,BUSY
08/22/26,05:05 PM,06:05 PM,Cardinals at Phillies,Citizens Bank Park - Philadelphia,"",08/22/26,08/22/26,08:05 PM,09:05 PM,FALSE,TRUE,08/22/26,04:05 PM,05:05 PM,FREE,BUSY
08/23/26,12:35 PM,01:35 PM,Cardinals at Phillies,Citizens Bank Park - Philadelphia,"",08/23/26,08/23/26,03:35 PM,04:35 PM,FALSE,TRUE,08/23/26,11:35 AM,12:35 PM,FREE,BUSY
08/25/26,06:45 PM,07:45 PM,Orioles at Cardinals,Busch Stadium - St. Louis,"",08/25/26,08/25/26,09:45 PM,10:45 PM,FALSE,TRUE,08/25/26,05:45 PM,06:45 PM,FREE,BUSY
08/26/26,06:45 PM,07:45 PM,Orioles at Cardinals,Busch Stadium - St. Louis,"",08/26/26,08/26/26,09:45 PM,10:45 PM,FALSE,TRUE,08/26/26,05:45 PM,06:45 PM,FREE,BUSY
08/27/26,01:15 PM,02:15 PM,Orioles at Cardinals,Busch Stadium - St. Louis,"",08/27/26,08/27/26,04:15 PM,05:15 PM,FALSE,TRUE,08/27/26,12:15 PM,01:15 PM,FREE,BUSY
08/28/26,07:15 PM,08:15 PM,Pirates at Cardinals,Busch Stadium - St. Louis,"",08/28/26,08/28/26,10:15 PM,11:15 PM,FALSE,TRUE,08/28/26,06:15 PM,07:15 PM,FREE,BUSY
08/29/26,01:15 PM,02:15 PM,Pirates at Cardinals,Busch Stadium - St. Louis,"",08/29/26,08/29/26,04:15 PM,05:15 PM,FALSE,TRUE,08/29/26,12:15 PM,01:15 PM,FREE,BUSY
08/30/26,01:15 PM,02:15 PM,Pirates at Cardinals,Busch Stadium - St. Louis,"",08/30/26,08/30/26,04:15 PM,05:15 PM,FALSE,TRUE,08/30/26,12:15 PM,01:15 PM,FREE,BUSY
09/01/26,09:10 PM,10:10 PM,Cardinals at Dodgers,Dodger Stadium - Los Angeles,"",09/02/26,09/02/26,12:10 AM,01:10 AM,FALSE,TRUE,09/01/26,08:10 PM,09:10 PM,FREE,BUSY
09/02/26,09:10 PM,10:10 PM,Cardinals at Dodgers,Dodger Stadium - Los Angeles,"",09/03/26,09/03/26,12:10 AM,01:10 AM,FALSE,TRUE,09/02/26,08:10 PM,09:10 PM,FREE,BUSY
09/03/26,09:10 PM,10:10 PM,Cardinals at Dodgers,Dodger Stadium - Los Angeles,"",09/04/26,09/04/26,12:10 AM,01:10 AM,FALSE,TRUE,09/03/26,08:10 PM,09:10 PM,FREE,BUSY
09/04/26,07:40 PM,08:40 PM,Cardinals at Rockies,Coors Field - Denver,"",09/04/26,09/04/26,10:40 PM,11:40 PM,FALSE,TRUE,09/04/26,06:40 PM,07:40 PM,FREE,BUSY
09/05/26,07:10 PM,08:10 PM,Cardinals at Rockies,Coors Field - Denver,"",09/05/26,09/05/26,10:10 PM,11:10 PM,FALSE,TRUE,09/05/26,06:10 PM,07:10 PM,FREE,BUSY
09/06/26,02:10 PM,03:10 PM,Cardinals at Rockies,Coors Field - Denver,"",09/06/26,09/06/26,05:10 PM,06:10 PM,FALSE,TRUE,09/06/26,01:10 PM,02:10 PM,FREE,BUSY
09/07/26,07:10 PM,08:10 PM,Cardinals at Giants,Oracle Park - San Francisco,"Local TV: NBC- Peacock",09/07/26,09/07/26,10:10 PM,11:10 PM,FALSE,TRUE,09/07/26,06:10 PM,07:10 PM,FREE,BUSY
09/08/26,08:45 PM,09:45 PM,Cardinals at Giants,Oracle Park - San Francisco,"",09/08/26,09/09/26,11:45 PM,12:45 AM,FALSE,TRUE,09/08/26,07:45 PM,08:45 PM,FREE,BUSY
09/09/26,02:45 PM,03:45 PM,Cardinals at Giants,Oracle Park - San Francisco,"",09/09/26,09/09/26,05:45 PM,06:45 PM,FALSE,TRUE,09/09/26,01:45 PM,02:45 PM,FREE,BUSY
09/11/26,07:15 PM,08:15 PM,White Sox at Cardinals,Busch Stadium - St. Louis,"",09/11/26,09/11/26,10:15 PM,11:15 PM,FALSE,TRUE,09/11/26,06:15 PM,07:15 PM,FREE,BUSY
09/12/26,06:15 PM,07:15 PM,White Sox at Cardinals,Busch Stadium - St. Louis,"",09/12/26,09/12/26,09:15 PM,10:15 PM,FALSE,TRUE,09/12/26,05:15 PM,06:15 PM,FREE,BUSY
09/13/26,01:15 PM,02:15 PM,White Sox at Cardinals,Busch Stadium - St. Louis,"",09/13/26,09/13/26,04:15 PM,05:15 PM,FALSE,TRUE,09/13/26,12:15 PM,01:15 PM,FREE,BUSY
09/14/26,06:45 PM,07:45 PM,Giants at Cardinals,Busch Stadium - St. Louis,"",09/14/26,09/14/26,09:45 PM,10:45 PM,FALSE,TRUE,09/14/26,05:45 PM,06:45 PM,FREE,BUSY
09/15/26,06:45 PM,07:45 PM,Giants at Cardinals,Busch Stadium - St. Louis,"",09/15/26,09/15/26,09:45 PM,10:45 PM,FALSE,TRUE,09/15/26,05:45 PM,06:45 PM,FREE,BUSY
09/16/26,12:15 PM,01:15 PM,Giants at Cardinals,Busch Stadium - St. Louis,"",09/16/26,09/16/26,03:15 PM,04:15 PM,FALSE,TRUE,09/16/26,11:15 AM,12:15 PM,FREE,BUSY
09/18/26,07:15 PM,08:15 PM,Nationals at Cardinals,Busch Stadium - St. Louis,"",09/18/26,09/18/26,10:15 PM,11:15 PM,FALSE,TRUE,09/18/26,06:15 PM,07:15 PM,FREE,BUSY
09/19/26,06:15 PM,07:15 PM,Nationals at Cardinals,Busch Stadium - St. Louis,"",09/19/26,09/19/26,09:15 PM,10:15 PM,FALSE,TRUE,09/19/26,05:15 PM,06:15 PM,FREE,BUSY
09/20/26,01:15 PM,02:15 PM,Nationals at Cardinals,Busch Stadium - St. Louis,"",09/20/26,09/20/26,04:15 PM,05:15 PM,FALSE,TRUE,09/20/26,12:15 PM,01:15 PM,FREE,BUSY
09/22/26,05:40 PM,06:40 PM,Cardinals at Pirates,PNC Park - Pittsburgh,"",09/22/26,09/22/26,08:40 PM,09:40 PM,FALSE,TRUE,09/22/26,04:40 PM,05:40 PM,FREE,BUSY
09/23/26,05:40 PM,06:40 PM,Cardinals at Pirates,PNC Park - Pittsburgh,"",09/23/26,09/23/26,08:40 PM,09:40 PM,FALSE,TRUE,09/23/26,04:40 PM,05:40 PM,FREE,BUSY
09/24/26,11:35 AM,12:35 PM,Cardinals at Pirates,PNC Park - Pittsburgh,"",09/24/26,09/24/26,02:35 PM,03:35 PM,FALSE,TRUE,09/24/26,10:35 AM,11:35 AM,FREE,BUSY
09/25/26,06:40 PM,07:40 PM,Cardinals at Brewers,American Family Field - Milwaukee,"",09/25/26,09/25/26,09:40 PM,10:40 PM,FALSE,TRUE,09/25/26,05:40 PM,06:40 PM,FREE,BUSY
09/26/26,06:10 PM,07:10 PM,Cardinals at Brewers,American Family Field - Milwaukee,"",09/26/26,09/26/26,09:10 PM,10:10 PM,FALSE,TRUE,09/26/26,05:10 PM,06:10 PM,FREE,BUSY
09/27/26,02:10 PM,03:10 PM,Cardinals at Brewers,American Family Field - Milwaukee,"",09/27/26,09/27/26,05:10 PM,06:10 PM,FALSE,TRUE,09/27/26,01:10 PM,02:10 PM,FREE,BUSY
