START DATE,START TIME,START TIME ET,SUBJECT,LOCATION,DESCRIPTION,END DATE,END DATE ET,END TIME,END TIME ET,REMINDER OFF,REMINDER ON,REMINDER DATE,REMINDER TIME,REMINDER TIME ET,SHOWTIMEAS FREE,SHOWTIMEAS BUSY
02/22/25,01:05 PM,01:05 PM,Pirates at Orioles,Ed Smith Stadium - Sarasota,"Local TV: SportsNet-PIT- MLBN (out-of-market only) ----- Local Radio: 100.1 FM/KDKA-AM 1020",02/22/25,02/22/25,04:05 PM,04:05 PM,FALSE,TRUE,02/22/25,12:05 PM,12:05 PM,FREE,BUSY
02/23/25,01:05 PM,01:05 PM,Twins at Pirates,LECOM Park - Bradenton,"Local TV: SportsNet-PIT",02/23/25,02/23/25,04:05 PM,04:05 PM,FALSE,TRUE,02/23/25,12:05 PM,12:05 PM,FREE,BUSY
02/25/25,01:05 PM,01:05 PM,Braves at Pirates,LECOM Park - Bradenton,"Local Radio: MLB Audio",02/25/25,02/25/25,04:05 PM,04:05 PM,FALSE,TRUE,02/25/25,12:05 PM,12:05 PM,FREE,BUSY
02/26/25,01:05 PM,01:05 PM,Orioles at Pirates,LECOM Park - Bradenton,"Local Radio: MLB Audio",02/26/25,02/26/25,04:05 PM,04:05 PM,FALSE,TRUE,02/26/25,12:05 PM,12:05 PM,FREE,BUSY
02/26/25,01:05 PM,01:05 PM,Pirates at Braves,CoolToday Park - North Port,"",02/26/25,02/26/25,04:05 PM,04:05 PM,FALSE,TRUE,02/26/25,12:05 PM,12:05 PM,FREE,BUSY
02/27/25,01:05 PM,01:05 PM,Pirates at Twins,Lee Health Sports Complex - Fort Myers,"Local Radio: MLB Audio",02/27/25,02/27/25,04:05 PM,04:05 PM,FALSE,TRUE,02/27/25,12:05 PM,12:05 PM,FREE,BUSY
02/28/25,01:05 PM,01:05 PM,Rays at Pirates,LECOM Park - Bradenton,"Local Radio: MLB Audio",02/28/25,02/28/25,04:05 PM,04:05 PM,FALSE,TRUE,02/28/25,12:05 PM,12:05 PM,FREE,BUSY
03/01/25,01:05 PM,01:05 PM,Pirates at Orioles,Ed Smith Stadium - Sarasota,"Local TV: SportsNet-PIT- MLBN (out-of-market only) ----- Local Radio: KDKA-FM 93.7",03/01/25,03/01/25,04:05 PM,04:05 PM,FALSE,TRUE,03/01/25,12:05 PM,12:05 PM,FREE,BUSY
03/02/25,01:05 PM,01:05 PM,Tigers at Pirates,LECOM Park - Bradenton,"Local TV: SportsNet-PIT ----- Local Radio: KDKA-FM 93.7",03/02/25,03/02/25,04:05 PM,04:05 PM,FALSE,TRUE,03/02/25,12:05 PM,12:05 PM,FREE,BUSY
03/03/25,06:35 PM,06:35 PM,Pirates at Yankees,George M. Steinbrenner Field - Tampa,"Local TV: SportsNet-PIT ----- Local Radio: KDKA-FM 93.7",03/03/25,03/03/25,09:35 PM,09:35 PM,FALSE,TRUE,03/03/25,05:35 PM,05:35 PM,FREE,BUSY
03/04/25,01:05 PM,01:05 PM,Red Sox at Pirates,LECOM Park - Bradenton,"Local TV: SportsNet-PIT",03/04/25,03/04/25,04:05 PM,04:05 PM,FALSE,TRUE,03/04/25,12:05 PM,12:05 PM,FREE,BUSY
03/05/25,01:05 PM,01:05 PM,Blue Jays at Pirates,LECOM Park - Bradenton,"Local TV: SportsNet-PIT",03/05/25,03/05/25,04:05 PM,04:05 PM,FALSE,TRUE,03/05/25,12:05 PM,12:05 PM,FREE,BUSY
03/06/25,06:05 PM,06:05 PM,Pirates at Orioles,Ed Smith Stadium - Sarasota,"Local Radio: 100.1 FM/KDKA-AM 1020",03/06/25,03/06/25,09:05 PM,09:05 PM,FALSE,TRUE,03/06/25,05:05 PM,05:05 PM,FREE,BUSY
03/07/25,01:05 PM,01:05 PM,Phillies at Pirates,LECOM Park - Bradenton,"Local TV: SportsNet-PIT- MLBN (out-of-market only) ----- Local Radio: 100.1 FM/KDKA-AM 1020",03/07/25,03/07/25,04:05 PM,04:05 PM,FALSE,TRUE,03/07/25,12:05 PM,12:05 PM,FREE,BUSY
03/08/25,01:05 PM,01:05 PM,Pirates at Braves,CoolToday Park - North Port,"Local Radio: KDKA-FM 93.7",03/08/25,03/08/25,04:05 PM,04:05 PM,FALSE,TRUE,03/08/25,12:05 PM,12:05 PM,FREE,BUSY
03/09/25,01:05 PM,01:05 PM,Pirates at Tigers,Publix Field at Joker Marchant Stadium - Lakeland,"Local Radio: KDKA-FM 93.7",03/09/25,03/09/25,04:05 PM,04:05 PM,FALSE,TRUE,03/09/25,12:05 PM,12:05 PM,FREE,BUSY
03/10/25,06:05 PM,06:05 PM,Orioles at Pirates,LECOM Park - Bradenton,"Local TV: SportsNet-PIT ----- Local Radio: KDKA-FM 93.7",03/10/25,03/10/25,09:05 PM,09:05 PM,FALSE,TRUE,03/10/25,05:05 PM,05:05 PM,FREE,BUSY
03/11/25,01:05 PM,01:05 PM,Yankees at Pirates,LECOM Park - Bradenton,"Local TV: SportsNet-PIT",03/11/25,03/11/25,04:05 PM,04:05 PM,FALSE,TRUE,03/11/25,12:05 PM,12:05 PM,FREE,BUSY
03/13/25,01:05 PM,01:05 PM,Pirates at Twins,Lee Health Sports Complex - Fort Myers,"Local Radio: MLB Audio",03/13/25,03/13/25,04:05 PM,04:05 PM,FALSE,TRUE,03/13/25,12:05 PM,12:05 PM,FREE,BUSY
03/14/25,06:05 PM,06:05 PM,Tigers at Pirates,LECOM Park - Bradenton,"Local TV: SportsNet-PIT ----- Local Radio: 100.1 FM/KDKA-AM 1020",03/14/25,03/14/25,09:05 PM,09:05 PM,FALSE,TRUE,03/14/25,05:05 PM,05:05 PM,FREE,BUSY
03/15/25,01:05 PM,01:05 PM,Orioles at Pirates,LECOM Park - Bradenton,"Local TV: SportsNet-PIT",03/15/25,03/15/25,04:05 PM,04:05 PM,FALSE,TRUE,03/15/25,12:05 PM,12:05 PM,FREE,BUSY
03/16/25,01:05 PM,01:05 PM,Pirates at Yankees,George M. Steinbrenner Field - Tampa,"Local TV: SportsNet-PIT ----- Local Radio: KDKA-FM 93.7",03/16/25,03/16/25,04:05 PM,04:05 PM,FALSE,TRUE,03/16/25,12:05 PM,12:05 PM,FREE,BUSY
03/17/25,01:05 PM,01:05 PM,Pirates at Tigers,Publix Field at Joker Marchant Stadium - Lakeland,"",03/17/25,03/17/25,04:05 PM,04:05 PM,FALSE,TRUE,03/17/25,12:05 PM,12:05 PM,FREE,BUSY
03/17/25,01:05 PM,01:05 PM,Twins at Pirates,LECOM Park - Bradenton,"Local TV: SportsNet-PIT ----- Local Radio: 100.1 FM/KDKA-AM 1020",03/17/25,03/17/25,04:05 PM,04:05 PM,FALSE,TRUE,03/17/25,12:05 PM,12:05 PM,FREE,BUSY
03/18/25,01:05 PM,01:05 PM,Phillies at Pirates,LECOM Park - Bradenton,"Local TV: SportsNet-PIT- MLBN (out-of-market only)",03/18/25,03/18/25,04:05 PM,04:05 PM,FALSE,TRUE,03/18/25,12:05 PM,12:05 PM,FREE,BUSY
03/19/25,01:05 PM,01:05 PM,Pirates at Rays,Charlotte Sports Park - Port Charlotte,"Local Radio: MLB Audio",03/19/25,03/19/25,04:05 PM,04:05 PM,FALSE,TRUE,03/19/25,12:05 PM,12:05 PM,FREE,BUSY
03/21/25,06:05 PM,06:05 PM,Pirates at Red Sox,JetBlue Park - Ft. Myers,"Local TV: SportsNet-PIT+ ----- Local Radio: 100.1 FM/KDKA-AM 1020",03/21/25,03/21/25,09:05 PM,09:05 PM,FALSE,TRUE,03/21/25,05:05 PM,05:05 PM,FREE,BUSY
03/22/25,01:05 PM,01:05 PM,Orioles at Pirates,LECOM Park - Bradenton,"Local TV: SportsNet-PIT",03/22/25,03/22/25,04:05 PM,04:05 PM,FALSE,TRUE,03/22/25,12:05 PM,12:05 PM,FREE,BUSY
03/23/25,01:07 PM,01:07 PM,Pirates at Blue Jays,TD Ballpark - Dunedin,"Local TV: SportsNet-PIT ----- Local Radio: 100.1 FM/KDKA-AM 1020",03/23/25,03/23/25,04:07 PM,04:07 PM,FALSE,TRUE,03/23/25,12:07 PM,12:07 PM,FREE,BUSY
03/24/25,01:05 PM,01:05 PM,Pirates at Twins,Lee Health Sports Complex - Fort Myers,"Local TV: SportsNet-PIT ----- Local Radio: 100.1 FM/KDKA-AM 1020",03/24/25,03/24/25,04:05 PM,04:05 PM,FALSE,TRUE,03/24/25,12:05 PM,12:05 PM,FREE,BUSY
03/27/25,04:10 PM,04:10 PM,Pirates at Marlins,loanDepot park - Miami,"Local TV: SportsNet-PIT ----- Local Radio: KDKA-FM 93.7",03/27/25,03/27/25,07:10 PM,07:10 PM,FALSE,TRUE,03/27/25,03:10 PM,03:10 PM,FREE,BUSY
03/28/25,07:10 PM,07:10 PM,Pirates at Marlins,loanDepot park - Miami,"Local TV: SportsNet-PIT ----- Local Radio: KDKA-FM 93.7",03/28/25,03/28/25,10:10 PM,10:10 PM,FALSE,TRUE,03/28/25,06:10 PM,06:10 PM,FREE,BUSY
03/29/25,04:10 PM,04:10 PM,Pirates at Marlins,loanDepot park - Miami,"Local TV: SportsNet-PIT ----- Local Radio: KDKA-FM 93.7",03/29/25,03/29/25,07:10 PM,07:10 PM,FALSE,TRUE,03/29/25,03:10 PM,03:10 PM,FREE,BUSY
03/30/25,01:40 PM,01:40 PM,Pirates at Marlins,loanDepot park - Miami,"Local TV: SportsNet-PIT ----- Local Radio: KDKA-FM 93.7",03/30/25,03/30/25,04:40 PM,04:40 PM,FALSE,TRUE,03/30/25,12:40 PM,12:40 PM,FREE,BUSY
03/31/25,07:05 PM,07:05 PM,Pirates at Rays,George M. Steinbrenner Field - Tampa,"Local TV: SportsNet-PIT ----- Local Radio: KDKA-FM 93.7",03/31/25,03/31/25,10:05 PM,10:05 PM,FALSE,TRUE,03/31/25,06:05 PM,06:05 PM,FREE,BUSY
04/01/25,07:05 PM,07:05 PM,Pirates at Rays,George M. Steinbrenner Field - Tampa,"Local TV: SportsNet-PIT ----- Local Radio: KDKA-FM 93.7",04/01/25,04/01/25,10:05 PM,10:05 PM,FALSE,TRUE,04/01/25,06:05 PM,06:05 PM,FREE,BUSY
04/02/25,01:10 PM,01:10 PM,Pirates at Rays,George M. Steinbrenner Field - Tampa,"Local TV: SportsNet-PIT ----- Local Radio: KDKA-FM 93.7",04/02/25,04/02/25,04:10 PM,04:10 PM,FALSE,TRUE,04/02/25,12:10 PM,12:10 PM,FREE,BUSY
04/04/25,04:12 PM,04:12 PM,Yankees at Pirates,PNC Park - Pittsburgh,"Local TV: SportsNet-PIT ----- Local Radio: KDKA-FM 93.7",04/04/25,04/04/25,07:12 PM,07:12 PM,FALSE,TRUE,04/04/25,03:12 PM,03:12 PM,FREE,BUSY
04/05/25,04:05 PM,04:05 PM,Yankees at Pirates,PNC Park - Pittsburgh,"Local TV: SportsNet-PIT ----- Local Radio: KDKA-FM 93.7",04/05/25,04/05/25,07:05 PM,07:05 PM,FALSE,TRUE,04/05/25,03:05 PM,03:05 PM,FREE,BUSY
04/06/25,01:35 PM,01:35 PM,Yankees at Pirates,PNC Park - Pittsburgh,"Local TV: SportsNet-PIT ----- Local Radio: KDKA-FM 93.7",04/06/25,04/06/25,04:35 PM,04:35 PM,FALSE,TRUE,04/06/25,12:35 PM,12:35 PM,FREE,BUSY
04/07/25,06:40 PM,06:40 PM,Cardinals at Pirates,PNC Park - Pittsburgh,"Local TV: SportsNet-PIT ----- Local Radio: KDKA-FM 93.7",04/07/25,04/07/25,09:40 PM,09:40 PM,FALSE,TRUE,04/07/25,05:40 PM,05:40 PM,FREE,BUSY
04/08/25,06:40 PM,06:40 PM,Cardinals at Pirates,PNC Park - Pittsburgh,"Local TV: SportsNet-PIT ----- Local Radio: KDKA-FM 93.7",04/08/25,04/08/25,09:40 PM,09:40 PM,FALSE,TRUE,04/08/25,05:40 PM,05:40 PM,FREE,BUSY
04/09/25,12:35 PM,12:35 PM,Cardinals at Pirates,PNC Park - Pittsburgh,"Local TV: SportsNet-PIT ----- Local Radio: KDKA-FM 93.7",04/09/25,04/09/25,03:35 PM,03:35 PM,FALSE,TRUE,04/09/25,11:35 AM,11:35 AM,FREE,BUSY
04/11/25,06:40 PM,06:40 PM,Pirates at Reds,Great American Ball Park - Cincinnati,"Local TV: Apple TV+ ----- Local Radio: KDKA-FM 93.7",04/11/25,04/11/25,09:40 PM,09:40 PM,FALSE,TRUE,04/11/25,05:40 PM,05:40 PM,FREE,BUSY
04/12/25,06:40 PM,06:40 PM,Pirates at Reds,Great American Ball Park - Cincinnati,"Local TV: SportsNet-PIT ----- Local Radio: KDKA-FM 93.7",04/12/25,04/12/25,09:40 PM,09:40 PM,FALSE,TRUE,04/12/25,05:40 PM,05:40 PM,FREE,BUSY
04/13/25,01:40 PM,01:40 PM,Pirates at Reds,Great American Ball Park - Cincinnati,"Local TV: SportsNet-PIT ----- Local Radio: KDKA-FM 93.7",04/13/25,04/13/25,04:40 PM,04:40 PM,FALSE,TRUE,04/13/25,12:40 PM,12:40 PM,FREE,BUSY
04/14/25,06:40 PM,06:40 PM,Nationals at Pirates,PNC Park - Pittsburgh,"Local TV: SportsNet-PIT ----- Local Radio: KDKA-FM 93.7",04/14/25,04/14/25,09:40 PM,09:40 PM,FALSE,TRUE,04/14/25,05:40 PM,05:40 PM,FREE,BUSY
04/15/25,06:40 PM,06:40 PM,Nationals at Pirates,PNC Park - Pittsburgh,"Local TV: SportsNet-PIT ----- Local Radio: KDKA-FM 93.7",04/15/25,04/15/25,09:40 PM,09:40 PM,FALSE,TRUE,04/15/25,05:40 PM,05:40 PM,FREE,BUSY
04/16/25,06:40 PM,06:40 PM,Nationals at Pirates,PNC Park - Pittsburgh,"Local TV: SportsNet-PIT ----- Local Radio: KDKA-FM 93.7",04/16/25,04/16/25,09:40 PM,09:40 PM,FALSE,TRUE,04/16/25,05:40 PM,05:40 PM,FREE,BUSY
04/17/25,12:35 PM,12:35 PM,Nationals at Pirates,PNC Park - Pittsburgh,"Local TV: SportsNet-PIT- MLBN (out-of-market only) ----- Local Radio: KDKA-FM 93.7",04/17/25,04/17/25,03:35 PM,03:35 PM,FALSE,TRUE,04/17/25,11:35 AM,11:35 AM,FREE,BUSY
04/18/25,06:40 PM,06:40 PM,Guardians at Pirates,PNC Park - Pittsburgh,"Local TV: SportsNet-PIT ----- Local Radio: KDKA-FM 93.7",04/18/25,04/18/25,09:40 PM,09:40 PM,FALSE,TRUE,04/18/25,05:40 PM,05:40 PM,FREE,BUSY
04/19/25,04:05 PM,04:05 PM,Guardians at Pirates,PNC Park - Pittsburgh,"Local TV: SportsNet-PIT ----- Local Radio: KDKA-FM 93.7",04/19/25,04/19/25,07:05 PM,07:05 PM,FALSE,TRUE,04/19/25,03:05 PM,03:05 PM,FREE,BUSY
04/20/25,01:35 PM,01:35 PM,Guardians at Pirates,PNC Park - Pittsburgh,"Local TV: SportsNet-PIT ----- Local Radio: KDKA-FM 93.7",04/20/25,04/20/25,04:35 PM,04:35 PM,FALSE,TRUE,04/20/25,12:35 PM,12:35 PM,FREE,BUSY
04/22/25,09:38 PM,09:38 PM,Pirates at Angels,Angel Stadium - Anaheim,"Local TV: SportsNet-PIT ----- Local Radio: KDKA-FM 93.7",04/23/25,04/23/25,12:38 AM,12:38 AM,FALSE,TRUE,04/22/25,08:38 PM,08:38 PM,FREE,BUSY
04/23/25,09:38 PM,09:38 PM,Pirates at Angels,Angel Stadium - Anaheim,"Local TV: SportsNet-PIT ----- Local Radio: KDKA-FM 93.7",04/24/25,04/24/25,12:38 AM,12:38 AM,FALSE,TRUE,04/23/25,08:38 PM,08:38 PM,FREE,BUSY
04/24/25,09:29 PM,09:29 PM,Pirates at Angels,Angel Stadium - Anaheim,"Local TV: SportsNet-PIT ----- Local Radio: KDKA-FM 93.7",04/25/25,04/25/25,12:29 AM,12:29 AM,FALSE,TRUE,04/24/25,08:29 PM,08:29 PM,FREE,BUSY
04/25/25,10:10 PM,10:10 PM,Pirates at Dodgers,Dodger Stadium - Los Angeles,"Local TV: SportsNet-PIT- MLBN (out-of-market only) ----- Local Radio: KDKA-FM 93.7",04/26/25,04/26/25,01:10 AM,01:10 AM,FALSE,TRUE,04/25/25,09:10 PM,09:10 PM,FREE,BUSY
04/26/25,09:10 PM,09:10 PM,Pirates at Dodgers,Dodger Stadium - Los Angeles,"Local TV: SportsNet-PIT ----- Local Radio: KDKA-FM 93.7",04/27/25,04/27/25,12:10 AM,12:10 AM,FALSE,TRUE,04/26/25,08:10 PM,08:10 PM,FREE,BUSY
04/27/25,04:10 PM,04:10 PM,Pirates at Dodgers,Dodger Stadium - Los Angeles,"Local TV: SportsNet-PIT ----- Local Radio: KDKA-FM 93.7",04/27/25,04/27/25,07:10 PM,07:10 PM,FALSE,TRUE,04/27/25,03:10 PM,03:10 PM,FREE,BUSY
04/29/25,06:40 PM,06:40 PM,Cubs at Pirates,PNC Park - Pittsburgh,"Local TV: SportsNet-PIT ----- Local Radio: KDKA-FM 93.7",04/29/25,04/29/25,09:40 PM,09:40 PM,FALSE,TRUE,04/29/25,05:40 PM,05:40 PM,FREE,BUSY
04/30/25,06:40 PM,06:40 PM,Cubs at Pirates,PNC Park - Pittsburgh,"Local TV: SportsNet-PIT ----- Local Radio: KDKA-FM 93.7",04/30/25,04/30/25,09:40 PM,09:40 PM,FALSE,TRUE,04/30/25,05:40 PM,05:40 PM,FREE,BUSY
05/01/25,12:35 PM,12:35 PM,Cubs at Pirates,PNC Park - Pittsburgh,"Local TV: SportsNet-PIT ----- Local Radio: 100.1 FM/KDKA-AM 1020",05/01/25,05/01/25,03:35 PM,03:35 PM,FALSE,TRUE,05/01/25,11:35 AM,11:35 AM,FREE,BUSY
05/02/25,06:40 PM,06:40 PM,Padres at Pirates,PNC Park - Pittsburgh,"Local TV: Apple TV+ ----- Local Radio: KDKA-FM 93.7",05/02/25,05/02/25,09:40 PM,09:40 PM,FALSE,TRUE,05/02/25,05:40 PM,05:40 PM,FREE,BUSY
05/03/25,04:05 PM,04:05 PM,Padres at Pirates,PNC Park - Pittsburgh,"Local TV: SportsNet-PIT ----- Local Radio: KDKA-FM 93.7",05/03/25,05/03/25,07:05 PM,07:05 PM,FALSE,TRUE,05/03/25,03:05 PM,03:05 PM,FREE,BUSY
05/04/25,01:35 PM,01:35 PM,Padres at Pirates,PNC Park - Pittsburgh,"Local TV: SportsNet-PIT ----- Local Radio: KDKA-FM 93.7",05/04/25,05/04/25,04:35 PM,04:35 PM,FALSE,TRUE,05/04/25,12:35 PM,12:35 PM,FREE,BUSY
05/05/25,07:45 PM,07:45 PM,Pirates at Cardinals,Busch Stadium - St. Louis,"Local TV: SportsNet-PIT ----- Local Radio: KDKA-FM 93.7",05/05/25,05/05/25,10:45 PM,10:45 PM,FALSE,TRUE,05/05/25,06:45 PM,06:45 PM,FREE,BUSY
05/06/25,07:45 PM,07:45 PM,Pirates at Cardinals,Busch Stadium - St. Louis,"Local TV: SportsNet-PIT ----- Local Radio: KDKA-FM 93.7",05/06/25,05/06/25,10:45 PM,10:45 PM,FALSE,TRUE,05/06/25,06:45 PM,06:45 PM,FREE,BUSY
05/07/25,01:15 PM,01:15 PM,Pirates at Cardinals,Busch Stadium - St. Louis,"Local TV: SportsNet-PIT- MLBN (out-of-market only) ----- Local Radio: 100.1 FM/KDKA-AM 1020",05/07/25,05/07/25,04:15 PM,04:15 PM,FALSE,TRUE,05/07/25,12:15 PM,12:15 PM,FREE,BUSY
05/09/25,06:40 PM,06:40 PM,Braves at Pirates,PNC Park - Pittsburgh,"Local TV: SportsNet-PIT ----- Local Radio: KDKA-FM 93.7",05/09/25,05/09/25,09:40 PM,09:40 PM,FALSE,TRUE,05/09/25,05:40 PM,05:40 PM,FREE,BUSY
05/10/25,04:05 PM,04:05 PM,Braves at Pirates,PNC Park - Pittsburgh,"Local TV: SportsNet-PIT ----- Local Radio: KDKA-FM 93.7",05/10/25,05/10/25,07:05 PM,07:05 PM,FALSE,TRUE,05/10/25,03:05 PM,03:05 PM,FREE,BUSY
05/11/25,01:35 PM,01:35 PM,Braves at Pirates,PNC Park - Pittsburgh,"Local TV: SportsNet-PIT- MLBN (out-of-market only) ----- Local Radio: KDKA-FM 93.7",05/11/25,05/11/25,04:35 PM,04:35 PM,FALSE,TRUE,05/11/25,12:35 PM,12:35 PM,FREE,BUSY
05/12/25,07:10 PM,07:10 PM,Pirates at Mets,Citi Field - Flushing,"Local TV: SportsNet-PIT ----- Local Radio: KDKA-FM 93.7",05/12/25,05/12/25,10:10 PM,10:10 PM,FALSE,TRUE,05/12/25,06:10 PM,06:10 PM,FREE,BUSY
05/13/25,07:10 PM,07:10 PM,Pirates at Mets,Citi Field - Flushing,"Local TV: SportsNet-PIT ----- Local Radio: KDKA-FM 93.7",05/13/25,05/13/25,10:10 PM,10:10 PM,FALSE,TRUE,05/13/25,06:10 PM,06:10 PM,FREE,BUSY
05/14/25,07:10 PM,07:10 PM,Pirates at Mets,Citi Field - Flushing,"Local TV: SportsNet-PIT- MLBN (out-of-market only) ----- Local Radio: KDKA-FM 93.7",05/14/25,05/14/25,10:10 PM,10:10 PM,FALSE,TRUE,05/14/25,06:10 PM,06:10 PM,FREE,BUSY
05/16/25,06:45 PM,06:45 PM,Pirates at Phillies,Citizens Bank Park - Philadelphia,"Local TV: SportsNet-PIT ----- Local Radio: KDKA-FM 93.7",05/16/25,05/16/25,09:45 PM,09:45 PM,FALSE,TRUE,05/16/25,05:45 PM,05:45 PM,FREE,BUSY
05/17/25,06:05 PM,06:05 PM,Pirates at Phillies,Citizens Bank Park - Philadelphia,"Local TV: SportsNet-PIT ----- Local Radio: KDKA-FM 93.7",05/17/25,05/17/25,09:05 PM,09:05 PM,FALSE,TRUE,05/17/25,05:05 PM,05:05 PM,FREE,BUSY
05/18/25,01:35 PM,01:35 PM,Pirates at Phillies,Citizens Bank Park - Philadelphia,"Local TV: SportsNet-PIT ----- Local Radio: KDKA-FM 93.7",05/18/25,05/18/25,04:35 PM,04:35 PM,FALSE,TRUE,05/18/25,12:35 PM,12:35 PM,FREE,BUSY
05/19/25,06:40 PM,06:40 PM,Reds at Pirates,PNC Park - Pittsburgh,"Local TV: SportsNet-PIT- FS1 ----- Local Radio: KDKA-FM 93.7",05/19/25,05/19/25,09:40 PM,09:40 PM,FALSE,TRUE,05/19/25,05:40 PM,05:40 PM,FREE,BUSY
05/20/25,06:40 PM,06:40 PM,Reds at Pirates,PNC Park - Pittsburgh,"Local TV: SportsNet-PIT ----- Local Radio: KDKA-FM 93.7",05/20/25,05/20/25,09:40 PM,09:40 PM,FALSE,TRUE,05/20/25,05:40 PM,05:40 PM,FREE,BUSY
05/21/25,12:35 PM,12:35 PM,Reds at Pirates,PNC Park - Pittsburgh,"Local TV: SportsNet-PIT ----- Local Radio: 100.1 FM/KDKA-AM 1020",05/21/25,05/21/25,03:35 PM,03:35 PM,FALSE,TRUE,05/21/25,11:35 AM,11:35 AM,FREE,BUSY
05/22/25,06:40 PM,06:40 PM,Brewers at Pirates,PNC Park - Pittsburgh,"Local TV: SportsNet-PIT ----- Local Radio: KDKA-FM 93.7",05/22/25,05/22/25,09:40 PM,09:40 PM,FALSE,TRUE,05/22/25,05:40 PM,05:40 PM,FREE,BUSY
05/23/25,06:40 PM,06:40 PM,Brewers at Pirates,PNC Park - Pittsburgh,"Local TV: SportsNet-PIT ----- Local Radio: KDKA-FM 93.7",05/23/25,05/23/25,09:40 PM,09:40 PM,FALSE,TRUE,05/23/25,05:40 PM,05:40 PM,FREE,BUSY
05/24/25,04:05 PM,04:05 PM,Brewers at Pirates,PNC Park - Pittsburgh,"Local TV: SportsNet-PIT ----- Local Radio: KDKA-FM 93.7",05/24/25,05/24/25,07:05 PM,07:05 PM,FALSE,TRUE,05/24/25,03:05 PM,03:05 PM,FREE,BUSY
05/25/25,01:35 PM,01:35 PM,Brewers at Pirates,PNC Park - Pittsburgh,"Local TV: SportsNet-PIT ----- Local Radio: KDKA-FM 93.7",05/25/25,05/25/25,04:35 PM,04:35 PM,FALSE,TRUE,05/25/25,12:35 PM,12:35 PM,FREE,BUSY
05/26/25,08:10 PM,08:10 PM,Pirates at D-backs,Chase Field - Phoenix,"Local TV: SportsNet-PIT- MLBN (out-of-market only) ----- Local Radio: KDKA-FM 93.7",05/26/25,05/26/25,11:10 PM,11:10 PM,FALSE,TRUE,05/26/25,07:10 PM,07:10 PM,FREE,BUSY
05/27/25,09:40 PM,09:40 PM,Pirates at D-backs,Chase Field - Phoenix,"Local TV: SportsNet-PIT- MLBN (out-of-market only) ----- Local Radio: KDKA-FM 93.7",05/28/25,05/28/25,12:40 AM,12:40 AM,FALSE,TRUE,05/27/25,08:40 PM,08:40 PM,FREE,BUSY
05/28/25,03:40 PM,03:40 PM,Pirates at D-backs,Chase Field - Phoenix,"Local TV: SportsNet-PIT ----- Local Radio: 100.1 FM/KDKA-AM 1020",05/28/25,05/28/25,06:40 PM,06:40 PM,FALSE,TRUE,05/28/25,02:40 PM,02:40 PM,FREE,BUSY
05/30/25,09:40 PM,09:40 PM,Pirates at Padres,Petco Park - San Diego,"Local TV: SportsNet-PIT- MLBN (out-of-market only) ----- Local Radio: KDKA-FM 93.7",05/31/25,05/31/25,12:40 AM,12:40 AM,FALSE,TRUE,05/30/25,08:40 PM,08:40 PM,FREE,BUSY
05/31/25,09:40 PM,09:40 PM,Pirates at Padres,Petco Park - San Diego,"Local TV: SportsNet-PIT ----- Local Radio: KDKA-FM 93.7",06/01/25,06/01/25,12:40 AM,12:40 AM,FALSE,TRUE,05/31/25,08:40 PM,08:40 PM,FREE,BUSY
06/01/25,05:10 PM,05:10 PM,Pirates at Padres,Petco Park - San Diego,"Local TV: SportsNet-PIT ----- Local Radio: KDKA-FM 93.7",06/01/25,06/01/25,08:10 PM,08:10 PM,FALSE,TRUE,06/01/25,04:10 PM,04:10 PM,FREE,BUSY
06/03/25,06:40 PM,06:40 PM,Astros at Pirates,PNC Park - Pittsburgh,"Local TV: SportsNet-PIT ----- Local Radio: KDKA-FM 93.7",06/03/25,06/03/25,09:40 PM,09:40 PM,FALSE,TRUE,06/03/25,05:40 PM,05:40 PM,FREE,BUSY
06/04/25,06:40 PM,06:40 PM,Astros at Pirates,PNC Park - Pittsburgh,"Local TV: SportsNet-PIT ----- Local Radio: KDKA-FM 93.7",06/04/25,06/04/25,09:40 PM,09:40 PM,FALSE,TRUE,06/04/25,05:40 PM,05:40 PM,FREE,BUSY
06/05/25,06:40 PM,06:40 PM,Astros at Pirates,PNC Park - Pittsburgh,"Local TV: SportsNet-PIT ----- Local Radio: 100.1 FM/KDKA-AM 1020",06/05/25,06/05/25,09:40 PM,09:40 PM,FALSE,TRUE,06/05/25,05:40 PM,05:40 PM,FREE,BUSY
06/06/25,06:40 PM,06:40 PM,Phillies at Pirates,PNC Park - Pittsburgh,"Local TV: SportsNet-PIT ----- Local Radio: KDKA-FM 93.7",06/06/25,06/06/25,09:40 PM,09:40 PM,FALSE,TRUE,06/06/25,05:40 PM,05:40 PM,FREE,BUSY
06/07/25,04:05 PM,04:05 PM,Phillies at Pirates,PNC Park - Pittsburgh,"Local TV: SportsNet-PIT ----- Local Radio: KDKA-FM 93.7",06/07/25,06/07/25,07:05 PM,07:05 PM,FALSE,TRUE,06/07/25,03:05 PM,03:05 PM,FREE,BUSY
06/08/25,01:35 PM,01:35 PM,Phillies at Pirates,PNC Park - Pittsburgh,"Local TV: SportsNet-PIT- MLBN (out-of-market only) ----- Local Radio: KDKA-FM 93.7",06/08/25,06/08/25,04:35 PM,04:35 PM,FALSE,TRUE,06/08/25,12:35 PM,12:35 PM,FREE,BUSY
06/09/25,06:40 PM,06:40 PM,Marlins at Pirates,PNC Park - Pittsburgh,"Local TV: SportsNet-PIT- FS1 ----- Local Radio: KDKA-FM 93.7",06/09/25,06/09/25,09:40 PM,09:40 PM,FALSE,TRUE,06/09/25,05:40 PM,05:40 PM,FREE,BUSY
06/10/25,06:40 PM,06:40 PM,Marlins at Pirates,PNC Park - Pittsburgh,"Local TV: SportsNet-PIT ----- Local Radio: KDKA-FM 93.7",06/10/25,06/10/25,09:40 PM,09:40 PM,FALSE,TRUE,06/10/25,05:40 PM,05:40 PM,FREE,BUSY
06/11/25,12:35 PM,12:35 PM,Marlins at Pirates,PNC Park - Pittsburgh,"Local TV: SportsNet-PIT ----- Local Radio: 100.1 FM/KDKA-AM 1020",06/11/25,06/11/25,03:35 PM,03:35 PM,FALSE,TRUE,06/11/25,11:35 AM,11:35 AM,FREE,BUSY
06/12/25,08:05 PM,08:05 PM,Pirates at Cubs,Wrigley Field - Chicago,"Local TV: SportsNet-PIT ----- Local Radio: KDKA-FM 93.7",06/12/25,06/12/25,11:05 PM,11:05 PM,FALSE,TRUE,06/12/25,07:05 PM,07:05 PM,FREE,BUSY
06/13/25,02:20 PM,02:20 PM,Pirates at Cubs,Wrigley Field - Chicago,"Local TV: SportsNet-PIT- MLBN (out-of-market only) ----- Local Radio: 100.1 FM/KDKA-AM 1020",06/13/25,06/13/25,05:20 PM,05:20 PM,FALSE,TRUE,06/13/25,01:20 PM,01:20 PM,FREE,BUSY
06/14/25,02:20 PM,02:20 PM,Pirates at Cubs,Wrigley Field - Chicago,"Local TV: SportsNet-PIT ----- Local Radio: KDKA-FM 93.7",06/14/25,06/14/25,05:20 PM,05:20 PM,FALSE,TRUE,06/14/25,01:20 PM,01:20 PM,FREE,BUSY
06/15/25,02:20 PM,02:20 PM,Pirates at Cubs,Wrigley Field - Chicago,"Local TV: SportsNet-PIT ----- Local Radio: KDKA-FM 93.7",06/15/25,06/15/25,05:20 PM,05:20 PM,FALSE,TRUE,06/15/25,01:20 PM,01:20 PM,FREE,BUSY
06/17/25,06:40 PM,06:40 PM,Pirates at Tigers,Comerica Park - Detroit,"Local TV: SportsNet-PIT ----- Local Radio: KDKA-FM 93.7",06/17/25,06/17/25,09:40 PM,09:40 PM,FALSE,TRUE,06/17/25,05:40 PM,05:40 PM,FREE,BUSY
06/19/25,01:10 PM,01:10 PM,Pirates at Tigers,Comerica Park - Detroit,"Local TV: SportsNet-PIT ----- Local Radio: 100.1 FM/KDKA-AM 1020",06/19/25,06/19/25,04:10 PM,04:10 PM,FALSE,TRUE,06/19/25,12:10 PM,12:10 PM,FREE,BUSY
06/19/25,06:10 PM,06:10 PM,Pirates at Tigers,Comerica Park - Detroit,"Local TV: SportsNet-PIT ----- Local Radio: KDKA-FM 93.7",06/19/25,06/19/25,09:10 PM,09:10 PM,FALSE,TRUE,06/19/25,05:10 PM,05:10 PM,FREE,BUSY
06/20/25,06:40 PM,06:40 PM,Rangers at Pirates,PNC Park - Pittsburgh,"Local TV: SportsNet-PIT ----- Local Radio: KDKA-FM 93.7",06/20/25,06/20/25,09:40 PM,09:40 PM,FALSE,TRUE,06/20/25,05:40 PM,05:40 PM,FREE,BUSY
06/21/25,04:05 PM,04:05 PM,Rangers at Pirates,PNC Park - Pittsburgh,"Local TV: SportsNet-PIT- FS1 ----- Local Radio: KDKA-FM 93.7",06/21/25,06/21/25,07:05 PM,07:05 PM,FALSE,TRUE,06/21/25,03:05 PM,03:05 PM,FREE,BUSY
06/22/25,01:35 PM,01:35 PM,Rangers at Pirates,PNC Park - Pittsburgh,"Local TV: SportsNet-PIT- MLBN (out-of-market only) ----- Local Radio: KDKA-FM 93.7",06/22/25,06/22/25,04:35 PM,04:35 PM,FALSE,TRUE,06/22/25,12:35 PM,12:35 PM,FREE,BUSY
06/23/25,07:40 PM,07:40 PM,Pirates at Brewers,American Family Field - Milwaukee,"Local TV: SportsNet-PIT ----- Local Radio: KDKA-FM 93.7",06/23/25,06/23/25,10:40 PM,10:40 PM,FALSE,TRUE,06/23/25,06:40 PM,06:40 PM,FREE,BUSY
06/24/25,07:40 PM,07:40 PM,Pirates at Brewers,American Family Field - Milwaukee,"Local TV: SportsNet-PIT ----- Local Radio: KDKA-FM 93.7",06/24/25,06/24/25,10:40 PM,10:40 PM,FALSE,TRUE,06/24/25,06:40 PM,06:40 PM,FREE,BUSY
06/25/25,02:10 PM,02:10 PM,Pirates at Brewers,American Family Field - Milwaukee,"Local TV: SportsNet-PIT- MLBN (out-of-market only) ----- Local Radio: 100.1 FM/KDKA-AM 1020",06/25/25,06/25/25,05:10 PM,05:10 PM,FALSE,TRUE,06/25/25,01:10 PM,01:10 PM,FREE,BUSY
06/27/25,06:40 PM,06:40 PM,Mets at Pirates,PNC Park - Pittsburgh,"Local TV: SportsNet-PIT ----- Local Radio: KDKA-FM 93.7",06/27/25,06/27/25,09:40 PM,09:40 PM,FALSE,TRUE,06/27/25,05:40 PM,05:40 PM,FREE,BUSY
06/28/25,04:05 PM,04:05 PM,Mets at Pirates,PNC Park - Pittsburgh,"Local TV: SportsNet-PIT ----- Local Radio: KDKA-FM 93.7",06/28/25,06/28/25,07:05 PM,07:05 PM,FALSE,TRUE,06/28/25,03:05 PM,03:05 PM,FREE,BUSY
06/29/25,01:35 PM,01:35 PM,Mets at Pirates,PNC Park - Pittsburgh,"Local TV: SportsNet-PIT ----- Local Radio: KDKA-FM 93.7",06/29/25,06/29/25,04:35 PM,04:35 PM,FALSE,TRUE,06/29/25,12:35 PM,12:35 PM,FREE,BUSY
06/30/25,06:40 PM,06:40 PM,Cardinals at Pirates,PNC Park - Pittsburgh,"Local TV: SportsNet-PIT ----- Local Radio: KDKA-FM 93.7",06/30/25,06/30/25,09:40 PM,09:40 PM,FALSE,TRUE,06/30/25,05:40 PM,05:40 PM,FREE,BUSY
07/01/25,06:40 PM,06:40 PM,Cardinals at Pirates,PNC Park - Pittsburgh,"Local TV: SportsNet-PIT ----- Local Radio: KDKA-FM 93.7",07/01/25,07/01/25,09:40 PM,09:40 PM,FALSE,TRUE,07/01/25,05:40 PM,05:40 PM,FREE,BUSY
07/02/25,12:35 PM,12:35 PM,Cardinals at Pirates,PNC Park - Pittsburgh,"Local TV: SportsNet-PIT- MLBN (out-of-market only) ----- Local Radio: 100.1 FM/KDKA-AM 1020",07/02/25,07/02/25,03:35 PM,03:35 PM,FALSE,TRUE,07/02/25,11:35 AM,11:35 AM,FREE,BUSY
07/04/25,04:10 PM,04:10 PM,Pirates at Mariners,T-Mobile Park - Seattle,"Local TV: SportsNet-PIT ----- Local Radio: 100.1 FM/KDKA-AM 1020- KDKA-FM 93.7",07/04/25,07/04/25,07:10 PM,07:10 PM,FALSE,TRUE,07/04/25,03:10 PM,03:10 PM,FREE,BUSY
07/05/25,10:10 PM,10:10 PM,Pirates at Mariners,T-Mobile Park - Seattle,"Local TV: SportsNet-PIT- FS1 ----- Local Radio: KDKA-FM 93.7",07/06/25,07/06/25,01:10 AM,01:10 AM,FALSE,TRUE,07/05/25,09:10 PM,09:10 PM,FREE,BUSY
07/06/25,04:10 PM,04:10 PM,Pirates at Mariners,T-Mobile Park - Seattle,"Local TV: SportsNet-PIT ----- Local Radio: KDKA-FM 93.7",07/06/25,07/06/25,07:10 PM,07:10 PM,FALSE,TRUE,07/06/25,03:10 PM,03:10 PM,FREE,BUSY
07/07/25,07:40 PM,07:40 PM,Pirates at Royals,Kauffman Stadium - Kansas City,"Local TV: SportsNet-PIT ----- Local Radio: KDKA-FM 93.7",07/07/25,07/07/25,10:40 PM,10:40 PM,FALSE,TRUE,07/07/25,06:40 PM,06:40 PM,FREE,BUSY
07/08/25,07:40 PM,07:40 PM,Pirates at Royals,Kauffman Stadium - Kansas City,"Local TV: SportsNet-PIT ----- Local Radio: KDKA-FM 93.7",07/08/25,07/08/25,10:40 PM,10:40 PM,FALSE,TRUE,07/08/25,06:40 PM,06:40 PM,FREE,BUSY
07/09/25,07:40 PM,07:40 PM,Pirates at Royals,Kauffman Stadium - Kansas City,"Local TV: SportsNet-PIT ----- Local Radio: KDKA-FM 93.7",07/09/25,07/09/25,10:40 PM,10:40 PM,FALSE,TRUE,07/09/25,06:40 PM,06:40 PM,FREE,BUSY
07/11/25,08:10 PM,08:10 PM,Pirates at Twins,Target Field - Minneapolis,"Local TV: SportsNet-PIT ----- Local Radio: KDKA-FM 93.7",07/11/25,07/11/25,11:10 PM,11:10 PM,FALSE,TRUE,07/11/25,07:10 PM,07:10 PM,FREE,BUSY
07/12/25,02:10 PM,02:10 PM,Pirates at Twins,Target Field - Minneapolis,"Local TV: SportsNet-PIT ----- Local Radio: KDKA-FM 93.7",07/12/25,07/12/25,05:10 PM,05:10 PM,FALSE,TRUE,07/12/25,01:10 PM,01:10 PM,FREE,BUSY
07/13/25,02:10 PM,02:10 PM,Pirates at Twins,Target Field - Minneapolis,"Local TV: SportsNet-PIT ----- Local Radio: KDKA-FM 93.7",07/13/25,07/13/25,05:10 PM,05:10 PM,FALSE,TRUE,07/13/25,01:10 PM,01:10 PM,FREE,BUSY
07/18/25,06:40 PM,06:40 PM,White Sox at Pirates,PNC Park - Pittsburgh,"Local TV: SportsNet-PIT ----- Local Radio: KDKA-FM 93.7",07/18/25,07/18/25,09:40 PM,09:40 PM,FALSE,TRUE,07/18/25,05:40 PM,05:40 PM,FREE,BUSY
07/19/25,06:40 PM,06:40 PM,White Sox at Pirates,PNC Park - Pittsburgh,"Local TV: SportsNet-PIT ----- Local Radio: KDKA-FM 93.7",07/19/25,07/19/25,09:40 PM,09:40 PM,FALSE,TRUE,07/19/25,05:40 PM,05:40 PM,FREE,BUSY
07/20/25,01:35 PM,01:35 PM,White Sox at Pirates,PNC Park - Pittsburgh,"Local TV: SportsNet-PIT ----- Local Radio: KDKA-FM 93.7",07/20/25,07/20/25,04:35 PM,04:35 PM,FALSE,TRUE,07/20/25,12:35 PM,12:35 PM,FREE,BUSY
07/21/25,06:40 PM,06:40 PM,Tigers at Pirates,PNC Park - Pittsburgh,"Local TV: SportsNet-PIT ----- Local Radio: KDKA-FM 93.7",07/21/25,07/21/25,09:40 PM,09:40 PM,FALSE,TRUE,07/21/25,05:40 PM,05:40 PM,FREE,BUSY
07/22/25,06:40 PM,06:40 PM,Tigers at Pirates,PNC Park - Pittsburgh,"Local TV: SportsNet-PIT ----- Local Radio: KDKA-FM 93.7",07/22/25,07/22/25,09:40 PM,09:40 PM,FALSE,TRUE,07/22/25,05:40 PM,05:40 PM,FREE,BUSY
07/23/25,12:35 PM,12:35 PM,Tigers at Pirates,PNC Park - Pittsburgh,"Local TV: SportsNet-PIT ----- Local Radio: KDKA-FM 93.7",07/23/25,07/23/25,03:35 PM,03:35 PM,FALSE,TRUE,07/23/25,11:35 AM,11:35 AM,FREE,BUSY
07/25/25,06:40 PM,06:40 PM,D-backs at Pirates,PNC Park - Pittsburgh,"Local TV: SportsNet-PIT ----- Local Radio: KDKA-FM 93.7",07/25/25,07/25/25,09:40 PM,09:40 PM,FALSE,TRUE,07/25/25,05:40 PM,05:40 PM,FREE,BUSY
07/26/25,06:40 PM,06:40 PM,D-backs at Pirates,PNC Park - Pittsburgh,"Local TV: SportsNet-PIT ----- Local Radio: KDKA-FM 93.7",07/26/25,07/26/25,09:40 PM,09:40 PM,FALSE,TRUE,07/26/25,05:40 PM,05:40 PM,FREE,BUSY
07/27/25,01:35 PM,01:35 PM,D-backs at Pirates,PNC Park - Pittsburgh,"Local TV: SportsNet-PIT ----- Local Radio: KDKA-FM 93.7",07/27/25,07/27/25,04:35 PM,04:35 PM,FALSE,TRUE,07/27/25,12:35 PM,12:35 PM,FREE,BUSY
07/28/25,09:45 PM,09:45 PM,Pirates at Giants,Oracle Park - San Francisco,"Local TV: SportsNet-PIT- MLBN (out-of-market only) ----- Local Radio: KDKA-FM 93.7",07/29/25,07/29/25,12:45 AM,12:45 AM,FALSE,TRUE,07/28/25,08:45 PM,08:45 PM,FREE,BUSY
07/29/25,09:45 PM,09:45 PM,Pirates at Giants,Oracle Park - San Francisco,"Local TV: SportsNet-PIT- MLBN (out-of-market only) ----- Local Radio: KDKA-FM 93.7",07/30/25,07/30/25,12:45 AM,12:45 AM,FALSE,TRUE,07/29/25,08:45 PM,08:45 PM,FREE,BUSY
07/30/25,03:45 PM,03:45 PM,Pirates at Giants,Oracle Park - San Francisco,"Local TV: SportsNet-PIT ----- Local Radio: 100.1 FM/KDKA-AM 1020",07/30/25,07/30/25,06:45 PM,06:45 PM,FALSE,TRUE,07/30/25,02:45 PM,02:45 PM,FREE,BUSY
08/01/25,08:10 PM,08:10 PM,Pirates at Rockies,Coors Field - Denver,"Local TV: SportsNet-PIT ----- Local Radio: KDKA-FM 93.7",08/01/25,08/01/25,11:10 PM,11:10 PM,FALSE,TRUE,08/01/25,07:10 PM,07:10 PM,FREE,BUSY
08/02/25,03:10 PM,03:10 PM,Pirates at Rockies,Coors Field - Denver,"Local TV: SportsNet-PIT ----- Local Radio: KDKA-FM 93.7",08/02/25,08/02/25,06:10 PM,06:10 PM,FALSE,TRUE,08/02/25,02:10 PM,02:10 PM,FREE,BUSY
08/03/25,03:10 PM,03:10 PM,Pirates at Rockies,Coors Field - Denver,"Local TV: SportsNet-PIT ----- Local Radio: KDKA-FM 93.7",08/03/25,08/03/25,06:10 PM,06:10 PM,FALSE,TRUE,08/03/25,02:10 PM,02:10 PM,FREE,BUSY
08/04/25,06:40 PM,06:40 PM,Giants at Pirates,PNC Park - Pittsburgh,"Local TV: SportsNet-PIT ----- Local Radio: KDKA-FM 93.7",08/04/25,08/04/25,09:40 PM,09:40 PM,FALSE,TRUE,08/04/25,05:40 PM,05:40 PM,FREE,BUSY
08/05/25,06:40 PM,06:40 PM,Giants at Pirates,PNC Park - Pittsburgh,"Local TV: SportsNet-PIT ----- Local Radio: KDKA-FM 93.7",08/05/25,08/05/25,09:40 PM,09:40 PM,FALSE,TRUE,08/05/25,05:40 PM,05:40 PM,FREE,BUSY
08/06/25,12:35 PM,12:35 PM,Giants at Pirates,PNC Park - Pittsburgh,"Local TV: SportsNet-PIT ----- Local Radio: 100.1 FM/KDKA-AM 1020",08/06/25,08/06/25,03:35 PM,03:35 PM,FALSE,TRUE,08/06/25,11:35 AM,11:35 AM,FREE,BUSY
08/07/25,06:40 PM,06:40 PM,Reds at Pirates,PNC Park - Pittsburgh,"Local TV: SportsNet-PIT- MLBN (out-of-market only) ----- Local Radio: KDKA-FM 93.7",08/07/25,08/07/25,09:40 PM,09:40 PM,FALSE,TRUE,08/07/25,05:40 PM,05:40 PM,FREE,BUSY
08/08/25,06:40 PM,06:40 PM,Reds at Pirates,PNC Park - Pittsburgh,"Local TV: Apple TV+ ----- Local Radio: KDKA-FM 93.7",08/08/25,08/08/25,09:40 PM,09:40 PM,FALSE,TRUE,08/08/25,05:40 PM,05:40 PM,FREE,BUSY
08/09/25,06:40 PM,06:40 PM,Reds at Pirates,PNC Park - Pittsburgh,"Local TV: SportsNet-PIT ----- Local Radio: KDKA-FM 93.7",08/09/25,08/09/25,09:40 PM,09:40 PM,FALSE,TRUE,08/09/25,05:40 PM,05:40 PM,FREE,BUSY
08/10/25,01:35 PM,01:35 PM,Reds at Pirates,PNC Park - Pittsburgh,"Local TV: SportsNet-PIT- MLBN (out-of-market only) ----- Local Radio: KDKA-FM 93.7",08/10/25,08/10/25,04:35 PM,04:35 PM,FALSE,TRUE,08/10/25,12:35 PM,12:35 PM,FREE,BUSY
08/11/25,07:40 PM,07:40 PM,Pirates at Brewers,American Family Field - Milwaukee,"Local TV: SportsNet-PIT- MLBN (out-of-market only) ----- Local Radio: KDKA-FM 93.7",08/11/25,08/11/25,10:40 PM,10:40 PM,FALSE,TRUE,08/11/25,06:40 PM,06:40 PM,FREE,BUSY
08/12/25,07:40 PM,07:40 PM,Pirates at Brewers,American Family Field - Milwaukee,"Local TV: SportsNet-PIT ----- Local Radio: KDKA-FM 93.7",08/12/25,08/12/25,10:40 PM,10:40 PM,FALSE,TRUE,08/12/25,06:40 PM,06:40 PM,FREE,BUSY
08/13/25,02:10 PM,02:10 PM,Pirates at Brewers,American Family Field - Milwaukee,"Local TV: SportsNet-PIT- MLBN (out-of-market only) ----- Local Radio: 100.1 FM/KDKA-AM 1020",08/13/25,08/13/25,05:10 PM,05:10 PM,FALSE,TRUE,08/13/25,01:10 PM,01:10 PM,FREE,BUSY
08/15/25,02:20 PM,02:20 PM,Pirates at Cubs,Wrigley Field - Chicago,"Local TV: SportsNet-PIT- MLBN (out-of-market only) ----- Local Radio: 100.1 FM/KDKA-AM 1020",08/15/25,08/15/25,05:20 PM,05:20 PM,FALSE,TRUE,08/15/25,01:20 PM,01:20 PM,FREE,BUSY
08/16/25,02:20 PM,02:20 PM,Pirates at Cubs,Wrigley Field - Chicago,"Local TV: SportsNet-PIT- FS1 ----- Local Radio: KDKA-FM 93.7",08/16/25,08/16/25,05:20 PM,05:20 PM,FALSE,TRUE,08/16/25,01:20 PM,01:20 PM,FREE,BUSY
08/17/25,02:20 PM,02:20 PM,Pirates at Cubs,Wrigley Field - Chicago,"Local TV: SportsNet-PIT ----- Local Radio: KDKA-FM 93.7",08/17/25,08/17/25,05:20 PM,05:20 PM,FALSE,TRUE,08/17/25,01:20 PM,01:20 PM,FREE,BUSY
08/18/25,06:40 PM,06:40 PM,Blue Jays at Pirates,PNC Park - Pittsburgh,"Local TV: SportsNet-PIT ----- Local Radio: KDKA-FM 93.7",08/18/25,08/18/25,09:40 PM,09:40 PM,FALSE,TRUE,08/18/25,05:40 PM,05:40 PM,FREE,BUSY
08/19/25,06:40 PM,06:40 PM,Blue Jays at Pirates,PNC Park - Pittsburgh,"Local TV: SportsNet-PIT ----- Local Radio: KDKA-FM 93.7",08/19/25,08/19/25,09:40 PM,09:40 PM,FALSE,TRUE,08/19/25,05:40 PM,05:40 PM,FREE,BUSY
08/20/25,12:35 PM,12:35 PM,Blue Jays at Pirates,PNC Park - Pittsburgh,"Local TV: SportsNet-PIT ----- Local Radio: 100.1 FM/KDKA-AM 1020",08/20/25,08/20/25,03:35 PM,03:35 PM,FALSE,TRUE,08/20/25,11:35 AM,11:35 AM,FREE,BUSY
08/22/25,06:40 PM,06:40 PM,Rockies at Pirates,PNC Park - Pittsburgh,"Local TV: SportsNet-PIT ----- Local Radio: KDKA-FM 93.7",08/22/25,08/22/25,09:40 PM,09:40 PM,FALSE,TRUE,08/22/25,05:40 PM,05:40 PM,FREE,BUSY
08/23/25,06:40 PM,06:40 PM,Rockies at Pirates,PNC Park - Pittsburgh,"Local TV: SportsNet-PIT ----- Local Radio: KDKA-FM 93.7",08/23/25,08/23/25,09:40 PM,09:40 PM,FALSE,TRUE,08/23/25,05:40 PM,05:40 PM,FREE,BUSY
08/24/25,12:05 PM,12:05 PM,Rockies at Pirates,PNC Park - Pittsburgh,"Local TV: Roku ----- Local Radio: KDKA-FM 93.7",08/24/25,08/24/25,03:05 PM,03:05 PM,FALSE,TRUE,08/24/25,11:05 AM,11:05 AM,FREE,BUSY
08/25/25,07:45 PM,07:45 PM,Pirates at Cardinals,Busch Stadium - St. Louis,"Local TV: SportsNet-PIT ----- Local Radio: KDKA-FM 93.7",08/25/25,08/25/25,10:45 PM,10:45 PM,FALSE,TRUE,08/25/25,06:45 PM,06:45 PM,FREE,BUSY
08/26/25,07:45 PM,07:45 PM,Pirates at Cardinals,Busch Stadium - St. Louis,"Local TV: SportsNet-PIT ----- Local Radio: KDKA-FM 93.7",08/26/25,08/26/25,10:45 PM,10:45 PM,FALSE,TRUE,08/26/25,06:45 PM,06:45 PM,FREE,BUSY
08/27/25,07:45 PM,07:45 PM,Pirates at Cardinals,Busch Stadium - St. Louis,"Local TV: SportsNet-PIT- FS1 ----- Local Radio: KDKA-FM 93.7",08/27/25,08/27/25,10:45 PM,10:45 PM,FALSE,TRUE,08/27/25,06:45 PM,06:45 PM,FREE,BUSY
08/28/25,02:15 PM,02:15 PM,Pirates at Cardinals,Busch Stadium - St. Louis,"Local TV: SportsNet-PIT ----- Local Radio: 100.1 FM/KDKA-AM 1020",08/28/25,08/28/25,05:15 PM,05:15 PM,FALSE,TRUE,08/28/25,01:15 PM,01:15 PM,FREE,BUSY
08/29/25,07:10 PM,07:10 PM,Pirates at Red Sox,Fenway Park - Boston,"Local TV: SportsNet-PIT- MLBN (out-of-market only) ----- Local Radio: KDKA-FM 93.7",08/29/25,08/29/25,10:10 PM,10:10 PM,FALSE,TRUE,08/29/25,06:10 PM,06:10 PM,FREE,BUSY
08/30/25,04:10 PM,04:10 PM,Pirates at Red Sox,Fenway Park - Boston,"Local TV: SportsNet-PIT- MLBN (out-of-market only) ----- Local Radio: 100.1 FM/KDKA-AM 1020",08/30/25,08/30/25,07:10 PM,07:10 PM,FALSE,TRUE,08/30/25,03:10 PM,03:10 PM,FREE,BUSY
08/31/25,01:35 PM,01:35 PM,Pirates at Red Sox,Fenway Park - Boston,"Local TV: SportsNet-PIT- MLBN (out-of-market only) ----- Local Radio: KDKA-FM 93.7",08/31/25,08/31/25,04:35 PM,04:35 PM,FALSE,TRUE,08/31/25,12:35 PM,12:35 PM,FREE,BUSY
09/02/25,06:40 PM,06:40 PM,Dodgers at Pirates,PNC Park - Pittsburgh,"Local TV: SportsNet-PIT ----- Local Radio: KDKA-FM 93.7",09/02/25,09/02/25,09:40 PM,09:40 PM,FALSE,TRUE,09/02/25,05:40 PM,05:40 PM,FREE,BUSY
09/03/25,06:40 PM,06:40 PM,Dodgers at Pirates,PNC Park - Pittsburgh,"Local TV: SportsNet-PIT ----- Local Radio: KDKA-FM 93.7",09/03/25,09/03/25,09:40 PM,09:40 PM,FALSE,TRUE,09/03/25,05:40 PM,05:40 PM,FREE,BUSY
09/04/25,06:40 PM,06:40 PM,Dodgers at Pirates,PNC Park - Pittsburgh,"Local TV: SportsNet-PIT ----- Local Radio: KDKA-FM 93.7",09/04/25,09/04/25,09:40 PM,09:40 PM,FALSE,TRUE,09/04/25,05:40 PM,05:40 PM,FREE,BUSY
09/05/25,06:40 PM,06:40 PM,Brewers at Pirates,PNC Park - Pittsburgh,"Local TV: Apple TV+ ----- Local Radio: KDKA-FM 93.7",09/05/25,09/05/25,09:40 PM,09:40 PM,FALSE,TRUE,09/05/25,05:40 PM,05:40 PM,FREE,BUSY
09/06/25,06:40 PM,06:40 PM,Brewers at Pirates,PNC Park - Pittsburgh,"Local TV: SportsNet-PIT ----- Local Radio: KDKA-FM 93.7",09/06/25,09/06/25,09:40 PM,09:40 PM,FALSE,TRUE,09/06/25,05:40 PM,05:40 PM,FREE,BUSY
09/07/25,01:35 PM,01:35 PM,Brewers at Pirates,PNC Park - Pittsburgh,"Local TV: SportsNet-PIT ----- Local Radio: KDKA-FM 93.7",09/07/25,09/07/25,04:35 PM,04:35 PM,FALSE,TRUE,09/07/25,12:35 PM,12:35 PM,FREE,BUSY
09/09/25,06:35 PM,06:35 PM,Pirates at Orioles,Oriole Park at Camden Yards - Baltimore,"Local TV: SportsNet-PIT ----- Local Radio: KDKA-FM 93.7",09/09/25,09/09/25,09:35 PM,09:35 PM,FALSE,TRUE,09/09/25,05:35 PM,05:35 PM,FREE,BUSY
09/10/25,06:35 PM,06:35 PM,Pirates at Orioles,Oriole Park at Camden Yards - Baltimore,"Local TV: SportsNet-PIT ----- Local Radio: KDKA-FM 93.7",09/10/25,09/10/25,09:35 PM,09:35 PM,FALSE,TRUE,09/10/25,05:35 PM,05:35 PM,FREE,BUSY
09/11/25,01:05 PM,01:05 PM,Pirates at Orioles,Oriole Park at Camden Yards - Baltimore,"Local TV: SportsNet-PIT ----- Local Radio: 100.1 FM/KDKA-AM 1020",09/11/25,09/11/25,04:05 PM,04:05 PM,FALSE,TRUE,09/11/25,12:05 PM,12:05 PM,FREE,BUSY
09/12/25,06:45 PM,06:45 PM,Pirates at Nationals,Nationals Park - Washington,"Local TV: SportsNet-PIT ----- Local Radio: KDKA-FM 93.7",09/12/25,09/12/25,09:45 PM,09:45 PM,FALSE,TRUE,09/12/25,05:45 PM,05:45 PM,FREE,BUSY
09/13/25,04:05 PM,04:05 PM,Pirates at Nationals,Nationals Park - Washington,"Local TV: SportsNet-PIT ----- Local Radio: 100.1 FM/KDKA-AM 1020",09/13/25,09/13/25,07:05 PM,07:05 PM,FALSE,TRUE,09/13/25,03:05 PM,03:05 PM,FREE,BUSY
09/14/25,11:35 AM,11:35 AM,Pirates at Nationals,Nationals Park - Washington,"Local TV: SportsNet-PIT ----- Local Radio: KDKA-FM 93.7",09/14/25,09/14/25,02:35 PM,02:35 PM,FALSE,TRUE,09/14/25,10:35 AM,10:35 AM,FREE,BUSY
09/15/25,06:40 PM,06:40 PM,Cubs at Pirates,PNC Park - Pittsburgh,"Local TV: SportsNet-PIT- SportsNet-PIT+- MLBN (out-of-market only) ----- Local Radio: KDKA-FM 93.7",09/15/25,09/15/25,09:40 PM,09:40 PM,FALSE,TRUE,09/15/25,05:40 PM,05:40 PM,FREE,BUSY
09/16/25,06:40 PM,06:40 PM,Cubs at Pirates,PNC Park - Pittsburgh,"Local TV: SportsNet-PIT ----- Local Radio: KDKA-FM 93.7",09/16/25,09/16/25,09:40 PM,09:40 PM,FALSE,TRUE,09/16/25,05:40 PM,05:40 PM,FREE,BUSY
09/17/25,12:35 PM,12:35 PM,Cubs at Pirates,PNC Park - Pittsburgh,"Local TV: SportsNet-PIT- MLBN (out-of-market only) ----- Local Radio: 100.1 FM/KDKA-AM 1020",09/17/25,09/17/25,03:35 PM,03:35 PM,FALSE,TRUE,09/17/25,11:35 AM,11:35 AM,FREE,BUSY
09/19/25,06:40 PM,06:40 PM,Athletics at Pirates,PNC Park - Pittsburgh,"Local TV: SportsNet-PIT ----- Local Radio: KDKA-FM 93.7",09/19/25,09/19/25,09:40 PM,09:40 PM,FALSE,TRUE,09/19/25,05:40 PM,05:40 PM,FREE,BUSY
09/20/25,06:40 PM,06:40 PM,Athletics at Pirates,PNC Park - Pittsburgh,"Local TV: SportsNet-PIT ----- Local Radio: KDKA-FM 93.7",09/20/25,09/20/25,09:40 PM,09:40 PM,FALSE,TRUE,09/20/25,05:40 PM,05:40 PM,FREE,BUSY
09/21/25,01:35 PM,01:35 PM,Athletics at Pirates,PNC Park - Pittsburgh,"Local TV: SportsNet-PIT ----- Local Radio: KDKA-FM 93.7",09/21/25,09/21/25,04:35 PM,04:35 PM,FALSE,TRUE,09/21/25,12:35 PM,12:35 PM,FREE,BUSY
09/23/25,06:40 PM,06:40 PM,Pirates at Reds,Great American Ball Park - Cincinnati,"Local TV: SportsNet-PIT ----- Local Radio: KDKA-FM 93.7",09/23/25,09/23/25,09:40 PM,09:40 PM,FALSE,TRUE,09/23/25,05:40 PM,05:40 PM,FREE,BUSY
09/24/25,06:40 PM,06:40 PM,Pirates at Reds,Great American Ball Park - Cincinnati,"Local TV: SportsNet-PIT ----- Local Radio: KDKA-FM 93.7",09/24/25,09/24/25,09:40 PM,09:40 PM,FALSE,TRUE,09/24/25,05:40 PM,05:40 PM,FREE,BUSY
09/25/25,12:40 PM,12:40 PM,Pirates at Reds,Great American Ball Park - Cincinnati,"Local TV: SportsNet-PIT- MLBN (out-of-market only) ----- Local Radio: 100.1 FM/KDKA-AM 1020",09/25/25,09/25/25,03:40 PM,03:40 PM,FALSE,TRUE,09/25/25,11:40 AM,11:40 AM,FREE,BUSY
09/26/25,07:15 PM,07:15 PM,Pirates at Braves,Truist Park - Atlanta,"Local TV: SportsNet-PIT ----- Local Radio: KDKA-FM 93.7",09/26/25,09/26/25,10:15 PM,10:15 PM,FALSE,TRUE,09/26/25,06:15 PM,06:15 PM,FREE,BUSY
09/27/25,07:15 PM,07:15 PM,Pirates at Braves,Truist Park - Atlanta,"Local TV: SportsNet-PIT ----- Local Radio: KDKA-FM 93.7",09/27/25,09/27/25,10:15 PM,10:15 PM,FALSE,TRUE,09/27/25,06:15 PM,06:15 PM,FREE,BUSY
09/28/25,03:15 PM,03:15 PM,Pirates at Braves,Truist Park - Atlanta,"Local TV: SportsNet-PIT ----- Local Radio: KDKA-FM 93.7",09/28/25,09/28/25,06:15 PM,06:15 PM,FALSE,TRUE,09/28/25,02:15 PM,02:15 PM,FREE,BUSY
02/21/26,01:05 PM,01:05 PM,Pirates at Orioles,Ed Smith Stadium - Sarasota,"",02/21/26,02/21/26,04:05 PM,04:05 PM,FALSE,TRUE,02/21/26,12:05 PM,12:05 PM,FREE,BUSY
02/22/26,01:05 PM,01:05 PM,Pirates at Phillies,BayCare Ballpark - Clearwater,"",02/22/26,02/22/26,04:05 PM,04:05 PM,FALSE,TRUE,02/22/26,12:05 PM,12:05 PM,FREE,BUSY
02/22/26,01:05 PM,01:05 PM,Rays at Pirates,LECOM Park - Bradenton,"",02/22/26,02/22/26,04:05 PM,04:05 PM,FALSE,TRUE,02/22/26,12:05 PM,12:05 PM,FREE,BUSY
02/23/26,01:05 PM,01:05 PM,Yankees at Pirates,LECOM Park - Bradenton,"",02/23/26,02/23/26,04:05 PM,04:05 PM,FALSE,TRUE,02/23/26,12:05 PM,12:05 PM,FREE,BUSY
02/24/26,01:05 PM,01:05 PM,Pirates at Red Sox,JetBlue Park - Ft. Myers,"",02/24/26,02/24/26,04:05 PM,04:05 PM,FALSE,TRUE,02/24/26,12:05 PM,12:05 PM,FREE,BUSY
02/25/26,01:05 PM,01:05 PM,Pirates at Braves,CoolToday Park - North Port,"",02/25/26,02/25/26,04:05 PM,04:05 PM,FALSE,TRUE,02/25/26,12:05 PM,12:05 PM,FREE,BUSY
02/26/26,01:05 PM,01:05 PM,Twins at Pirates,LECOM Park - Bradenton,"",02/26/26,02/26/26,04:05 PM,04:05 PM,FALSE,TRUE,02/26/26,12:05 PM,12:05 PM,FREE,BUSY
02/27/26,01:05 PM,01:05 PM,Orioles at Pirates,LECOM Park - Bradenton,"",02/27/26,02/27/26,04:05 PM,04:05 PM,FALSE,TRUE,02/27/26,12:05 PM,12:05 PM,FREE,BUSY
02/28/26,01:05 PM,01:05 PM,Pirates at Astros,CACTI Park of the Palm Beaches - West Palm Beach,"",02/28/26,02/28/26,04:05 PM,04:05 PM,FALSE,TRUE,02/28/26,12:05 PM,12:05 PM,FREE,BUSY
03/01/26,01:05 PM,01:05 PM,Pirates at Cardinals,Roger Dean Chevrolet Stadium - Jupiter,"",03/01/26,03/01/26,04:05 PM,04:05 PM,FALSE,TRUE,03/01/26,12:05 PM,12:05 PM,FREE,BUSY
03/02/26,01:05 PM,01:05 PM,Rays at Pirates,LECOM Park - Bradenton,"",03/02/26,03/02/26,04:05 PM,04:05 PM,FALSE,TRUE,03/02/26,12:05 PM,12:05 PM,FREE,BUSY
03/03/26,01:05 PM,01:05 PM,Colombia at Pirates,LECOM Park - Bradenton,"",03/03/26,03/03/26,04:05 PM,04:05 PM,FALSE,TRUE,03/03/26,12:05 PM,12:05 PM,FREE,BUSY
03/05/26,01:05 PM,01:05 PM,Cardinals at Pirates,LECOM Park - Bradenton,"",03/05/26,03/05/26,04:05 PM,04:05 PM,FALSE,TRUE,03/05/26,12:05 PM,12:05 PM,FREE,BUSY
03/06/26,01:05 PM,01:05 PM,Phillies at Pirates,LECOM Park - Bradenton,"",03/06/26,03/06/26,04:05 PM,04:05 PM,FALSE,TRUE,03/06/26,12:05 PM,12:05 PM,FREE,BUSY
03/06/26,01:07 PM,01:07 PM,Pirates at Blue Jays,TD Ballpark - Dunedin,"",03/06/26,03/06/26,04:07 PM,04:07 PM,FALSE,TRUE,03/06/26,12:07 PM,12:07 PM,FREE,BUSY
03/07/26,01:05 PM,01:05 PM,Pirates at Tigers,Publix Field at Joker Marchant Stadium - Lakeland,"",03/07/26,03/07/26,04:05 PM,04:05 PM,FALSE,TRUE,03/07/26,12:05 PM,12:05 PM,FREE,BUSY
03/08/26,01:05 PM,01:05 PM,Red Sox at Pirates,LECOM Park - Bradenton,"",03/08/26,03/08/26,04:05 PM,04:05 PM,FALSE,TRUE,03/08/26,12:05 PM,12:05 PM,FREE,BUSY
03/09/26,06:35 PM,06:35 PM,Pirates at Yankees,George M. Steinbrenner Field - Tampa,"",03/09/26,03/09/26,09:35 PM,09:35 PM,FALSE,TRUE,03/09/26,05:35 PM,05:35 PM,FREE,BUSY
03/11/26,01:05 PM,01:05 PM,Pirates at Orioles,Ed Smith Stadium - Sarasota,"",03/11/26,03/11/26,04:05 PM,04:05 PM,FALSE,TRUE,03/11/26,12:05 PM,12:05 PM,FREE,BUSY
03/12/26,06:05 PM,06:05 PM,Braves at Pirates,LECOM Park - Bradenton,"",03/12/26,03/12/26,09:05 PM,09:05 PM,FALSE,TRUE,03/12/26,05:05 PM,05:05 PM,FREE,BUSY
03/13/26,06:05 PM,06:05 PM,Pirates at Tigers,Publix Field at Joker Marchant Stadium - Lakeland,"",03/13/26,03/13/26,09:05 PM,09:05 PM,FALSE,TRUE,03/13/26,05:05 PM,05:05 PM,FREE,BUSY
03/14/26,01:05 PM,01:05 PM,Orioles at Pirates,LECOM Park - Bradenton,"",03/14/26,03/14/26,04:05 PM,04:05 PM,FALSE,TRUE,03/14/26,12:05 PM,12:05 PM,FREE,BUSY
03/15/26,01:05 PM,01:05 PM,Pirates at Rays,Charlotte Sports Park - Port Charlotte,"",03/15/26,03/15/26,04:05 PM,04:05 PM,FALSE,TRUE,03/15/26,12:05 PM,12:05 PM,FREE,BUSY
03/16/26,01:05 PM,01:05 PM,Pirates at Twins,Lee Health Sports Complex - Fort Myers,"",03/16/26,03/16/26,04:05 PM,04:05 PM,FALSE,TRUE,03/16/26,12:05 PM,12:05 PM,FREE,BUSY
03/17/26,01:05 PM,01:05 PM,Astros at Pirates,LECOM Park - Bradenton,"",03/17/26,03/17/26,04:05 PM,04:05 PM,FALSE,TRUE,03/17/26,12:05 PM,12:05 PM,FREE,BUSY
03/18/26,06:05 PM,06:05 PM,Tigers at Pirates,LECOM Park - Bradenton,"",03/18/26,03/18/26,09:05 PM,09:05 PM,FALSE,TRUE,03/18/26,05:05 PM,05:05 PM,FREE,BUSY
03/19/26,06:05 PM,06:05 PM,Pirates at Orioles,Ed Smith Stadium - Sarasota,"",03/19/26,03/19/26,09:05 PM,09:05 PM,FALSE,TRUE,03/19/26,05:05 PM,05:05 PM,FREE,BUSY
03/20/26,06:05 PM,06:05 PM,Pirates at Braves,CoolToday Park - North Port,"",03/20/26,03/20/26,09:05 PM,09:05 PM,FALSE,TRUE,03/20/26,05:05 PM,05:05 PM,FREE,BUSY
03/21/26,01:05 PM,01:05 PM,Blue Jays at Pirates,LECOM Park - Bradenton,"",03/21/26,03/21/26,04:05 PM,04:05 PM,FALSE,TRUE,03/21/26,12:05 PM,12:05 PM,FREE,BUSY
03/22/26,01:05 PM,01:05 PM,Red Sox at Pirates,LECOM Park - Bradenton,"",03/22/26,03/22/26,04:05 PM,04:05 PM,FALSE,TRUE,03/22/26,12:05 PM,12:05 PM,FREE,BUSY
03/23/26,01:05 PM,01:05 PM,Braves at Pirates,LECOM Park - Bradenton,"",03/23/26,03/23/26,04:05 PM,04:05 PM,FALSE,TRUE,03/23/26,12:05 PM,12:05 PM,FREE,BUSY
03/26/26,01:15 PM,01:15 PM,Pirates at Mets,Citi Field - Flushing,"Local TV: NBC- Peacock",03/26/26,03/26/26,04:15 PM,04:15 PM,FALSE,TRUE,03/26/26,12:15 PM,12:15 PM,FREE,BUSY
03/28/26,04:10 PM,04:10 PM,Pirates at Mets,Citi Field - Flushing,"",03/28/26,03/28/26,07:10 PM,07:10 PM,FALSE,TRUE,03/28/26,03:10 PM,03:10 PM,FREE,BUSY
03/29/26,01:40 PM,01:40 PM,Pirates at Mets,Citi Field - Flushing,"",03/29/26,03/29/26,04:40 PM,04:40 PM,FALSE,TRUE,03/29/26,12:40 PM,12:40 PM,FREE,BUSY
03/30/26,06:40 PM,06:40 PM,Pirates at Reds,Great American Ball Park - Cincinnati,"Local TV: FS1",03/30/26,03/30/26,09:40 PM,09:40 PM,FALSE,TRUE,03/30/26,05:40 PM,05:40 PM,FREE,BUSY
03/31/26,06:40 PM,06:40 PM,Pirates at Reds,Great American Ball Park - Cincinnati,"",03/31/26,03/31/26,09:40 PM,09:40 PM,FALSE,TRUE,03/31/26,05:40 PM,05:40 PM,FREE,BUSY
04/01/26,12:40 PM,12:40 PM,Pirates at Reds,Great American Ball Park - Cincinnati,"",04/01/26,04/01/26,03:40 PM,03:40 PM,FALSE,TRUE,04/01/26,11:40 AM,11:40 AM,FREE,BUSY
04/03/26,04:12 PM,04:12 PM,Orioles at Pirates,PNC Park - Pittsburgh,"",04/03/26,04/03/26,07:12 PM,07:12 PM,FALSE,TRUE,04/03/26,03:12 PM,03:12 PM,FREE,BUSY
04/04/26,04:05 PM,04:05 PM,Orioles at Pirates,PNC Park - Pittsburgh,"",04/04/26,04/04/26,07:05 PM,07:05 PM,FALSE,TRUE,04/04/26,03:05 PM,03:05 PM,FREE,BUSY
04/05/26,01:35 PM,01:35 PM,Orioles at Pirates,PNC Park - Pittsburgh,"",04/05/26,04/05/26,04:35 PM,04:35 PM,FALSE,TRUE,04/05/26,12:35 PM,12:35 PM,FREE,BUSY
04/06/26,06:40 PM,06:40 PM,Padres at Pirates,PNC Park - Pittsburgh,"",04/06/26,04/06/26,09:40 PM,09:40 PM,FALSE,TRUE,04/06/26,05:40 PM,05:40 PM,FREE,BUSY
04/07/26,06:40 PM,06:40 PM,Padres at Pirates,PNC Park - Pittsburgh,"",04/07/26,04/07/26,09:40 PM,09:40 PM,FALSE,TRUE,04/07/26,05:40 PM,05:40 PM,FREE,BUSY
04/08/26,12:35 PM,12:35 PM,Padres at Pirates,PNC Park - Pittsburgh,"",04/08/26,04/08/26,03:35 PM,03:35 PM,FALSE,TRUE,04/08/26,11:35 AM,11:35 AM,FREE,BUSY
04/10/26,02:20 PM,02:20 PM,Pirates at Cubs,Wrigley Field - Chicago,"",04/10/26,04/10/26,05:20 PM,05:20 PM,FALSE,TRUE,04/10/26,01:20 PM,01:20 PM,FREE,BUSY
04/11/26,02:20 PM,02:20 PM,Pirates at Cubs,Wrigley Field - Chicago,"",04/11/26,04/11/26,05:20 PM,05:20 PM,FALSE,TRUE,04/11/26,01:20 PM,01:20 PM,FREE,BUSY
04/12/26,02:20 PM,02:20 PM,Pirates at Cubs,Wrigley Field - Chicago,"",04/12/26,04/12/26,05:20 PM,05:20 PM,FALSE,TRUE,04/12/26,01:20 PM,01:20 PM,FREE,BUSY
04/13/26,06:40 PM,06:40 PM,Nationals at Pirates,PNC Park - Pittsburgh,"",04/13/26,04/13/26,09:40 PM,09:40 PM,FALSE,TRUE,04/13/26,05:40 PM,05:40 PM,FREE,BUSY
04/14/26,06:40 PM,06:40 PM,Nationals at Pirates,PNC Park - Pittsburgh,"",04/14/26,04/14/26,09:40 PM,09:40 PM,FALSE,TRUE,04/14/26,05:40 PM,05:40 PM,FREE,BUSY
04/15/26,06:40 PM,06:40 PM,Nationals at Pirates,PNC Park - Pittsburgh,"",04/15/26,04/15/26,09:40 PM,09:40 PM,FALSE,TRUE,04/15/26,05:40 PM,05:40 PM,FREE,BUSY
04/16/26,12:35 PM,12:35 PM,Nationals at Pirates,PNC Park - Pittsburgh,"",04/16/26,04/16/26,03:35 PM,03:35 PM,FALSE,TRUE,04/16/26,11:35 AM,11:35 AM,FREE,BUSY
04/17/26,06:45 PM,06:45 PM,Rays at Pirates,PNC Park - Pittsburgh,"",04/17/26,04/17/26,09:45 PM,09:45 PM,FALSE,TRUE,04/17/26,05:45 PM,05:45 PM,FREE,BUSY
04/18/26,04:05 PM,04:05 PM,Rays at Pirates,PNC Park - Pittsburgh,"",04/18/26,04/18/26,07:05 PM,07:05 PM,FALSE,TRUE,04/18/26,03:05 PM,03:05 PM,FREE,BUSY
04/19/26,01:35 PM,01:35 PM,Rays at Pirates,PNC Park - Pittsburgh,"",04/19/26,04/19/26,04:35 PM,04:35 PM,FALSE,TRUE,04/19/26,12:35 PM,12:35 PM,FREE,BUSY
04/21/26,08:05 PM,08:05 PM,Pirates at Rangers,Globe Life Field - Arlington,"",04/21/26,04/21/26,11:05 PM,11:05 PM,FALSE,TRUE,04/21/26,07:05 PM,07:05 PM,FREE,BUSY
04/22/26,08:05 PM,08:05 PM,Pirates at Rangers,Globe Life Field - Arlington,"",04/22/26,04/22/26,11:05 PM,11:05 PM,FALSE,TRUE,04/22/26,07:05 PM,07:05 PM,FREE,BUSY
04/23/26,08:05 PM,08:05 PM,Pirates at Rangers,Globe Life Field - Arlington,"",04/23/26,04/23/26,11:05 PM,11:05 PM,FALSE,TRUE,04/23/26,07:05 PM,07:05 PM,FREE,BUSY
04/24/26,07:40 PM,07:40 PM,Pirates at Brewers,American Family Field - Milwaukee,"",04/24/26,04/24/26,10:40 PM,10:40 PM,FALSE,TRUE,04/24/26,06:40 PM,06:40 PM,FREE,BUSY
04/25/26,07:10 PM,07:10 PM,Pirates at Brewers,American Family Field - Milwaukee,"",04/25/26,04/25/26,10:10 PM,10:10 PM,FALSE,TRUE,04/25/26,06:10 PM,06:10 PM,FREE,BUSY
04/26/26,02:10 PM,02:10 PM,Pirates at Brewers,American Family Field - Milwaukee,"",04/26/26,04/26/26,05:10 PM,05:10 PM,FALSE,TRUE,04/26/26,01:10 PM,01:10 PM,FREE,BUSY
04/27/26,06:40 PM,06:40 PM,Cardinals at Pirates,PNC Park - Pittsburgh,"",04/27/26,04/27/26,09:40 PM,09:40 PM,FALSE,TRUE,04/27/26,05:40 PM,05:40 PM,FREE,BUSY
04/28/26,06:40 PM,06:40 PM,Cardinals at Pirates,PNC Park - Pittsburgh,"",04/28/26,04/28/26,09:40 PM,09:40 PM,FALSE,TRUE,04/28/26,05:40 PM,05:40 PM,FREE,BUSY
04/29/26,06:40 PM,06:40 PM,Cardinals at Pirates,PNC Park - Pittsburgh,"",04/29/26,04/29/26,09:40 PM,09:40 PM,FALSE,TRUE,04/29/26,05:40 PM,05:40 PM,FREE,BUSY
04/30/26,12:35 PM,12:35 PM,Cardinals at Pirates,PNC Park - Pittsburgh,"",04/30/26,04/30/26,03:35 PM,03:35 PM,FALSE,TRUE,04/30/26,11:35 AM,11:35 AM,FREE,BUSY
05/01/26,06:45 PM,06:45 PM,Reds at Pirates,PNC Park - Pittsburgh,"",05/01/26,05/01/26,09:45 PM,09:45 PM,FALSE,TRUE,05/01/26,05:45 PM,05:45 PM,FREE,BUSY
05/02/26,04:05 PM,04:05 PM,Reds at Pirates,PNC Park - Pittsburgh,"Local TV: FS1",05/02/26,05/02/26,07:05 PM,07:05 PM,FALSE,TRUE,05/02/26,03:05 PM,03:05 PM,FREE,BUSY
05/03/26,01:35 PM,01:35 PM,Reds at Pirates,PNC Park - Pittsburgh,"",05/03/26,05/03/26,04:35 PM,04:35 PM,FALSE,TRUE,05/03/26,12:35 PM,12:35 PM,FREE,BUSY
05/05/26,09:40 PM,09:40 PM,Pirates at D-backs,Chase Field - Phoenix,"",05/06/26,05/06/26,12:40 AM,12:40 AM,FALSE,TRUE,05/05/26,08:40 PM,08:40 PM,FREE,BUSY
05/06/26,09:40 PM,09:40 PM,Pirates at D-backs,Chase Field - Phoenix,"",05/07/26,05/07/26,12:40 AM,12:40 AM,FALSE,TRUE,05/06/26,08:40 PM,08:40 PM,FREE,BUSY
05/07/26,03:40 PM,03:40 PM,Pirates at D-backs,Chase Field - Phoenix,"",05/07/26,05/07/26,06:40 PM,06:40 PM,FALSE,TRUE,05/07/26,02:40 PM,02:40 PM,FREE,BUSY
05/08/26,10:15 PM,10:15 PM,Pirates at Giants,Oracle Park - San Francisco,"",05/09/26,05/09/26,01:15 AM,01:15 AM,FALSE,TRUE,05/08/26,09:15 PM,09:15 PM,FREE,BUSY
05/09/26,09:05 PM,09:05 PM,Pirates at Giants,Oracle Park - San Francisco,"",05/10/26,05/10/26,12:05 AM,12:05 AM,FALSE,TRUE,05/09/26,08:05 PM,08:05 PM,FREE,BUSY
05/10/26,04:05 PM,04:05 PM,Pirates at Giants,Oracle Park - San Francisco,"",05/10/26,05/10/26,07:05 PM,07:05 PM,FALSE,TRUE,05/10/26,03:05 PM,03:05 PM,FREE,BUSY
05/12/26,06:40 PM,06:40 PM,Rockies at Pirates,PNC Park - Pittsburgh,"",05/12/26,05/12/26,09:40 PM,09:40 PM,FALSE,TRUE,05/12/26,05:40 PM,05:40 PM,FREE,BUSY
05/13/26,06:40 PM,06:40 PM,Rockies at Pirates,PNC Park - Pittsburgh,"",05/13/26,05/13/26,09:40 PM,09:40 PM,FALSE,TRUE,05/13/26,05:40 PM,05:40 PM,FREE,BUSY
05/14/26,12:35 PM,12:35 PM,Rockies at Pirates,PNC Park - Pittsburgh,"",05/14/26,05/14/26,03:35 PM,03:35 PM,FALSE,TRUE,05/14/26,11:35 AM,11:35 AM,FREE,BUSY
05/15/26,06:40 PM,06:40 PM,Phillies at Pirates,PNC Park - Pittsburgh,"",05/15/26,05/15/26,09:40 PM,09:40 PM,FALSE,TRUE,05/15/26,05:40 PM,05:40 PM,FREE,BUSY
05/16/26,04:05 PM,04:05 PM,Phillies at Pirates,PNC Park - Pittsburgh,"",05/16/26,05/16/26,07:05 PM,07:05 PM,FALSE,TRUE,05/16/26,03:05 PM,03:05 PM,FREE,BUSY
05/17/26,01:35 PM,01:35 PM,Phillies at Pirates,PNC Park - Pittsburgh,"",05/17/26,05/17/26,04:35 PM,04:35 PM,FALSE,TRUE,05/17/26,12:35 PM,12:35 PM,FREE,BUSY
05/19/26,07:45 PM,07:45 PM,Pirates at Cardinals,Busch Stadium - St. Louis,"",05/19/26,05/19/26,10:45 PM,10:45 PM,FALSE,TRUE,05/19/26,06:45 PM,06:45 PM,FREE,BUSY
05/20/26,07:45 PM,07:45 PM,Pirates at Cardinals,Busch Stadium - St. Louis,"",05/20/26,05/20/26,10:45 PM,10:45 PM,FALSE,TRUE,05/20/26,06:45 PM,06:45 PM,FREE,BUSY
05/21/26,01:15 PM,01:15 PM,Pirates at Cardinals,Busch Stadium - St. Louis,"",05/21/26,05/21/26,04:15 PM,04:15 PM,FALSE,TRUE,05/21/26,12:15 PM,12:15 PM,FREE,BUSY
05/22/26,07:07 PM,07:07 PM,Pirates at Blue Jays,Rogers Centre - Toronto,"",05/22/26,05/22/26,10:07 PM,10:07 PM,FALSE,TRUE,05/22/26,06:07 PM,06:07 PM,FREE,BUSY
05/23/26,03:07 PM,03:07 PM,Pirates at Blue Jays,Rogers Centre - Toronto,"",05/23/26,05/23/26,06:07 PM,06:07 PM,FALSE,TRUE,05/23/26,02:07 PM,02:07 PM,FREE,BUSY
05/24/26,12:15 PM,12:15 PM,Pirates at Blue Jays,Rogers Centre - Toronto,"Local TV: Peacock",05/24/26,05/24/26,03:15 PM,03:15 PM,FALSE,TRUE,05/24/26,11:15 AM,11:15 AM,FREE,BUSY
05/25/26,06:40 PM,06:40 PM,Cubs at Pirates,PNC Park - Pittsburgh,"",05/25/26,05/25/26,09:40 PM,09:40 PM,FALSE,TRUE,05/25/26,05:40 PM,05:40 PM,FREE,BUSY
05/26/26,06:40 PM,06:40 PM,Cubs at Pirates,PNC Park - Pittsburgh,"",05/26/26,05/26/26,09:40 PM,09:40 PM,FALSE,TRUE,05/26/26,05:40 PM,05:40 PM,FREE,BUSY
05/27/26,06:40 PM,06:40 PM,Cubs at Pirates,PNC Park - Pittsburgh,"",05/27/26,05/27/26,09:40 PM,09:40 PM,FALSE,TRUE,05/27/26,05:40 PM,05:40 PM,FREE,BUSY
05/28/26,06:40 PM,06:40 PM,Cubs at Pirates,PNC Park - Pittsburgh,"",05/28/26,05/28/26,09:40 PM,09:40 PM,FALSE,TRUE,05/28/26,05:40 PM,05:40 PM,FREE,BUSY
05/29/26,06:45 PM,06:45 PM,Twins at Pirates,PNC Park - Pittsburgh,"",05/29/26,05/29/26,09:45 PM,09:45 PM,FALSE,TRUE,05/29/26,05:45 PM,05:45 PM,FREE,BUSY
05/30/26,04:05 PM,04:05 PM,Twins at Pirates,PNC Park - Pittsburgh,"",05/30/26,05/30/26,07:05 PM,07:05 PM,FALSE,TRUE,05/30/26,03:05 PM,03:05 PM,FREE,BUSY
05/31/26,01:35 PM,01:35 PM,Twins at Pirates,PNC Park - Pittsburgh,"",05/31/26,05/31/26,04:35 PM,04:35 PM,FALSE,TRUE,05/31/26,12:35 PM,12:35 PM,FREE,BUSY
06/02/26,08:10 PM,08:10 PM,Pirates at Astros,Daikin Park - Houston,"",06/02/26,06/02/26,11:10 PM,11:10 PM,FALSE,TRUE,06/02/26,07:10 PM,07:10 PM,FREE,BUSY
06/03/26,08:10 PM,08:10 PM,Pirates at Astros,Daikin Park - Houston,"",06/03/26,06/03/26,11:10 PM,11:10 PM,FALSE,TRUE,06/03/26,07:10 PM,07:10 PM,FREE,BUSY
06/04/26,08:10 PM,08:10 PM,Pirates at Astros,Daikin Park - Houston,"Local TV: FS1",06/04/26,06/04/26,11:10 PM,11:10 PM,FALSE,TRUE,06/04/26,07:10 PM,07:10 PM,FREE,BUSY
06/05/26,07:15 PM,07:15 PM,Pirates at Braves,Truist Park - Atlanta,"",06/05/26,06/05/26,10:15 PM,10:15 PM,FALSE,TRUE,06/05/26,06:15 PM,06:15 PM,FREE,BUSY
06/06/26,04:10 PM,04:10 PM,Pirates at Braves,Truist Park - Atlanta,"",06/06/26,06/06/26,07:10 PM,07:10 PM,FALSE,TRUE,06/06/26,03:10 PM,03:10 PM,FREE,BUSY
06/07/26,01:35 PM,01:35 PM,Pirates at Braves,Truist Park - Atlanta,"",06/07/26,06/07/26,04:35 PM,04:35 PM,FALSE,TRUE,06/07/26,12:35 PM,12:35 PM,FREE,BUSY
06/09/26,06:40 PM,06:40 PM,Dodgers at Pirates,PNC Park - Pittsburgh,"",06/09/26,06/09/26,09:40 PM,09:40 PM,FALSE,TRUE,06/09/26,05:40 PM,05:40 PM,FREE,BUSY
06/10/26,06:40 PM,06:40 PM,Dodgers at Pirates,PNC Park - Pittsburgh,"",06/10/26,06/10/26,09:40 PM,09:40 PM,FALSE,TRUE,06/10/26,05:40 PM,05:40 PM,FREE,BUSY
06/11/26,06:40 PM,06:40 PM,Dodgers at Pirates,PNC Park - Pittsburgh,"",06/11/26,06/11/26,09:40 PM,09:40 PM,FALSE,TRUE,06/11/26,05:40 PM,05:40 PM,FREE,BUSY
06/12/26,06:40 PM,06:40 PM,Marlins at Pirates,PNC Park - Pittsburgh,"",06/12/26,06/12/26,09:40 PM,09:40 PM,FALSE,TRUE,06/12/26,05:40 PM,05:40 PM,FREE,BUSY
06/13/26,04:05 PM,04:05 PM,Marlins at Pirates,PNC Park - Pittsburgh,"",06/13/26,06/13/26,07:05 PM,07:05 PM,FALSE,TRUE,06/13/26,03:05 PM,03:05 PM,FREE,BUSY
06/14/26,12:15 PM,12:15 PM,Marlins at Pirates,PNC Park - Pittsburgh,"Local TV: Peacock",06/14/26,06/14/26,03:15 PM,03:15 PM,FALSE,TRUE,06/14/26,11:15 AM,11:15 AM,FREE,BUSY
06/15/26,09:40 PM,09:40 PM,Pirates at Athletics,Sutter Health Park - Sacramento,"",06/16/26,06/16/26,12:40 AM,12:40 AM,FALSE,TRUE,06/15/26,08:40 PM,08:40 PM,FREE,BUSY
06/16/26,09:40 PM,09:40 PM,Pirates at Athletics,Sutter Health Park - Sacramento,"",06/17/26,06/17/26,12:40 AM,12:40 AM,FALSE,TRUE,06/16/26,08:40 PM,08:40 PM,FREE,BUSY
06/17/26,09:40 PM,09:40 PM,Pirates at Athletics,Sutter Health Park - Sacramento,"",06/18/26,06/18/26,12:40 AM,12:40 AM,FALSE,TRUE,06/17/26,08:40 PM,08:40 PM,FREE,BUSY
06/19/26,08:40 PM,08:40 PM,Pirates at Rockies,Coors Field - Denver,"",06/19/26,06/19/26,11:40 PM,11:40 PM,FALSE,TRUE,06/19/26,07:40 PM,07:40 PM,FREE,BUSY
06/20/26,09:10 PM,09:10 PM,Pirates at Rockies,Coors Field - Denver,"",06/21/26,06/21/26,12:10 AM,12:10 AM,FALSE,TRUE,06/20/26,08:10 PM,08:10 PM,FREE,BUSY
06/21/26,03:10 PM,03:10 PM,Pirates at Rockies,Coors Field - Denver,"",06/21/26,06/21/26,06:10 PM,06:10 PM,FALSE,TRUE,06/21/26,02:10 PM,02:10 PM,FREE,BUSY
06/23/26,06:40 PM,06:40 PM,Mariners at Pirates,PNC Park - Pittsburgh,"",06/23/26,06/23/26,09:40 PM,09:40 PM,FALSE,TRUE,06/23/26,05:40 PM,05:40 PM,FREE,BUSY
06/24/26,06:40 PM,06:40 PM,Mariners at Pirates,PNC Park - Pittsburgh,"",06/24/26,06/24/26,09:40 PM,09:40 PM,FALSE,TRUE,06/24/26,05:40 PM,05:40 PM,FREE,BUSY
06/25/26,12:35 PM,12:35 PM,Mariners at Pirates,PNC Park - Pittsburgh,"",06/25/26,06/25/26,03:35 PM,03:35 PM,FALSE,TRUE,06/25/26,11:35 AM,11:35 AM,FREE,BUSY
06/26/26,06:40 PM,06:40 PM,Reds at Pirates,PNC Park - Pittsburgh,"",06/26/26,06/26/26,09:40 PM,09:40 PM,FALSE,TRUE,06/26/26,05:40 PM,05:40 PM,FREE,BUSY
06/27/26,04:05 PM,04:05 PM,Reds at Pirates,PNC Park - Pittsburgh,"",06/27/26,06/27/26,07:05 PM,07:05 PM,FALSE,TRUE,06/27/26,03:05 PM,03:05 PM,FREE,BUSY
06/28/26,01:35 PM,01:35 PM,Reds at Pirates,PNC Park - Pittsburgh,"",06/28/26,06/28/26,04:35 PM,04:35 PM,FALSE,TRUE,06/28/26,12:35 PM,12:35 PM,FREE,BUSY
06/29/26,06:40 PM,06:40 PM,Pirates at Phillies,Citizens Bank Park - Philadelphia,"",06/29/26,06/29/26,09:40 PM,09:40 PM,FALSE,TRUE,06/29/26,05:40 PM,05:40 PM,FREE,BUSY
06/30/26,06:40 PM,06:40 PM,Pirates at Phillies,Citizens Bank Park - Philadelphia,"",06/30/26,06/30/26,09:40 PM,09:40 PM,FALSE,TRUE,06/30/26,05:40 PM,05:40 PM,FREE,BUSY
07/01/26,06:40 PM,06:40 PM,Pirates at Phillies,Citizens Bank Park - Philadelphia,"",07/01/26,07/01/26,09:40 PM,09:40 PM,FALSE,TRUE,07/01/26,05:40 PM,05:40 PM,FREE,BUSY
07/02/26,12:35 PM,12:35 PM,Pirates at Phillies,Citizens Bank Park - Philadelphia,"",07/02/26,07/02/26,03:35 PM,03:35 PM,FALSE,TRUE,07/02/26,11:35 AM,11:35 AM,FREE,BUSY
07/03/26,06:45 PM,06:45 PM,Pirates at Nationals,Nationals Park - Washington,"",07/03/26,07/03/26,09:45 PM,09:45 PM,FALSE,TRUE,07/03/26,05:45 PM,05:45 PM,FREE,BUSY
07/04/26,11:05 AM,11:05 AM,Pirates at Nationals,Nationals Park - Washington,"",07/04/26,07/04/26,02:05 PM,02:05 PM,FALSE,TRUE,07/04/26,10:05 AM,10:05 AM,FREE,BUSY
07/05/26,01:00 PM,01:00 PM,Pirates at Nationals,Nationals Park - Washington,"Local TV: Peacock",07/05/26,07/05/26,04:00 PM,04:00 PM,FALSE,TRUE,07/05/26,12:00 PM,12:00 PM,FREE,BUSY
07/07/26,06:40 PM,06:40 PM,Braves at Pirates,PNC Park - Pittsburgh,"",07/07/26,07/07/26,09:40 PM,09:40 PM,FALSE,TRUE,07/07/26,05:40 PM,05:40 PM,FREE,BUSY
07/08/26,06:40 PM,06:40 PM,Braves at Pirates,PNC Park - Pittsburgh,"",07/08/26,07/08/26,09:40 PM,09:40 PM,FALSE,TRUE,07/08/26,05:40 PM,05:40 PM,FREE,BUSY
07/09/26,12:35 PM,12:35 PM,Braves at Pirates,PNC Park - Pittsburgh,"",07/09/26,07/09/26,03:35 PM,03:35 PM,FALSE,TRUE,07/09/26,11:35 AM,11:35 AM,FREE,BUSY
07/10/26,06:40 PM,06:40 PM,Brewers at Pirates,PNC Park - Pittsburgh,"",07/10/26,07/10/26,09:40 PM,09:40 PM,FALSE,TRUE,07/10/26,05:40 PM,05:40 PM,FREE,BUSY
07/11/26,04:05 PM,04:05 PM,Brewers at Pirates,PNC Park - Pittsburgh,"",07/11/26,07/11/26,07:05 PM,07:05 PM,FALSE,TRUE,07/11/26,03:05 PM,03:05 PM,FREE,BUSY
07/12/26,12:15 PM,12:15 PM,Brewers at Pirates,PNC Park - Pittsburgh,"Local TV: Peacock",07/12/26,07/12/26,03:15 PM,03:15 PM,FALSE,TRUE,07/12/26,11:15 AM,11:15 AM,FREE,BUSY
07/17/26,07:10 PM,07:10 PM,Pirates at Guardians,Progressive Field - Cleveland,"",07/17/26,07/17/26,10:10 PM,10:10 PM,FALSE,TRUE,07/17/26,06:10 PM,06:10 PM,FREE,BUSY
07/18/26,04:10 PM,04:10 PM,Pirates at Guardians,Progressive Field - Cleveland,"",07/18/26,07/18/26,07:10 PM,07:10 PM,FALSE,TRUE,07/18/26,03:10 PM,03:10 PM,FREE,BUSY
07/19/26,01:40 PM,01:40 PM,Pirates at Guardians,Progressive Field - Cleveland,"",07/19/26,07/19/26,04:40 PM,04:40 PM,FALSE,TRUE,07/19/26,12:40 PM,12:40 PM,FREE,BUSY
07/20/26,07:05 PM,07:05 PM,Pirates at Yankees,Yankee Stadium - Bronx,"",07/20/26,07/20/26,10:05 PM,10:05 PM,FALSE,TRUE,07/20/26,06:05 PM,06:05 PM,FREE,BUSY
07/21/26,07:05 PM,07:05 PM,Pirates at Yankees,Yankee Stadium - Bronx,"",07/21/26,07/21/26,10:05 PM,10:05 PM,FALSE,TRUE,07/21/26,06:05 PM,06:05 PM,FREE,BUSY
07/22/26,01:35 PM,01:35 PM,Pirates at Yankees,Yankee Stadium - Bronx,"",07/22/26,07/22/26,04:35 PM,04:35 PM,FALSE,TRUE,07/22/26,12:35 PM,12:35 PM,FREE,BUSY
07/24/26,06:40 PM,06:40 PM,Cubs at Pirates,PNC Park - Pittsburgh,"",07/24/26,07/24/26,09:40 PM,09:40 PM,FALSE,TRUE,07/24/26,05:40 PM,05:40 PM,FREE,BUSY
07/25/26,06:40 PM,06:40 PM,Cubs at Pirates,PNC Park - Pittsburgh,"",07/25/26,07/25/26,09:40 PM,09:40 PM,FALSE,TRUE,07/25/26,05:40 PM,05:40 PM,FREE,BUSY
07/26/26,01:35 PM,01:35 PM,Cubs at Pirates,PNC Park - Pittsburgh,"",07/26/26,07/26/26,04:35 PM,04:35 PM,FALSE,TRUE,07/26/26,12:35 PM,12:35 PM,FREE,BUSY
07/27/26,06:40 PM,06:40 PM,D-backs at Pirates,PNC Park - Pittsburgh,"",07/27/26,07/27/26,09:40 PM,09:40 PM,FALSE,TRUE,07/27/26,05:40 PM,05:40 PM,FREE,BUSY
07/28/26,06:40 PM,06:40 PM,D-backs at Pirates,PNC Park - Pittsburgh,"",07/28/26,07/28/26,09:40 PM,09:40 PM,FALSE,TRUE,07/28/26,05:40 PM,05:40 PM,FREE,BUSY
07/29/26,12:35 PM,12:35 PM,D-backs at Pirates,PNC Park - Pittsburgh,"",07/29/26,07/29/26,03:35 PM,03:35 PM,FALSE,TRUE,07/29/26,11:35 AM,11:35 AM,FREE,BUSY
07/30/26,07:10 PM,07:10 PM,Pirates at Reds,Great American Ball Park - Cincinnati,"",07/30/26,07/30/26,10:10 PM,10:10 PM,FALSE,TRUE,07/30/26,06:10 PM,06:10 PM,FREE,BUSY
07/31/26,06:10 PM,06:10 PM,Pirates at Reds,Great American Ball Park - Cincinnati,"",07/31/26,07/31/26,09:10 PM,09:10 PM,FALSE,TRUE,07/31/26,05:10 PM,05:10 PM,FREE,BUSY
08/01/26,06:40 PM,06:40 PM,Pirates at Reds,Great American Ball Park - Cincinnati,"",08/01/26,08/01/26,09:40 PM,09:40 PM,FALSE,TRUE,08/01/26,05:40 PM,05:40 PM,FREE,BUSY
08/02/26,01:40 PM,01:40 PM,Pirates at Reds,Great American Ball Park - Cincinnati,"",08/02/26,08/02/26,04:40 PM,04:40 PM,FALSE,TRUE,08/02/26,12:40 PM,12:40 PM,FREE,BUSY
08/03/26,07:40 PM,07:40 PM,Pirates at Brewers,American Family Field - Milwaukee,"",08/03/26,08/03/26,10:40 PM,10:40 PM,FALSE,TRUE,08/03/26,06:40 PM,06:40 PM,FREE,BUSY
08/04/26,07:40 PM,07:40 PM,Pirates at Brewers,American Family Field - Milwaukee,"",08/04/26,08/04/26,10:40 PM,10:40 PM,FALSE,TRUE,08/04/26,06:40 PM,06:40 PM,FREE,BUSY
08/05/26,07:40 PM,07:40 PM,Pirates at Brewers,American Family Field - Milwaukee,"",08/05/26,08/05/26,10:40 PM,10:40 PM,FALSE,TRUE,08/05/26,06:40 PM,06:40 PM,FREE,BUSY
08/06/26,02:10 PM,02:10 PM,Pirates at Brewers,American Family Field - Milwaukee,"",08/06/26,08/06/26,05:10 PM,05:10 PM,FALSE,TRUE,08/06/26,01:10 PM,01:10 PM,FREE,BUSY
08/07/26,06:40 PM,06:40 PM,Mets at Pirates,PNC Park - Pittsburgh,"",08/07/26,08/07/26,09:40 PM,09:40 PM,FALSE,TRUE,08/07/26,05:40 PM,05:40 PM,FREE,BUSY
08/08/26,06:40 PM,06:40 PM,Mets at Pirates,PNC Park - Pittsburgh,"",08/08/26,08/08/26,09:40 PM,09:40 PM,FALSE,TRUE,08/08/26,05:40 PM,05:40 PM,FREE,BUSY
08/09/26,01:35 PM,01:35 PM,Mets at Pirates,PNC Park - Pittsburgh,"",08/09/26,08/09/26,04:35 PM,04:35 PM,FALSE,TRUE,08/09/26,12:35 PM,12:35 PM,FREE,BUSY
08/11/26,06:40 PM,06:40 PM,Pirates at Marlins,loanDepot park - Miami,"",08/11/26,08/11/26,09:40 PM,09:40 PM,FALSE,TRUE,08/11/26,05:40 PM,05:40 PM,FREE,BUSY
08/12/26,06:40 PM,06:40 PM,Pirates at Marlins,loanDepot park - Miami,"",08/12/26,08/12/26,09:40 PM,09:40 PM,FALSE,TRUE,08/12/26,05:40 PM,05:40 PM,FREE,BUSY
08/13/26,01:10 PM,01:10 PM,Pirates at Marlins,loanDepot park - Miami,"",08/13/26,08/13/26,04:10 PM,04:10 PM,FALSE,TRUE,08/13/26,12:10 PM,12:10 PM,FREE,BUSY
08/14/26,06:40 PM,06:40 PM,Red Sox at Pirates,PNC Park - Pittsburgh,"",08/14/26,08/14/26,09:40 PM,09:40 PM,FALSE,TRUE,08/14/26,05:40 PM,05:40 PM,FREE,BUSY
08/15/26,06:40 PM,06:40 PM,Red Sox at Pirates,PNC Park - Pittsburgh,"",08/15/26,08/15/26,09:40 PM,09:40 PM,FALSE,TRUE,08/15/26,05:40 PM,05:40 PM,FREE,BUSY
08/16/26,01:35 PM,01:35 PM,Red Sox at Pirates,PNC Park - Pittsburgh,"",08/16/26,08/16/26,04:35 PM,04:35 PM,FALSE,TRUE,08/16/26,12:35 PM,12:35 PM,FREE,BUSY
08/17/26,07:05 PM,07:05 PM,Tigers at Pirates,PNC Park - Pittsburgh,"",08/17/26,08/17/26,10:05 PM,10:05 PM,FALSE,TRUE,08/17/26,06:05 PM,06:05 PM,FREE,BUSY
08/18/26,06:40 PM,06:40 PM,Tigers at Pirates,PNC Park - Pittsburgh,"",08/18/26,08/18/26,09:40 PM,09:40 PM,FALSE,TRUE,08/18/26,05:40 PM,05:40 PM,FREE,BUSY
08/19/26,12:35 PM,12:35 PM,Tigers at Pirates,PNC Park - Pittsburgh,"",08/19/26,08/19/26,03:35 PM,03:35 PM,FALSE,TRUE,08/19/26,11:35 AM,11:35 AM,FREE,BUSY
08/21/26,10:10 PM,10:10 PM,Pirates at Dodgers,Dodger Stadium - Los Angeles,"",08/22/26,08/22/26,01:10 AM,01:10 AM,FALSE,TRUE,08/21/26,09:10 PM,09:10 PM,FREE,BUSY
08/22/26,09:10 PM,09:10 PM,Pirates at Dodgers,Dodger Stadium - Los Angeles,"",08/23/26,08/23/26,12:10 AM,12:10 AM,FALSE,TRUE,08/22/26,08:10 PM,08:10 PM,FREE,BUSY
08/23/26,04:10 PM,04:10 PM,Pirates at Dodgers,Dodger Stadium - Los Angeles,"",08/23/26,08/23/26,07:10 PM,07:10 PM,FALSE,TRUE,08/23/26,03:10 PM,03:10 PM,FREE,BUSY
08/24/26,09:40 PM,09:40 PM,Pirates at Padres,Petco Park - San Diego,"",08/25/26,08/25/26,12:40 AM,12:40 AM,FALSE,TRUE,08/24/26,08:40 PM,08:40 PM,FREE,BUSY
08/25/26,09:40 PM,09:40 PM,Pirates at Padres,Petco Park - San Diego,"",08/26/26,08/26/26,12:40 AM,12:40 AM,FALSE,TRUE,08/25/26,08:40 PM,08:40 PM,FREE,BUSY
08/26/26,04:10 PM,04:10 PM,Pirates at Padres,Petco Park - San Diego,"",08/26/26,08/26/26,07:10 PM,07:10 PM,FALSE,TRUE,08/26/26,03:10 PM,03:10 PM,FREE,BUSY
08/28/26,08:15 PM,08:15 PM,Pirates at Cardinals,Busch Stadium - St. Louis,"",08/28/26,08/28/26,11:15 PM,11:15 PM,FALSE,TRUE,08/28/26,07:15 PM,07:15 PM,FREE,BUSY
08/29/26,02:15 PM,02:15 PM,Pirates at Cardinals,Busch Stadium - St. Louis,"",08/29/26,08/29/26,05:15 PM,05:15 PM,FALSE,TRUE,08/29/26,01:15 PM,01:15 PM,FREE,BUSY
08/30/26,02:15 PM,02:15 PM,Pirates at Cardinals,Busch Stadium - St. Louis,"",08/30/26,08/30/26,05:15 PM,05:15 PM,FALSE,TRUE,08/30/26,01:15 PM,01:15 PM,FREE,BUSY
09/01/26,06:40 PM,06:40 PM,Giants at Pirates,PNC Park - Pittsburgh,"",09/01/26,09/01/26,09:40 PM,09:40 PM,FALSE,TRUE,09/01/26,05:40 PM,05:40 PM,FREE,BUSY
09/02/26,06:40 PM,06:40 PM,Giants at Pirates,PNC Park - Pittsburgh,"",09/02/26,09/02/26,09:40 PM,09:40 PM,FALSE,TRUE,09/02/26,05:40 PM,05:40 PM,FREE,BUSY
09/03/26,12:35 PM,12:35 PM,Giants at Pirates,PNC Park - Pittsburgh,"",09/03/26,09/03/26,03:35 PM,03:35 PM,FALSE,TRUE,09/03/26,11:35 AM,11:35 AM,FREE,BUSY
09/04/26,06:40 PM,06:40 PM,Angels at Pirates,PNC Park - Pittsburgh,"",09/04/26,09/04/26,09:40 PM,09:40 PM,FALSE,TRUE,09/04/26,05:40 PM,05:40 PM,FREE,BUSY
09/05/26,06:40 PM,06:40 PM,Angels at Pirates,PNC Park - Pittsburgh,"",09/05/26,09/05/26,09:40 PM,09:40 PM,FALSE,TRUE,09/05/26,05:40 PM,05:40 PM,FREE,BUSY
09/06/26,01:35 PM,01:35 PM,Angels at Pirates,PNC Park - Pittsburgh,"",09/06/26,09/06/26,04:35 PM,04:35 PM,FALSE,TRUE,09/06/26,12:35 PM,12:35 PM,FREE,BUSY
09/08/26,07:40 PM,07:40 PM,Pirates at White Sox,Rate Field - Chicago,"",09/08/26,09/08/26,10:40 PM,10:40 PM,FALSE,TRUE,09/08/26,06:40 PM,06:40 PM,FREE,BUSY
09/09/26,07:40 PM,07:40 PM,Pirates at White Sox,Rate Field - Chicago,"",09/09/26,09/09/26,10:40 PM,10:40 PM,FALSE,TRUE,09/09/26,06:40 PM,06:40 PM,FREE,BUSY
09/10/26,07:40 PM,07:40 PM,Pirates at White Sox,Rate Field - Chicago,"",09/10/26,09/10/26,10:40 PM,10:40 PM,FALSE,TRUE,09/10/26,06:40 PM,06:40 PM,FREE,BUSY
09/11/26,02:20 PM,02:20 PM,Pirates at Cubs,Wrigley Field - Chicago,"",09/11/26,09/11/26,05:20 PM,05:20 PM,FALSE,TRUE,09/11/26,01:20 PM,01:20 PM,FREE,BUSY
09/12/26,02:20 PM,02:20 PM,Pirates at Cubs,Wrigley Field - Chicago,"",09/12/26,09/12/26,05:20 PM,05:20 PM,FALSE,TRUE,09/12/26,01:20 PM,01:20 PM,FREE,BUSY
09/13/26,02:20 PM,02:20 PM,Pirates at Cubs,Wrigley Field - Chicago,"",09/13/26,09/13/26,05:20 PM,05:20 PM,FALSE,TRUE,09/13/26,01:20 PM,01:20 PM,FREE,BUSY
09/15/26,06:40 PM,06:40 PM,Brewers at Pirates,PNC Park - Pittsburgh,"",09/15/26,09/15/26,09:40 PM,09:40 PM,FALSE,TRUE,09/15/26,05:40 PM,05:40 PM,FREE,BUSY
09/16/26,06:40 PM,06:40 PM,Brewers at Pirates,PNC Park - Pittsburgh,"",09/16/26,09/16/26,09:40 PM,09:40 PM,FALSE,TRUE,09/16/26,05:40 PM,05:40 PM,FREE,BUSY
09/17/26,12:35 PM,12:35 PM,Brewers at Pirates,PNC Park - Pittsburgh,"",09/17/26,09/17/26,03:35 PM,03:35 PM,FALSE,TRUE,09/17/26,11:35 AM,11:35 AM,FREE,BUSY
09/18/26,06:40 PM,06:40 PM,Royals at Pirates,PNC Park - Pittsburgh,"",09/18/26,09/18/26,09:40 PM,09:40 PM,FALSE,TRUE,09/18/26,05:40 PM,05:40 PM,FREE,BUSY
09/19/26,06:40 PM,06:40 PM,Royals at Pirates,PNC Park - Pittsburgh,"",09/19/26,09/19/26,09:40 PM,09:40 PM,FALSE,TRUE,09/19/26,05:40 PM,05:40 PM,FREE,BUSY
09/20/26,01:35 PM,01:35 PM,Royals at Pirates,PNC Park - Pittsburgh,"",09/20/26,09/20/26,04:35 PM,04:35 PM,FALSE,TRUE,09/20/26,12:35 PM,12:35 PM,FREE,BUSY
09/22/26,06:40 PM,06:40 PM,Cardinals at Pirates,PNC Park - Pittsburgh,"",09/22/26,09/22/26,09:40 PM,09:40 PM,FALSE,TRUE,09/22/26,05:40 PM,05:40 PM,FREE,BUSY
09/23/26,06:40 PM,06:40 PM,Cardinals at Pirates,PNC Park - Pittsburgh,"",09/23/26,09/23/26,09:40 PM,09:40 PM,FALSE,TRUE,09/23/26,05:40 PM,05:40 PM,FREE,BUSY
09/24/26,12:35 PM,12:35 PM,Cardinals at Pirates,PNC Park - Pittsburgh,"",09/24/26,09/24/26,03:35 PM,03:35 PM,FALSE,TRUE,09/24/26,11:35 AM,11:35 AM,FREE,BUSY
09/25/26,06:40 PM,06:40 PM,Pirates at Tigers,Comerica Park - Detroit,"",09/25/26,09/25/26,09:40 PM,09:40 PM,FALSE,TRUE,09/25/26,05:40 PM,05:40 PM,FREE,BUSY
09/26/26,01:10 PM,01:10 PM,Pirates at Tigers,Comerica Park - Detroit,"",09/26/26,09/26/26,04:10 PM,04:10 PM,FALSE,TRUE,09/26/26,12:10 PM,12:10 PM,FREE,BUSY
09/27/26,03:10 PM,03:10 PM,Pirates at Tigers,Comerica Park - Detroit,"",09/27/26,09/27/26,06:10 PM,06:10 PM,FALSE,TRUE,09/27/26,02:10 PM,02:10 PM,FREE,BUSY
