START DATE,START TIME,START TIME ET,SUBJECT,LOCATION,DESCRIPTION,END DATE,END DATE ET,END TIME,END TIME ET,REMINDER OFF,REMINDER ON,REMINDER DATE,REMINDER TIME,REMINDER TIME ET,SHOWTIMEAS FREE,SHOWTIMEAS BUSY
02/22/25,01:10 PM,03:10 PM,Mariners at Angels,Tempe Diablo Stadium - Tempe,"Local TV: FanDuel Sports Network West ----- Local Radio: KLAA 830",02/22/25,02/22/25,04:10 PM,06:10 PM,FALSE,TRUE,02/22/25,12:10 PM,02:10 PM,FREE,BUSY
02/23/25,12:05 PM,03:05 PM,Angels at Guardians,Goodyear Ballpark - Goodyear,"Local TV: FanDuel Sports Network West ----- Local Radio: KLAA 830",02/23/25,02/23/25,03:05 PM,06:05 PM,FALSE,TRUE,02/23/25,11:05 AM,02:05 PM,FREE,BUSY
02/24/25,01:10 PM,03:10 PM,Giants at Angels,Tempe Diablo Stadium - Tempe,"Local TV: FanDuel Sports Network West ----- Local Radio: KLAA 830",02/24/25,02/24/25,04:10 PM,06:10 PM,FALSE,TRUE,02/24/25,12:10 PM,02:10 PM,FREE,BUSY
02/25/25,12:10 PM,03:10 PM,Angels at Padres,Peoria Stadium - Peoria,"Local TV: FanDuel Sports Network West ----- Local Radio: KLAA 830",02/25/25,02/25/25,03:10 PM,06:10 PM,FALSE,TRUE,02/25/25,11:10 AM,02:10 PM,FREE,BUSY
02/26/25,01:10 PM,03:10 PM,Reds at Angels,Tempe Diablo Stadium - Tempe,"Local TV: FanDuel Sports Network West ----- Local Radio: KLAA 830",02/26/25,02/26/25,04:10 PM,06:10 PM,FALSE,TRUE,02/26/25,12:10 PM,02:10 PM,FREE,BUSY
02/27/25,12:05 PM,03:05 PM,Angels at Cubs,Sloan Park - Mesa,"Local TV: FanDuel Sports Network West- MLBN (out-of-market only) ----- Local Radio: KLAA 830",02/27/25,02/27/25,03:05 PM,06:05 PM,FALSE,TRUE,02/27/25,11:05 AM,02:05 PM,FREE,BUSY
02/28/25,01:10 PM,03:10 PM,White Sox at Angels,Tempe Diablo Stadium - Tempe,"Local TV: FanDuel Sports Network West ----- Local Radio: KLAA 830",02/28/25,02/28/25,04:10 PM,06:10 PM,FALSE,TRUE,02/28/25,12:10 PM,02:10 PM,FREE,BUSY
02/28/25,05:05 PM,08:05 PM,Angels at Dodgers,Camelback Ranch - Glendale,"Local TV: MLBN (out-of-market only)",02/28/25,02/28/25,08:05 PM,11:05 PM,FALSE,TRUE,02/28/25,04:05 PM,07:05 PM,FREE,BUSY
03/01/25,01:10 PM,03:10 PM,Athletics at Angels,Tempe Diablo Stadium - Tempe,"Local TV: FanDuel Sports Network West ----- Local Radio: KLAA 830",03/01/25,03/01/25,04:10 PM,06:10 PM,FALSE,TRUE,03/01/25,12:10 PM,02:10 PM,FREE,BUSY
03/02/25,12:05 PM,03:05 PM,Angels at Giants,Scottsdale Stadium - Scottsdale,"Local TV: FanDuel Sports Network West ----- Local Radio: KLAA 830",03/02/25,03/02/25,03:05 PM,06:05 PM,FALSE,TRUE,03/02/25,11:05 AM,02:05 PM,FREE,BUSY
03/03/25,01:10 PM,03:10 PM,Rockies at Angels,Tempe Diablo Stadium - Tempe,"Local TV: FanDuel Sports Network West ----- Local Radio: KLAA 830",03/03/25,03/03/25,04:10 PM,06:10 PM,FALSE,TRUE,03/03/25,12:10 PM,02:10 PM,FREE,BUSY
03/04/25,12:05 PM,03:05 PM,Angels at Guardians,Goodyear Ballpark - Goodyear,"Local TV: FanDuel Sports Network West ----- Local Radio: KLAA 830",03/04/25,03/04/25,03:05 PM,06:05 PM,FALSE,TRUE,03/04/25,11:05 AM,02:05 PM,FREE,BUSY
03/05/25,01:10 PM,03:10 PM,Dodgers at Angels,Tempe Diablo Stadium - Tempe,"Local TV: FanDuel Sports Network West ----- Local Radio: KLAA 830",03/05/25,03/05/25,04:10 PM,06:10 PM,FALSE,TRUE,03/05/25,12:10 PM,02:10 PM,FREE,BUSY
03/06/25,05:40 PM,08:40 PM,Angels at Mariners,Peoria Stadium - Peoria,"Local TV: FanDuel Sports Network West ----- Local Radio: KLAA 830",03/06/25,03/06/25,08:40 PM,11:40 PM,FALSE,TRUE,03/06/25,04:40 PM,07:40 PM,FREE,BUSY
03/07/25,12:05 PM,03:05 PM,Angels at Royals,Surprise Stadium - Surprise,"",03/07/25,03/07/25,03:05 PM,06:05 PM,FALSE,TRUE,03/07/25,11:05 AM,02:05 PM,FREE,BUSY
03/08/25,12:10 PM,03:10 PM,Angels at Brewers,American Family Fields of Phoenix - Phoenix,"Local TV: FanDuel Sports Network West ----- Local Radio: KLAA 830",03/08/25,03/08/25,03:10 PM,06:10 PM,FALSE,TRUE,03/08/25,11:10 AM,02:10 PM,FREE,BUSY
03/09/25,01:10 PM,04:10 PM,Reds at Angels,Tempe Diablo Stadium - Tempe,"Local TV: FanDuel Sports Network West ----- Local Radio: KLAA 830",03/09/25,03/09/25,04:10 PM,07:10 PM,FALSE,TRUE,03/09/25,12:10 PM,03:10 PM,FREE,BUSY
03/10/25,01:10 PM,04:10 PM,Rockies at Angels,Tempe Diablo Stadium - Tempe,"Local TV: FanDuel Sports Network West ----- Local Radio: KLAA 830",03/10/25,03/10/25,04:10 PM,07:10 PM,FALSE,TRUE,03/10/25,12:10 PM,03:10 PM,FREE,BUSY
03/11/25,01:05 PM,04:05 PM,Angels at Rangers,Surprise Stadium - Surprise,"Local TV: FanDuel Sports Network West ----- Local Radio: KLAA 830",03/11/25,03/11/25,04:05 PM,07:05 PM,FALSE,TRUE,03/11/25,12:05 PM,03:05 PM,FREE,BUSY
03/12/25,01:05 PM,04:05 PM,Angels at White Sox,Camelback Ranch - Glendale,"Local TV: FanDuel Sports Network West- MLBN (out-of-market only) ----- Local Radio: KLAA 830",03/12/25,03/12/25,04:05 PM,07:05 PM,FALSE,TRUE,03/12/25,12:05 PM,03:05 PM,FREE,BUSY
03/14/25,01:05 PM,04:05 PM,Angels at Athletics,Hohokam Stadium - Mesa,"",03/14/25,03/14/25,04:05 PM,07:05 PM,FALSE,TRUE,03/14/25,12:05 PM,03:05 PM,FREE,BUSY
03/14/25,01:10 PM,04:10 PM,Royals at Angels,Tempe Diablo Stadium - Tempe,"Local TV: FanDuel Sports Network West ----- Local Radio: KLAA 830",03/14/25,03/14/25,04:10 PM,07:10 PM,FALSE,TRUE,03/14/25,12:10 PM,03:10 PM,FREE,BUSY
03/15/25,01:10 PM,04:10 PM,Brewers at Angels,Tempe Diablo Stadium - Tempe,"Local TV: FanDuel Sports Network West ----- Local Radio: KLAA 830",03/15/25,03/15/25,04:10 PM,07:10 PM,FALSE,TRUE,03/15/25,12:10 PM,03:10 PM,FREE,BUSY
03/16/25,01:10 PM,04:10 PM,Padres at Angels,Tempe Diablo Stadium - Tempe,"Local TV: FanDuel Sports Network West ----- Local Radio: KLAA 830",03/16/25,03/16/25,04:10 PM,07:10 PM,FALSE,TRUE,03/16/25,12:10 PM,03:10 PM,FREE,BUSY
03/17/25,01:10 PM,04:10 PM,Angels at D-backs,Salt River Fields at Talking Stick - Scottsdale,"Local TV: FanDuel Sports Network West- MLBN (out-of-market only) ----- Local Radio: KLAA 830",03/17/25,03/17/25,04:10 PM,07:10 PM,FALSE,TRUE,03/17/25,12:10 PM,03:10 PM,FREE,BUSY
03/18/25,01:05 PM,04:05 PM,Angels at Reds,Goodyear Ballpark - Goodyear,"Local TV: FanDuel Sports Network West- MLBN (out-of-market only) ----- Local Radio: KLAA 830",03/18/25,03/18/25,04:05 PM,07:05 PM,FALSE,TRUE,03/18/25,12:05 PM,03:05 PM,FREE,BUSY
03/19/25,01:10 PM,04:10 PM,Guardians at Angels,Tempe Diablo Stadium - Tempe,"Local TV: FanDuel Sports Network West- MLBN (out-of-market only) ----- Local Radio: KLAA 830",03/19/25,03/19/25,04:10 PM,07:10 PM,FALSE,TRUE,03/19/25,12:10 PM,03:10 PM,FREE,BUSY
03/20/25,01:05 PM,04:05 PM,Angels at White Sox,Camelback Ranch - Glendale,"Local TV: FanDuel Sports Network West- MLBN (out-of-market only) ----- Local Radio: KLAA 830",03/20/25,03/20/25,04:05 PM,07:05 PM,FALSE,TRUE,03/20/25,12:05 PM,03:05 PM,FREE,BUSY
03/21/25,01:10 PM,04:10 PM,Angels at Rockies,Salt River Fields at Talking Stick - Scottsdale,"",03/21/25,03/21/25,04:10 PM,07:10 PM,FALSE,TRUE,03/21/25,12:10 PM,03:10 PM,FREE,BUSY
03/21/25,12:10 PM,03:10 PM,Rangers at Angels,Tempe Diablo Stadium - Tempe,"Local TV: FanDuel Sports Network West ----- Local Radio: KLAA 830",03/21/25,03/21/25,03:10 PM,06:10 PM,FALSE,TRUE,03/21/25,11:10 AM,02:10 PM,FREE,BUSY
03/23/25,05:10 PM,08:10 PM,Angels at Dodgers,Dodger Stadium - Los Angeles,"Local TV: FanDuel Sports Network So Cal- MLBN (out-of-market only) ----- Local Radio: KLAA 830- AM830 App",03/23/25,03/23/25,08:10 PM,11:10 PM,FALSE,TRUE,03/23/25,04:10 PM,07:10 PM,FREE,BUSY
03/24/25,06:07 PM,09:07 PM,Dodgers at Angels,Angel Stadium - Anaheim,"Local TV: FanDuel Sports Network West ----- Local Radio: KLAA 830- AM830 App",03/24/25,03/25/25,09:07 PM,12:07 AM,FALSE,TRUE,03/24/25,05:07 PM,08:07 PM,FREE,BUSY
03/25/25,06:07 PM,09:07 PM,Dodgers at Angels,Angel Stadium - Anaheim,"Local TV: FanDuel Sports Network So Cal ----- Local Radio: KLAA 830- AM830 App",03/25/25,03/26/25,09:07 PM,12:07 AM,FALSE,TRUE,03/25/25,05:07 PM,08:07 PM,FREE,BUSY
03/27/25,01:10 PM,04:10 PM,Angels at White Sox,Rate Field - Chicago,"Local TV: FanDuel Sports Network West ----- Local Radio: KLAA 830- AM830 App (SP)",03/27/25,03/27/25,04:10 PM,07:10 PM,FALSE,TRUE,03/27/25,12:10 PM,03:10 PM,FREE,BUSY
03/29/25,11:10 AM,02:10 PM,Angels at White Sox,Rate Field - Chicago,"Local TV: FanDuel Sports Network So Cal ----- Local Radio: KLAA 830",03/29/25,03/29/25,02:10 PM,05:10 PM,FALSE,TRUE,03/29/25,10:10 AM,01:10 PM,FREE,BUSY
03/30/25,11:10 AM,02:10 PM,Angels at White Sox,Rate Field - Chicago,"Local TV: FanDuel Sports Network West ----- Local Radio: KLAA 830",03/30/25,03/30/25,02:10 PM,05:10 PM,FALSE,TRUE,03/30/25,10:10 AM,01:10 PM,FREE,BUSY
03/31/25,04:45 PM,07:45 PM,Angels at Cardinals,Busch Stadium - St. Louis,"Local TV: FanDuel Sports Network West ----- Local Radio: KLAA 830",03/31/25,03/31/25,07:45 PM,10:45 PM,FALSE,TRUE,03/31/25,03:45 PM,06:45 PM,FREE,BUSY
04/01/25,04:45 PM,07:45 PM,Angels at Cardinals,Busch Stadium - St. Louis,"Local TV: FanDuel Sports Network So Cal ----- Local Radio: KLAA 830",04/01/25,04/01/25,07:45 PM,10:45 PM,FALSE,TRUE,04/01/25,03:45 PM,06:45 PM,FREE,BUSY
04/02/25,10:15 AM,01:15 PM,Angels at Cardinals,Busch Stadium - St. Louis,"Local TV: FanDuel Sports Network West ----- Local Radio: KLAA 830",04/02/25,04/02/25,01:15 PM,04:15 PM,FALSE,TRUE,04/02/25,09:15 AM,12:15 PM,FREE,BUSY
04/04/25,06:38 PM,09:38 PM,Guardians at Angels,Angel Stadium - Anaheim,"Local TV: FanDuel Sports Network West ----- Local Radio: KLAA 830- AM830 App (SP)",04/04/25,04/05/25,09:38 PM,12:38 AM,FALSE,TRUE,04/04/25,05:38 PM,08:38 PM,FREE,BUSY
04/05/25,06:38 PM,09:38 PM,Guardians at Angels,Angel Stadium - Anaheim,"Local TV: FanDuel Sports Network West ----- Local Radio: KLAA 830",04/05/25,04/06/25,09:38 PM,12:38 AM,FALSE,TRUE,04/05/25,05:38 PM,08:38 PM,FREE,BUSY
04/06/25,01:07 PM,04:07 PM,Guardians at Angels,Angel Stadium - Anaheim,"Local TV: FanDuel Sports Network West ----- Local Radio: KLAA 830",04/06/25,04/06/25,04:07 PM,07:07 PM,FALSE,TRUE,04/06/25,12:07 PM,03:07 PM,FREE,BUSY
04/08/25,04:05 PM,07:05 PM,Angels at Rays,George M. Steinbrenner Field - Tampa,"Local TV: FanDuel Sports Network West ----- Local Radio: KLAA 830",04/08/25,04/08/25,07:05 PM,10:05 PM,FALSE,TRUE,04/08/25,03:05 PM,06:05 PM,FREE,BUSY
04/09/25,04:05 PM,07:05 PM,Angels at Rays,George M. Steinbrenner Field - Tampa,"Local TV: FanDuel Sports Network West ----- Local Radio: KLAA 830",04/09/25,04/09/25,07:05 PM,10:05 PM,FALSE,TRUE,04/09/25,03:05 PM,06:05 PM,FREE,BUSY
04/10/25,10:10 AM,01:10 PM,Angels at Rays,George M. Steinbrenner Field - Tampa,"Local TV: FanDuel Sports Network West ----- Local Radio: KLAA 830",04/10/25,04/10/25,01:10 PM,04:10 PM,FALSE,TRUE,04/10/25,09:10 AM,12:10 PM,FREE,BUSY
04/11/25,05:10 PM,08:10 PM,Angels at Astros,Daikin Park - Houston,"Local TV: FanDuel Sports Network West ----- Local Radio: KLAA 830",04/11/25,04/11/25,08:10 PM,11:10 PM,FALSE,TRUE,04/11/25,04:10 PM,07:10 PM,FREE,BUSY
04/12/25,04:10 PM,07:10 PM,Angels at Astros,Daikin Park - Houston,"Local TV: FanDuel Sports Network So Cal ----- Local Radio: KLAA 830",04/12/25,04/12/25,07:10 PM,10:10 PM,FALSE,TRUE,04/12/25,03:10 PM,06:10 PM,FREE,BUSY
04/13/25,11:10 AM,02:10 PM,Angels at Astros,Daikin Park - Houston,"Local TV: FanDuel Sports Network West ----- Local Radio: KLAA 830",04/13/25,04/13/25,02:10 PM,05:10 PM,FALSE,TRUE,04/13/25,10:10 AM,01:10 PM,FREE,BUSY
04/15/25,05:05 PM,08:05 PM,Angels at Rangers,Globe Life Field - Arlington,"Local TV: FanDuel Sports Network West ----- Local Radio: KLAA 830- KWKW 1330",04/15/25,04/15/25,08:05 PM,11:05 PM,FALSE,TRUE,04/15/25,04:05 PM,07:05 PM,FREE,BUSY
04/16/25,05:05 PM,08:05 PM,Angels at Rangers,Globe Life Field - Arlington,"Local TV: FanDuel Sports Network West ----- Local Radio: KLAA 830- KWKW 1330",04/16/25,04/16/25,08:05 PM,11:05 PM,FALSE,TRUE,04/16/25,04:05 PM,07:05 PM,FREE,BUSY
04/17/25,05:05 PM,08:05 PM,Angels at Rangers,Globe Life Field - Arlington,"Local TV: FanDuel Sports Network West- MLBN (out-of-market only) ----- Local Radio: KLAA 830- KWKW 1330",04/17/25,04/17/25,08:05 PM,11:05 PM,FALSE,TRUE,04/17/25,04:05 PM,07:05 PM,FREE,BUSY
04/18/25,06:38 PM,09:38 PM,Giants at Angels,Angel Stadium - Anaheim,"Local TV: FanDuel Sports Network West- MLBN (out-of-market only) ----- Local Radio: KLAA 830- KWKW 1330",04/18/25,04/19/25,09:38 PM,12:38 AM,FALSE,TRUE,04/18/25,05:38 PM,08:38 PM,FREE,BUSY
04/19/25,06:38 PM,09:38 PM,Giants at Angels,Angel Stadium - Anaheim,"Local TV: FanDuel Sports Network West ----- Local Radio: KLAA 830",04/19/25,04/20/25,09:38 PM,12:38 AM,FALSE,TRUE,04/19/25,05:38 PM,08:38 PM,FREE,BUSY
04/20/25,01:07 PM,04:07 PM,Giants at Angels,Angel Stadium - Anaheim,"Local TV: FanDuel Sports Network West- MLBN (out-of-market only) ----- Local Radio: KLAA 830- KTMZ 1220",04/20/25,04/20/25,04:07 PM,07:07 PM,FALSE,TRUE,04/20/25,12:07 PM,03:07 PM,FREE,BUSY
04/22/25,06:38 PM,09:38 PM,Pirates at Angels,Angel Stadium - Anaheim,"Local TV: FanDuel Sports Network West ----- Local Radio: KLAA 830- KTMZ 1220",04/22/25,04/23/25,09:38 PM,12:38 AM,FALSE,TRUE,04/22/25,05:38 PM,08:38 PM,FREE,BUSY
04/23/25,06:38 PM,09:38 PM,Pirates at Angels,Angel Stadium - Anaheim,"Local TV: FanDuel Sports Network West ----- Local Radio: KLAA 830- KWKW 1330",04/23/25,04/24/25,09:38 PM,12:38 AM,FALSE,TRUE,04/23/25,05:38 PM,08:38 PM,FREE,BUSY
04/24/25,06:29 PM,09:29 PM,Pirates at Angels,Angel Stadium - Anaheim,"Local TV: FanDuel Sports Network West ----- Local Radio: KLAA 830",04/24/25,04/25/25,09:29 PM,12:29 AM,FALSE,TRUE,04/24/25,05:29 PM,08:29 PM,FREE,BUSY
04/25/25,04:40 PM,07:40 PM,Angels at Twins,Target Field - Minneapolis,"Local TV: FanDuel Sports Network West ----- Local Radio: KLAA 830",04/25/25,04/25/25,07:40 PM,10:40 PM,FALSE,TRUE,04/25/25,03:40 PM,06:40 PM,FREE,BUSY
04/26/25,11:10 AM,02:10 PM,Angels at Twins,Target Field - Minneapolis,"Local TV: FanDuel Sports Network West ----- Local Radio: KLAA 830",04/26/25,04/26/25,02:10 PM,05:10 PM,FALSE,TRUE,04/26/25,10:10 AM,01:10 PM,FREE,BUSY
04/27/25,10:40 AM,01:40 PM,Angels at Twins,Target Field - Minneapolis,"Local TV: FanDuel Sports Network West ----- Local Radio: KLAA 830",04/27/25,04/27/25,01:40 PM,04:40 PM,FALSE,TRUE,04/27/25,09:40 AM,12:40 PM,FREE,BUSY
04/29/25,06:40 PM,09:40 PM,Angels at Mariners,T-Mobile Park - Seattle,"Local TV: FanDuel Sports Network West ----- Local Radio: KLAA 830- KWKW 1330",04/29/25,04/30/25,09:40 PM,12:40 AM,FALSE,TRUE,04/29/25,05:40 PM,08:40 PM,FREE,BUSY
04/30/25,01:10 PM,04:10 PM,Angels at Mariners,T-Mobile Park - Seattle,"Local TV: FanDuel Sports Network West ----- Local Radio: KLAA 830",04/30/25,04/30/25,04:10 PM,07:10 PM,FALSE,TRUE,04/30/25,12:10 PM,03:10 PM,FREE,BUSY
05/01/25,06:38 PM,09:38 PM,Tigers at Angels,Angel Stadium - Anaheim,"Local TV: KCOP 13 ----- Local Radio: KLAA 830",05/01/25,05/02/25,09:38 PM,12:38 AM,FALSE,TRUE,05/01/25,05:38 PM,08:38 PM,FREE,BUSY
05/02/25,06:38 PM,09:38 PM,Tigers at Angels,Angel Stadium - Anaheim,"Local TV: FanDuel Sports Network West ----- Local Radio: KLAA 830",05/02/25,05/03/25,09:38 PM,12:38 AM,FALSE,TRUE,05/02/25,05:38 PM,08:38 PM,FREE,BUSY
05/03/25,06:38 PM,09:38 PM,Tigers at Angels,Angel Stadium - Anaheim,"Local TV: FanDuel Sports Network West- MLBN (out-of-market only) ----- Local Radio: KLAA 830",05/03/25,05/04/25,09:38 PM,12:38 AM,FALSE,TRUE,05/03/25,05:38 PM,08:38 PM,FREE,BUSY
05/04/25,01:07 PM,04:07 PM,Tigers at Angels,Angel Stadium - Anaheim,"Local TV: FanDuel Sports Network West ----- Local Radio: KLAA 830",05/04/25,05/04/25,04:07 PM,07:07 PM,FALSE,TRUE,05/04/25,12:07 PM,03:07 PM,FREE,BUSY
05/06/25,06:38 PM,09:38 PM,Blue Jays at Angels,Angel Stadium - Anaheim,"Local TV: FanDuel Sports Network West- MLBN (out-of-market only) ----- Local Radio: KLAA 830- KWKW 1330",05/06/25,05/07/25,09:38 PM,12:38 AM,FALSE,TRUE,05/06/25,05:38 PM,08:38 PM,FREE,BUSY
05/07/25,06:38 PM,09:38 PM,Blue Jays at Angels,Angel Stadium - Anaheim,"Local TV: FanDuel Sports Network West ----- Local Radio: KLAA 830- KWKW 1330",05/07/25,05/08/25,09:38 PM,12:38 AM,FALSE,TRUE,05/07/25,05:38 PM,08:38 PM,FREE,BUSY
05/08/25,06:38 PM,09:38 PM,Blue Jays at Angels,Angel Stadium - Anaheim,"Local TV: FanDuel Sports Network West ----- Local Radio: KLAA 830",05/08/25,05/09/25,09:38 PM,12:38 AM,FALSE,TRUE,05/08/25,05:38 PM,08:38 PM,FREE,BUSY
05/09/25,06:38 PM,09:38 PM,Orioles at Angels,Angel Stadium - Anaheim,"Local TV: FanDuel Sports Network West ----- Local Radio: KLAA 830- KTMZ 1220",05/09/25,05/10/25,09:38 PM,12:38 AM,FALSE,TRUE,05/09/25,05:38 PM,08:38 PM,FREE,BUSY
05/10/25,06:38 PM,09:38 PM,Orioles at Angels,Angel Stadium - Anaheim,"Local TV: FanDuel Sports Network West- MLBN (out-of-market only) ----- Local Radio: KLAA 830",05/10/25,05/11/25,09:38 PM,12:38 AM,FALSE,TRUE,05/10/25,05:38 PM,08:38 PM,FREE,BUSY
05/11/25,01:07 PM,04:07 PM,Orioles at Angels,Angel Stadium - Anaheim,"Local TV: FanDuel Sports Network West ----- Local Radio: KLAA 830- KTMZ 1220",05/11/25,05/11/25,04:07 PM,07:07 PM,FALSE,TRUE,05/11/25,12:07 PM,03:07 PM,FREE,BUSY
05/12/25,06:40 PM,09:40 PM,Angels at Padres,Petco Park - San Diego,"Local TV: FanDuel Sports Network West ----- Local Radio: KLAA 830- KWKW 1330",05/12/25,05/13/25,09:40 PM,12:40 AM,FALSE,TRUE,05/12/25,05:40 PM,08:40 PM,FREE,BUSY
05/13/25,06:40 PM,09:40 PM,Angels at Padres,Petco Park - San Diego,"Local TV: FanDuel Sports Network West ----- Local Radio: KLAA 830- KWKW 1330",05/13/25,05/14/25,09:40 PM,12:40 AM,FALSE,TRUE,05/13/25,05:40 PM,08:40 PM,FREE,BUSY
05/14/25,06:40 PM,09:40 PM,Angels at Padres,Petco Park - San Diego,"Local TV: FanDuel Sports Network West ----- Local Radio: KLAA 830",05/14/25,05/15/25,09:40 PM,12:40 AM,FALSE,TRUE,05/14/25,05:40 PM,08:40 PM,FREE,BUSY
05/16/25,07:10 PM,10:10 PM,Angels at Dodgers,Dodger Stadium - Los Angeles,"Local TV: FanDuel Sports Network West- MLBN (out-of-market only) ----- Local Radio: KLAA 830- KWKW 1330",05/16/25,05/17/25,10:10 PM,01:10 AM,FALSE,TRUE,05/16/25,06:10 PM,09:10 PM,FREE,BUSY
05/17/25,06:10 PM,09:10 PM,Angels at Dodgers,Dodger Stadium - Los Angeles,"Local TV: FanDuel Sports Network West- MLBN (out-of-market only) ----- Local Radio: KLAA 830- KWKW 1330",05/17/25,05/18/25,09:10 PM,12:10 AM,FALSE,TRUE,05/17/25,05:10 PM,08:10 PM,FREE,BUSY
05/18/25,01:10 PM,04:10 PM,Angels at Dodgers,Dodger Stadium - Los Angeles,"Local TV: FanDuel Sports Network West- KCOP 13 ----- Local Radio: KLAA 830- KWKW 1330",05/18/25,05/18/25,04:10 PM,07:10 PM,FALSE,TRUE,05/18/25,12:10 PM,03:10 PM,FREE,BUSY
05/19/25,07:05 PM,10:05 PM,Angels at Athletics,Sutter Health Park - Sacramento,"Local TV: FanDuel Sports Network West ----- Local Radio: KLAA 830- KTMZ 1220",05/19/25,05/20/25,10:05 PM,01:05 AM,FALSE,TRUE,05/19/25,06:05 PM,09:05 PM,FREE,BUSY
05/20/25,07:05 PM,10:05 PM,Angels at Athletics,Sutter Health Park - Sacramento,"Local TV: FanDuel Sports Network West ----- Local Radio: KLAA 830- KTMZ 1220",05/20/25,05/21/25,10:05 PM,01:05 AM,FALSE,TRUE,05/20/25,06:05 PM,09:05 PM,FREE,BUSY
05/21/25,07:05 PM,10:05 PM,Angels at Athletics,Sutter Health Park - Sacramento,"Local TV: FanDuel Sports Network West ----- Local Radio: KLAA 830- KTMZ 1220",05/21/25,05/22/25,10:05 PM,01:05 AM,FALSE,TRUE,05/21/25,06:05 PM,09:05 PM,FREE,BUSY
05/22/25,12:35 PM,03:35 PM,Angels at Athletics,Sutter Health Park - Sacramento,"Local TV: FanDuel Sports Network West ----- Local Radio: KLAA 830",05/22/25,05/22/25,03:35 PM,06:35 PM,FALSE,TRUE,05/22/25,11:35 AM,02:35 PM,FREE,BUSY
05/23/25,06:38 PM,09:38 PM,Marlins at Angels,Angel Stadium - Anaheim,"Local TV: FanDuel Sports Network West ----- Local Radio: KLAA 830",05/23/25,05/24/25,09:38 PM,12:38 AM,FALSE,TRUE,05/23/25,05:38 PM,08:38 PM,FREE,BUSY
05/24/25,07:07 PM,10:07 PM,Marlins at Angels,Angel Stadium - Anaheim,"Local TV: FanDuel Sports Network West ----- Local Radio: KLAA 830",05/24/25,05/25/25,10:07 PM,01:07 AM,FALSE,TRUE,05/24/25,06:07 PM,09:07 PM,FREE,BUSY
05/25/25,01:07 PM,04:07 PM,Marlins at Angels,Angel Stadium - Anaheim,"Local TV: FanDuel Sports Network West- KCOP 13 ----- Local Radio: KLAA 830",05/25/25,05/25/25,04:07 PM,07:07 PM,FALSE,TRUE,05/25/25,12:07 PM,03:07 PM,FREE,BUSY
05/26/25,06:38 PM,09:38 PM,Yankees at Angels,Angel Stadium - Anaheim,"Local TV: FanDuel Sports Network West- MLBN (out-of-market only) ----- Local Radio: KLAA 830- KWKW 1330",05/26/25,05/27/25,09:38 PM,12:38 AM,FALSE,TRUE,05/26/25,05:38 PM,08:38 PM,FREE,BUSY
05/27/25,06:38 PM,09:38 PM,Yankees at Angels,Angel Stadium - Anaheim,"Local TV: FanDuel Sports Network West ----- Local Radio: KLAA 830- KWKW 1330",05/27/25,05/28/25,09:38 PM,12:38 AM,FALSE,TRUE,05/27/25,05:38 PM,08:38 PM,FREE,BUSY
05/28/25,06:38 PM,09:38 PM,Yankees at Angels,Angel Stadium - Anaheim,"Local TV: FanDuel Sports Network West ----- Local Radio: KLAA 830",05/28/25,05/29/25,09:38 PM,12:38 AM,FALSE,TRUE,05/28/25,05:38 PM,08:38 PM,FREE,BUSY
05/30/25,04:10 PM,07:10 PM,Angels at Guardians,Progressive Field - Cleveland,"Local TV: FanDuel Sports Network West ----- Local Radio: KLAA 830",05/30/25,05/30/25,07:10 PM,10:10 PM,FALSE,TRUE,05/30/25,03:10 PM,06:10 PM,FREE,BUSY
05/31/25,01:10 PM,04:10 PM,Angels at Guardians,Progressive Field - Cleveland,"Local TV: FanDuel Sports Network West ----- Local Radio: KLAA 830",05/31/25,05/31/25,04:10 PM,07:10 PM,FALSE,TRUE,05/31/25,12:10 PM,03:10 PM,FREE,BUSY
06/01/25,10:40 AM,01:40 PM,Angels at Guardians,Progressive Field - Cleveland,"Local TV: FanDuel Sports Network West ----- Local Radio: KLAA 830",06/01/25,06/01/25,01:40 PM,04:40 PM,FALSE,TRUE,06/01/25,09:40 AM,12:40 PM,FREE,BUSY
06/02/25,04:10 PM,07:10 PM,Angels at Red Sox,Fenway Park - Boston,"Local TV: FanDuel Sports Network West ----- Local Radio: KLAA 830",06/02/25,06/02/25,07:10 PM,10:10 PM,FALSE,TRUE,06/02/25,03:10 PM,06:10 PM,FREE,BUSY
06/03/25,04:10 PM,07:10 PM,Angels at Red Sox,Fenway Park - Boston,"Local TV: FanDuel Sports Network West ----- Local Radio: KLAA 830",06/03/25,06/03/25,07:10 PM,10:10 PM,FALSE,TRUE,06/03/25,03:10 PM,06:10 PM,FREE,BUSY
06/04/25,10:35 AM,01:35 PM,Angels at Red Sox,Fenway Park - Boston,"Local TV: FanDuel Sports Network West- MLBN (out-of-market only) ----- Local Radio: KLAA 830",06/04/25,06/04/25,01:35 PM,04:35 PM,FALSE,TRUE,06/04/25,09:35 AM,12:35 PM,FREE,BUSY
06/06/25,06:38 PM,09:38 PM,Mariners at Angels,Angel Stadium - Anaheim,"Local TV: FanDuel Sports Network West ----- Local Radio: KLAA 830- KWKW 1330",06/06/25,06/07/25,09:38 PM,12:38 AM,FALSE,TRUE,06/06/25,05:38 PM,08:38 PM,FREE,BUSY
06/07/25,06:38 PM,09:38 PM,Mariners at Angels,Angel Stadium - Anaheim,"Local TV: FanDuel Sports Network West ----- Local Radio: KLAA 830- KWKW 1330",06/07/25,06/08/25,09:38 PM,12:38 AM,FALSE,TRUE,06/07/25,05:38 PM,08:38 PM,FREE,BUSY
06/08/25,01:07 PM,04:07 PM,Mariners at Angels,Angel Stadium - Anaheim,"Local TV: FanDuel Sports Network West- KCOP 13 ----- Local Radio: KLAA 830- KTMZ 1220",06/08/25,06/08/25,04:07 PM,07:07 PM,FALSE,TRUE,06/08/25,12:07 PM,03:07 PM,FREE,BUSY
06/09/25,06:38 PM,09:38 PM,Athletics at Angels,Angel Stadium - Anaheim,"Local TV: FanDuel Sports Network West ----- Local Radio: KLAA 830- KWKW 1330",06/09/25,06/10/25,09:38 PM,12:38 AM,FALSE,TRUE,06/09/25,05:38 PM,08:38 PM,FREE,BUSY
06/10/25,06:38 PM,09:38 PM,Athletics at Angels,Angel Stadium - Anaheim,"Local TV: FanDuel Sports Network West ----- Local Radio: KLAA 830- KWKW 1330",06/10/25,06/11/25,09:38 PM,12:38 AM,FALSE,TRUE,06/10/25,05:38 PM,08:38 PM,FREE,BUSY
06/11/25,01:07 PM,04:07 PM,Athletics at Angels,Angel Stadium - Anaheim,"Local TV: FanDuel Sports Network West ----- Local Radio: KLAA 830",06/11/25,06/11/25,04:07 PM,07:07 PM,FALSE,TRUE,06/11/25,12:07 PM,03:07 PM,FREE,BUSY
06/13/25,04:08 PM,07:08 PM,Angels at Orioles,Oriole Park at Camden Yards - Baltimore,"Local TV: Apple TV+ ----- Local Radio: KLAA 830",06/13/25,06/13/25,07:08 PM,10:08 PM,FALSE,TRUE,06/13/25,03:08 PM,06:08 PM,FREE,BUSY
06/14/25,01:05 PM,04:05 PM,Angels at Orioles,Oriole Park at Camden Yards - Baltimore,"Local TV: FanDuel Sports Network West ----- Local Radio: KLAA 830",06/14/25,06/14/25,04:05 PM,07:05 PM,FALSE,TRUE,06/14/25,12:05 PM,03:05 PM,FREE,BUSY
06/15/25,10:35 AM,01:35 PM,Angels at Orioles,Oriole Park at Camden Yards - Baltimore,"Local TV: FanDuel Sports Network West ----- Local Radio: KLAA 830",06/15/25,06/15/25,01:35 PM,04:35 PM,FALSE,TRUE,06/15/25,09:35 AM,12:35 PM,FREE,BUSY
06/16/25,04:05 PM,07:05 PM,Angels at Yankees,Yankee Stadium - Bronx,"Local TV: FanDuel Sports Network West- MLBN (out-of-market only) ----- Local Radio: KLAA 830",06/16/25,06/16/25,07:05 PM,10:05 PM,FALSE,TRUE,06/16/25,03:05 PM,06:05 PM,FREE,BUSY
06/17/25,04:05 PM,07:05 PM,Angels at Yankees,Yankee Stadium - Bronx,"Local TV: FanDuel Sports Network West ----- Local Radio: KLAA 830",06/17/25,06/17/25,07:05 PM,10:05 PM,FALSE,TRUE,06/17/25,03:05 PM,06:05 PM,FREE,BUSY
06/18/25,04:05 PM,07:05 PM,Angels at Yankees,Yankee Stadium - Bronx,"Local TV: FanDuel Sports Network West ----- Local Radio: KLAA 830",06/18/25,06/18/25,07:05 PM,10:05 PM,FALSE,TRUE,06/18/25,03:05 PM,06:05 PM,FREE,BUSY
06/19/25,10:05 AM,01:05 PM,Angels at Yankees,Yankee Stadium - Bronx,"Local TV: FanDuel Sports Network West- MLBN (out-of-market only) ----- Local Radio: KLAA 830",06/19/25,06/19/25,01:05 PM,04:05 PM,FALSE,TRUE,06/19/25,09:05 AM,12:05 PM,FREE,BUSY
06/20/25,06:38 PM,09:38 PM,Astros at Angels,Angel Stadium - Anaheim,"Local TV: FanDuel Sports Network West ----- Local Radio: KLAA 830- KWKW 1330",06/20/25,06/21/25,09:38 PM,12:38 AM,FALSE,TRUE,06/20/25,05:38 PM,08:38 PM,FREE,BUSY
06/21/25,06:38 PM,09:38 PM,Astros at Angels,Angel Stadium - Anaheim,"Local TV: FanDuel Sports Network West ----- Local Radio: KLAA 830- KWKW 1330",06/21/25,06/22/25,09:38 PM,12:38 AM,FALSE,TRUE,06/21/25,05:38 PM,08:38 PM,FREE,BUSY
06/22/25,01:07 PM,04:07 PM,Astros at Angels,Angel Stadium - Anaheim,"Local TV: FanDuel Sports Network West- KCOP 13 ----- Local Radio: KLAA 830- KTMZ 1220",06/22/25,06/22/25,04:07 PM,07:07 PM,FALSE,TRUE,06/22/25,12:07 PM,03:07 PM,FREE,BUSY
06/23/25,06:38 PM,09:38 PM,Red Sox at Angels,Angel Stadium - Anaheim,"Local TV: FanDuel Sports Network West- MLBN (out-of-market only) ----- Local Radio: KLAA 830- KWKW 1330",06/23/25,06/24/25,09:38 PM,12:38 AM,FALSE,TRUE,06/23/25,05:38 PM,08:38 PM,FREE,BUSY
06/24/25,06:38 PM,09:38 PM,Red Sox at Angels,Angel Stadium - Anaheim,"Local TV: FanDuel Sports Network West ----- Local Radio: KLAA 830- KWKW 1330",06/24/25,06/25/25,09:38 PM,12:38 AM,FALSE,TRUE,06/24/25,05:38 PM,08:38 PM,FREE,BUSY
06/25/25,01:07 PM,04:07 PM,Red Sox at Angels,Angel Stadium - Anaheim,"Local TV: FanDuel Sports Network West ----- Local Radio: KLAA 830",06/25/25,06/25/25,04:07 PM,07:07 PM,FALSE,TRUE,06/25/25,12:07 PM,03:07 PM,FREE,BUSY
06/27/25,06:38 PM,09:38 PM,Nationals at Angels,Angel Stadium - Anaheim,"Local TV: FanDuel Sports Network West ----- Local Radio: KLAA 830- KWKW 1330",06/27/25,06/28/25,09:38 PM,12:38 AM,FALSE,TRUE,06/27/25,05:38 PM,08:38 PM,FREE,BUSY
06/28/25,06:38 PM,09:38 PM,Nationals at Angels,Angel Stadium - Anaheim,"Local TV: FanDuel Sports Network West- MLBN (out-of-market only) ----- Local Radio: KLAA 830",06/28/25,06/29/25,09:38 PM,12:38 AM,FALSE,TRUE,06/28/25,05:38 PM,08:38 PM,FREE,BUSY
06/29/25,01:07 PM,04:07 PM,Nationals at Angels,Angel Stadium - Anaheim,"Local TV: FanDuel Sports Network West- KCOP 13 ----- Local Radio: KLAA 830- KWKW 1330",06/29/25,06/29/25,04:07 PM,07:07 PM,FALSE,TRUE,06/29/25,12:07 PM,03:07 PM,FREE,BUSY
07/01/25,04:15 PM,07:15 PM,Angels at Braves,Truist Park - Atlanta,"Local TV: FanDuel Sports Network West ----- Local Radio: KLAA 830",07/01/25,07/01/25,07:15 PM,10:15 PM,FALSE,TRUE,07/01/25,03:15 PM,06:15 PM,FREE,BUSY
07/02/25,04:15 PM,07:15 PM,Angels at Braves,Truist Park - Atlanta,"Local TV: FanDuel Sports Network West ----- Local Radio: KLAA 830- KTMZ 1220",07/02/25,07/02/25,07:15 PM,10:15 PM,FALSE,TRUE,07/02/25,03:15 PM,06:15 PM,FREE,BUSY
07/03/25,04:15 PM,07:15 PM,Angels at Braves,Truist Park - Atlanta,"Local TV: FanDuel Sports Network West ----- Local Radio: KLAA 830- KTMZ 1220",07/03/25,07/03/25,07:15 PM,10:15 PM,FALSE,TRUE,07/03/25,03:15 PM,06:15 PM,FREE,BUSY
07/04/25,04:07 PM,07:07 PM,Angels at Blue Jays,Rogers Centre - Toronto,"Local TV: Apple TV+ ----- Local Radio: KLAA 830",07/04/25,07/04/25,07:07 PM,10:07 PM,FALSE,TRUE,07/04/25,03:07 PM,06:07 PM,FREE,BUSY
07/05/25,12:07 PM,03:07 PM,Angels at Blue Jays,Rogers Centre - Toronto,"Local TV: FanDuel Sports Network West ----- Local Radio: KLAA 830- KWKW 1330",07/05/25,07/05/25,03:07 PM,06:07 PM,FALSE,TRUE,07/05/25,11:07 AM,02:07 PM,FREE,BUSY
07/06/25,10:37 AM,01:37 PM,Angels at Blue Jays,Rogers Centre - Toronto,"Local TV: FanDuel Sports Network West ----- Local Radio: KLAA 830- KWKW 1330",07/06/25,07/06/25,01:37 PM,04:37 PM,FALSE,TRUE,07/06/25,09:37 AM,12:37 PM,FREE,BUSY
07/07/25,06:38 PM,09:38 PM,Rangers at Angels,Angel Stadium - Anaheim,"Local TV: FanDuel Sports Network West ----- Local Radio: KLAA 830- KWKW 1330",07/07/25,07/08/25,09:38 PM,12:38 AM,FALSE,TRUE,07/07/25,05:38 PM,08:38 PM,FREE,BUSY
07/08/25,06:38 PM,09:38 PM,Rangers at Angels,Angel Stadium - Anaheim,"Local TV: FanDuel Sports Network West ----- Local Radio: KLAA 830- KWKW 1330",07/08/25,07/09/25,09:38 PM,12:38 AM,FALSE,TRUE,07/08/25,05:38 PM,08:38 PM,FREE,BUSY
07/09/25,06:38 PM,09:38 PM,Rangers at Angels,Angel Stadium - Anaheim,"Local TV: FanDuel Sports Network West ----- Local Radio: KLAA 830- KWKW 1330",07/09/25,07/10/25,09:38 PM,12:38 AM,FALSE,TRUE,07/09/25,05:38 PM,08:38 PM,FREE,BUSY
07/10/25,06:38 PM,09:38 PM,Rangers at Angels,Angel Stadium - Anaheim,"Local TV: FanDuel Sports Network West ----- Local Radio: KLAA 830- KTMZ 1220",07/10/25,07/11/25,09:38 PM,12:38 AM,FALSE,TRUE,07/10/25,05:38 PM,08:38 PM,FREE,BUSY
07/11/25,06:38 PM,09:38 PM,D-backs at Angels,Angel Stadium - Anaheim,"Local TV: Apple TV+ ----- Local Radio: KLAA 830- KTMZ 1220",07/11/25,07/12/25,09:38 PM,12:38 AM,FALSE,TRUE,07/11/25,05:38 PM,08:38 PM,FREE,BUSY
07/12/25,06:38 PM,09:38 PM,D-backs at Angels,Angel Stadium - Anaheim,"Local TV: FanDuel Sports Network West ----- Local Radio: KLAA 830",07/12/25,07/13/25,09:38 PM,12:38 AM,FALSE,TRUE,07/12/25,05:38 PM,08:38 PM,FREE,BUSY
07/13/25,01:07 PM,04:07 PM,D-backs at Angels,Angel Stadium - Anaheim,"Local TV: FanDuel Sports Network West- KCOP 13 ----- Local Radio: KLAA 830- KWKW 1330",07/13/25,07/13/25,04:07 PM,07:07 PM,FALSE,TRUE,07/13/25,12:07 PM,03:07 PM,FREE,BUSY
07/18/25,03:45 PM,06:45 PM,Angels at Phillies,Citizens Bank Park - Philadelphia,"Local TV: FanDuel Sports Network West ----- Local Radio: KLAA 830",07/18/25,07/18/25,06:45 PM,09:45 PM,FALSE,TRUE,07/18/25,02:45 PM,05:45 PM,FREE,BUSY
07/19/25,03:05 PM,06:05 PM,Angels at Phillies,Citizens Bank Park - Philadelphia,"Local TV: FanDuel Sports Network West ----- Local Radio: KLAA 830- KWKW 1330",07/19/25,07/19/25,06:05 PM,09:05 PM,FALSE,TRUE,07/19/25,02:05 PM,05:05 PM,FREE,BUSY
07/20/25,10:35 AM,01:35 PM,Angels at Phillies,Citizens Bank Park - Philadelphia,"Local TV: FanDuel Sports Network West ----- Local Radio: KLAA 830- KWKW 1330",07/20/25,07/20/25,01:35 PM,04:35 PM,FALSE,TRUE,07/20/25,09:35 AM,12:35 PM,FREE,BUSY
07/21/25,04:10 PM,07:10 PM,Angels at Mets,Citi Field - Flushing,"Local TV: FanDuel Sports Network West ----- Local Radio: KLAA 830",07/21/25,07/21/25,07:10 PM,10:10 PM,FALSE,TRUE,07/21/25,03:10 PM,06:10 PM,FREE,BUSY
07/22/25,04:10 PM,07:10 PM,Angels at Mets,Citi Field - Flushing,"Local TV: FanDuel Sports Network West ----- Local Radio: KLAA 830",07/22/25,07/22/25,07:10 PM,10:10 PM,FALSE,TRUE,07/22/25,03:10 PM,06:10 PM,FREE,BUSY
07/23/25,10:10 AM,01:10 PM,Angels at Mets,Citi Field - Flushing,"Local TV: FanDuel Sports Network West ----- Local Radio: KLAA 830",07/23/25,07/23/25,01:10 PM,04:10 PM,FALSE,TRUE,07/23/25,09:10 AM,12:10 PM,FREE,BUSY
07/24/25,06:38 PM,09:38 PM,Mariners at Angels,Angel Stadium - Anaheim,"Local TV: FanDuel Sports Network West- MLBN (out-of-market only) ----- Local Radio: KLAA 830- KWKW 1330",07/24/25,07/25/25,09:38 PM,12:38 AM,FALSE,TRUE,07/24/25,05:38 PM,08:38 PM,FREE,BUSY
07/25/25,06:38 PM,09:38 PM,Mariners at Angels,Angel Stadium - Anaheim,"Local TV: FanDuel Sports Network West ----- Local Radio: KLAA 830",07/25/25,07/26/25,09:38 PM,12:38 AM,FALSE,TRUE,07/25/25,05:38 PM,08:38 PM,FREE,BUSY
07/26/25,06:38 PM,09:38 PM,Mariners at Angels,Angel Stadium - Anaheim,"Local TV: FanDuel Sports Network West- MLBN (out-of-market only) ----- Local Radio: KLAA 830- KWKW 1330",07/26/25,07/27/25,09:38 PM,12:38 AM,FALSE,TRUE,07/26/25,05:38 PM,08:38 PM,FREE,BUSY
07/27/25,01:07 PM,04:07 PM,Mariners at Angels,Angel Stadium - Anaheim,"Local TV: Roku ----- Local Radio: KLAA 830- KWKW 1330",07/27/25,07/27/25,04:07 PM,07:07 PM,FALSE,TRUE,07/27/25,12:07 PM,03:07 PM,FREE,BUSY
07/28/25,06:38 PM,09:38 PM,Rangers at Angels,Angel Stadium - Anaheim,"Local TV: FanDuel Sports Network West ----- Local Radio: KLAA 830- KWKW 1330",07/28/25,07/29/25,09:38 PM,12:38 AM,FALSE,TRUE,07/28/25,05:38 PM,08:38 PM,FREE,BUSY
07/29/25,06:38 PM,09:38 PM,Rangers at Angels,Angel Stadium - Anaheim,"Local TV: FanDuel Sports Network West ----- Local Radio: KLAA 830- KTMZ 1220",07/29/25,07/30/25,09:38 PM,12:38 AM,FALSE,TRUE,07/29/25,05:38 PM,08:38 PM,FREE,BUSY
07/30/25,06:38 PM,09:38 PM,Rangers at Angels,Angel Stadium - Anaheim,"Local TV: FanDuel Sports Network West ----- Local Radio: KLAA 830- KTMZ 1220",07/30/25,07/31/25,09:38 PM,12:38 AM,FALSE,TRUE,07/30/25,05:38 PM,08:38 PM,FREE,BUSY
08/01/25,06:38 PM,09:38 PM,White Sox at Angels,Angel Stadium - Anaheim,"Local TV: FanDuel Sports Network West ----- Local Radio: KLAA 830- KWKW 1330",08/01/25,08/02/25,09:38 PM,12:38 AM,FALSE,TRUE,08/01/25,05:38 PM,08:38 PM,FREE,BUSY
08/02/25,07:07 PM,10:07 PM,White Sox at Angels,Angel Stadium - Anaheim,"Local TV: FanDuel Sports Network West ----- Local Radio: KLAA 830- KWKW 1330",08/02/25,08/03/25,10:07 PM,01:07 AM,FALSE,TRUE,08/02/25,06:07 PM,09:07 PM,FREE,BUSY
08/03/25,01:07 PM,04:07 PM,White Sox at Angels,Angel Stadium - Anaheim,"Local TV: FanDuel Sports Network West- KCOP 13 ----- Local Radio: KLAA 830- KWKW 1330",08/03/25,08/03/25,04:07 PM,07:07 PM,FALSE,TRUE,08/03/25,12:07 PM,03:07 PM,FREE,BUSY
08/04/25,06:38 PM,09:38 PM,Rays at Angels,Angel Stadium - Anaheim,"Local TV: FanDuel Sports Network West- MLBN (out-of-market only) ----- Local Radio: KLAA 830- KWKW 1330",08/04/25,08/05/25,09:38 PM,12:38 AM,FALSE,TRUE,08/04/25,05:38 PM,08:38 PM,FREE,BUSY
08/05/25,06:38 PM,09:38 PM,Rays at Angels,Angel Stadium - Anaheim,"Local TV: FanDuel Sports Network West ----- Local Radio: KLAA 830- KTMZ 1220",08/05/25,08/06/25,09:38 PM,12:38 AM,FALSE,TRUE,08/05/25,05:38 PM,08:38 PM,FREE,BUSY
08/06/25,01:07 PM,04:07 PM,Rays at Angels,Angel Stadium - Anaheim,"Local TV: FanDuel Sports Network West ----- Local Radio: KLAA 830",08/06/25,08/06/25,04:07 PM,07:07 PM,FALSE,TRUE,08/06/25,12:07 PM,03:07 PM,FREE,BUSY
08/08/25,04:10 PM,07:10 PM,Angels at Tigers,Comerica Park - Detroit,"Local TV: FanDuel Sports Network West ----- Local Radio: KLAA 830",08/08/25,08/08/25,07:10 PM,10:10 PM,FALSE,TRUE,08/08/25,03:10 PM,06:10 PM,FREE,BUSY
08/09/25,03:10 PM,06:10 PM,Angels at Tigers,Comerica Park - Detroit,"Local TV: FanDuel Sports Network West ----- Local Radio: KLAA 830",08/09/25,08/09/25,06:10 PM,09:10 PM,FALSE,TRUE,08/09/25,02:10 PM,05:10 PM,FREE,BUSY
08/10/25,10:40 AM,01:40 PM,Angels at Tigers,Comerica Park - Detroit,"Local TV: FanDuel Sports Network West ----- Local Radio: KLAA 830",08/10/25,08/10/25,01:40 PM,04:40 PM,FALSE,TRUE,08/10/25,09:40 AM,12:40 PM,FREE,BUSY
08/11/25,06:38 PM,09:38 PM,Dodgers at Angels,Angel Stadium - Anaheim,"Local TV: FanDuel Sports Network West- KCOP 13 ----- Local Radio: KLAA 830- KWKW 1330",08/11/25,08/12/25,09:38 PM,12:38 AM,FALSE,TRUE,08/11/25,05:38 PM,08:38 PM,FREE,BUSY
08/12/25,06:38 PM,09:38 PM,Dodgers at Angels,Angel Stadium - Anaheim,"Local TV: FanDuel Sports Network West ----- Local Radio: KLAA 830- KWKW 1330",08/12/25,08/13/25,09:38 PM,12:38 AM,FALSE,TRUE,08/12/25,05:38 PM,08:38 PM,FREE,BUSY
08/13/25,06:38 PM,09:38 PM,Dodgers at Angels,Angel Stadium - Anaheim,"Local TV: FanDuel Sports Network West- MLBN (out-of-market only) ----- Local Radio: KLAA 830- KWKW 1330",08/13/25,08/14/25,09:38 PM,12:38 AM,FALSE,TRUE,08/13/25,05:38 PM,08:38 PM,FREE,BUSY
08/15/25,07:05 PM,10:05 PM,Angels at Athletics,Sutter Health Park - Sacramento,"Local TV: FanDuel Sports Network West ----- Local Radio: KLAA 830- KTMZ 1220",08/15/25,08/16/25,10:05 PM,01:05 AM,FALSE,TRUE,08/15/25,06:05 PM,09:05 PM,FREE,BUSY
08/16/25,07:05 PM,10:05 PM,Angels at Athletics,Sutter Health Park - Sacramento,"Local TV: FanDuel Sports Network West ----- Local Radio: KLAA 830",08/16/25,08/17/25,10:05 PM,01:05 AM,FALSE,TRUE,08/16/25,06:05 PM,09:05 PM,FREE,BUSY
08/17/25,01:05 PM,04:05 PM,Angels at Athletics,Sutter Health Park - Sacramento,"Local TV: FanDuel Sports Network West- KCOP 13 ----- Local Radio: KLAA 830- KTMZ 1220",08/17/25,08/17/25,04:05 PM,07:05 PM,FALSE,TRUE,08/17/25,12:05 PM,03:05 PM,FREE,BUSY
08/18/25,06:38 PM,09:38 PM,Reds at Angels,Angel Stadium - Anaheim,"Local TV: FanDuel Sports Network West- FS1 ----- Local Radio: KLAA 830- KTMZ 1220",08/18/25,08/19/25,09:38 PM,12:38 AM,FALSE,TRUE,08/18/25,05:38 PM,08:38 PM,FREE,BUSY
08/19/25,06:38 PM,09:38 PM,Reds at Angels,Angel Stadium - Anaheim,"Local TV: FanDuel Sports Network West ----- Local Radio: KLAA 830- KTMZ 1220",08/19/25,08/20/25,09:38 PM,12:38 AM,FALSE,TRUE,08/19/25,05:38 PM,08:38 PM,FREE,BUSY
08/20/25,06:38 PM,09:38 PM,Reds at Angels,Angel Stadium - Anaheim,"Local TV: FanDuel Sports Network West- MLBN (out-of-market only) ----- Local Radio: KLAA 830- KWKW 1330",08/20/25,08/21/25,09:38 PM,12:38 AM,FALSE,TRUE,08/20/25,05:38 PM,08:38 PM,FREE,BUSY
08/22/25,06:38 PM,09:38 PM,Cubs at Angels,Angel Stadium - Anaheim,"Local TV: FanDuel Sports Network West ----- Local Radio: KLAA 830- KWKW 1330",08/22/25,08/23/25,09:38 PM,12:38 AM,FALSE,TRUE,08/22/25,05:38 PM,08:38 PM,FREE,BUSY
08/23/25,06:38 PM,09:38 PM,Cubs at Angels,Angel Stadium - Anaheim,"Local TV: FanDuel Sports Network West ----- Local Radio: KLAA 830",08/23/25,08/24/25,09:38 PM,12:38 AM,FALSE,TRUE,08/23/25,05:38 PM,08:38 PM,FREE,BUSY
08/24/25,01:07 PM,04:07 PM,Cubs at Angels,Angel Stadium - Anaheim,"Local TV: FanDuel Sports Network West- KCOP 13 ----- Local Radio: KLAA 830- KTMZ 1220",08/24/25,08/24/25,04:07 PM,07:07 PM,FALSE,TRUE,08/24/25,12:07 PM,03:07 PM,FREE,BUSY
08/25/25,05:05 PM,08:05 PM,Angels at Rangers,Globe Life Field - Arlington,"Local TV: FanDuel Sports Network West ----- Local Radio: KLAA 830- KTMZ 1220",08/25/25,08/25/25,08:05 PM,11:05 PM,FALSE,TRUE,08/25/25,04:05 PM,07:05 PM,FREE,BUSY
08/26/25,05:05 PM,08:05 PM,Angels at Rangers,Globe Life Field - Arlington,"Local TV: FanDuel Sports Network West ----- Local Radio: KLAA 830- KTMZ 1220",08/26/25,08/26/25,08:05 PM,11:05 PM,FALSE,TRUE,08/26/25,04:05 PM,07:05 PM,FREE,BUSY
08/27/25,05:05 PM,08:05 PM,Angels at Rangers,Globe Life Field - Arlington,"Local TV: FanDuel Sports Network West ----- Local Radio: KLAA 830- KTMZ 1220",08/27/25,08/27/25,08:05 PM,11:05 PM,FALSE,TRUE,08/27/25,04:05 PM,07:05 PM,FREE,BUSY
08/29/25,05:10 PM,08:10 PM,Angels at Astros,Daikin Park - Houston,"Local TV: FanDuel Sports Network West ----- Local Radio: KLAA 830",08/29/25,08/29/25,08:10 PM,11:10 PM,FALSE,TRUE,08/29/25,04:10 PM,07:10 PM,FREE,BUSY
08/30/25,04:10 PM,07:10 PM,Angels at Astros,Daikin Park - Houston,"Local TV: FanDuel Sports Network West ----- Local Radio: KLAA 830",08/30/25,08/30/25,07:10 PM,10:10 PM,FALSE,TRUE,08/30/25,03:10 PM,06:10 PM,FREE,BUSY
08/31/25,11:10 AM,02:10 PM,Angels at Astros,Daikin Park - Houston,"Local TV: FanDuel Sports Network West ----- Local Radio: KLAA 830",08/31/25,08/31/25,02:10 PM,05:10 PM,FALSE,TRUE,08/31/25,10:10 AM,01:10 PM,FREE,BUSY
09/01/25,11:10 AM,02:10 PM,Angels at Astros,Daikin Park - Houston,"Local TV: FanDuel Sports Network West ----- Local Radio: KLAA 830",09/01/25,09/01/25,02:10 PM,05:10 PM,FALSE,TRUE,09/01/25,10:10 AM,01:10 PM,FREE,BUSY
09/02/25,04:40 PM,07:40 PM,Angels at Royals,Kauffman Stadium - Kansas City,"Local TV: FanDuel Sports Network West ----- Local Radio: KLAA 830",09/02/25,09/02/25,07:40 PM,10:40 PM,FALSE,TRUE,09/02/25,03:40 PM,06:40 PM,FREE,BUSY
09/03/25,04:40 PM,07:40 PM,Angels at Royals,Kauffman Stadium - Kansas City,"Local TV: FanDuel Sports Network West ----- Local Radio: KLAA 830",09/03/25,09/03/25,07:40 PM,10:40 PM,FALSE,TRUE,09/03/25,03:40 PM,06:40 PM,FREE,BUSY
09/04/25,04:40 PM,07:40 PM,Angels at Royals,Kauffman Stadium - Kansas City,"Local TV: FanDuel Sports Network West ----- Local Radio: KLAA 830",09/04/25,09/04/25,07:40 PM,10:40 PM,FALSE,TRUE,09/04/25,03:40 PM,06:40 PM,FREE,BUSY
09/05/25,06:38 PM,09:38 PM,Athletics at Angels,Angel Stadium - Anaheim,"Local TV: FanDuel Sports Network West ----- Local Radio: KLAA 830- KWKW 1330",09/05/25,09/06/25,09:38 PM,12:38 AM,FALSE,TRUE,09/05/25,05:38 PM,08:38 PM,FREE,BUSY
09/06/25,06:38 PM,09:38 PM,Athletics at Angels,Angel Stadium - Anaheim,"Local TV: FanDuel Sports Network West ----- Local Radio: KLAA 830- KTMZ 1220",09/06/25,09/07/25,09:38 PM,12:38 AM,FALSE,TRUE,09/06/25,05:38 PM,08:38 PM,FREE,BUSY
09/07/25,01:07 PM,04:07 PM,Athletics at Angels,Angel Stadium - Anaheim,"Local TV: FanDuel Sports Network West ----- Local Radio: KLAA 830",09/07/25,09/07/25,04:07 PM,07:07 PM,FALSE,TRUE,09/07/25,12:07 PM,03:07 PM,FREE,BUSY
09/08/25,06:38 PM,09:38 PM,Twins at Angels,Angel Stadium - Anaheim,"Local TV: FanDuel Sports Network West ----- Local Radio: KLAA 830- KTMZ 1220",09/08/25,09/09/25,09:38 PM,12:38 AM,FALSE,TRUE,09/08/25,05:38 PM,08:38 PM,FREE,BUSY
09/09/25,06:38 PM,09:38 PM,Twins at Angels,Angel Stadium - Anaheim,"Local TV: FanDuel Sports Network West ----- Local Radio: KLAA 830- KWKW 1330",09/09/25,09/10/25,09:38 PM,12:38 AM,FALSE,TRUE,09/09/25,05:38 PM,08:38 PM,FREE,BUSY
09/10/25,01:07 PM,04:07 PM,Twins at Angels,Angel Stadium - Anaheim,"Local TV: FanDuel Sports Network West ----- Local Radio: KLAA 830",09/10/25,09/10/25,04:07 PM,07:07 PM,FALSE,TRUE,09/10/25,12:07 PM,03:07 PM,FREE,BUSY
09/11/25,06:40 PM,09:40 PM,Angels at Mariners,T-Mobile Park - Seattle,"Local TV: FanDuel Sports Network West- MLBN (out-of-market only) ----- Local Radio: KLAA 830- KTMZ 1220",09/11/25,09/12/25,09:40 PM,12:40 AM,FALSE,TRUE,09/11/25,05:40 PM,08:40 PM,FREE,BUSY
09/12/25,07:10 PM,10:10 PM,Angels at Mariners,T-Mobile Park - Seattle,"Local TV: Apple TV+ ----- Local Radio: KLAA 830- KWKW 1330",09/12/25,09/13/25,10:10 PM,01:10 AM,FALSE,TRUE,09/12/25,06:10 PM,09:10 PM,FREE,BUSY
09/13/25,06:40 PM,09:40 PM,Angels at Mariners,T-Mobile Park - Seattle,"Local TV: FanDuel Sports Network West ----- Local Radio: KLAA 830",09/13/25,09/14/25,09:40 PM,12:40 AM,FALSE,TRUE,09/13/25,05:40 PM,08:40 PM,FREE,BUSY
09/14/25,01:10 PM,04:10 PM,Angels at Mariners,T-Mobile Park - Seattle,"Local TV: FanDuel Sports Network West- KCOP 13 ----- Local Radio: KLAA 830",09/14/25,09/14/25,04:10 PM,07:10 PM,FALSE,TRUE,09/14/25,12:10 PM,03:10 PM,FREE,BUSY
09/16/25,04:40 PM,07:40 PM,Angels at Brewers,American Family Field - Milwaukee,"Local TV: FanDuel Sports Network West ----- Local Radio: KLAA 830",09/16/25,09/16/25,07:40 PM,10:40 PM,FALSE,TRUE,09/16/25,03:40 PM,06:40 PM,FREE,BUSY
09/17/25,04:40 PM,07:40 PM,Angels at Brewers,American Family Field - Milwaukee,"Local TV: FanDuel Sports Network West ----- Local Radio: KLAA 830",09/17/25,09/17/25,07:40 PM,10:40 PM,FALSE,TRUE,09/17/25,03:40 PM,06:40 PM,FREE,BUSY
09/18/25,04:40 PM,07:40 PM,Angels at Brewers,American Family Field - Milwaukee,"Local TV: FanDuel Sports Network West ----- Local Radio: KLAA 830",09/18/25,09/18/25,07:40 PM,10:40 PM,FALSE,TRUE,09/18/25,03:40 PM,06:40 PM,FREE,BUSY
09/19/25,05:10 PM,08:10 PM,Angels at Rockies,Coors Field - Denver,"Local TV: FanDuel Sports Network West ----- Local Radio: KLAA 830- KTMZ 1220",09/19/25,09/19/25,08:10 PM,11:10 PM,FALSE,TRUE,09/19/25,04:10 PM,07:10 PM,FREE,BUSY
09/20/25,05:10 PM,08:10 PM,Angels at Rockies,Coors Field - Denver,"Local TV: FanDuel Sports Network West ----- Local Radio: KLAA 830",09/20/25,09/20/25,08:10 PM,11:10 PM,FALSE,TRUE,09/20/25,04:10 PM,07:10 PM,FREE,BUSY
09/21/25,12:10 PM,03:10 PM,Angels at Rockies,Coors Field - Denver,"Local TV: FanDuel Sports Network West- KCOP 13 ----- Local Radio: KLAA 830",09/21/25,09/21/25,03:10 PM,06:10 PM,FALSE,TRUE,09/21/25,11:10 AM,02:10 PM,FREE,BUSY
09/23/25,06:38 PM,09:38 PM,Royals at Angels,Angel Stadium - Anaheim,"Local TV: FanDuel Sports Network West ----- Local Radio: KLAA 830- KWKW 1330",09/23/25,09/24/25,09:38 PM,12:38 AM,FALSE,TRUE,09/23/25,05:38 PM,08:38 PM,FREE,BUSY
09/24/25,06:38 PM,09:38 PM,Royals at Angels,Angel Stadium - Anaheim,"Local TV: FanDuel Sports Network West ----- Local Radio: KLAA 830- KTMZ 1220",09/24/25,09/25/25,09:38 PM,12:38 AM,FALSE,TRUE,09/24/25,05:38 PM,08:38 PM,FREE,BUSY
09/25/25,06:38 PM,09:38 PM,Royals at Angels,Angel Stadium - Anaheim,"Local TV: FanDuel Sports Network West ----- Local Radio: KLAA 830",09/25/25,09/26/25,09:38 PM,12:38 AM,FALSE,TRUE,09/25/25,05:38 PM,08:38 PM,FREE,BUSY
09/26/25,06:38 PM,09:38 PM,Astros at Angels,Angel Stadium - Anaheim,"Local TV: FanDuel Sports Network West ----- Local Radio: KLAA 830- KTMZ 1220",09/26/25,09/27/25,09:38 PM,12:38 AM,FALSE,TRUE,09/26/25,05:38 PM,08:38 PM,FREE,BUSY
09/27/25,06:38 PM,09:38 PM,Astros at Angels,Angel Stadium - Anaheim,"Local TV: FanDuel Sports Network West ----- Local Radio: KLAA 830",09/27/25,09/28/25,09:38 PM,12:38 AM,FALSE,TRUE,09/27/25,05:38 PM,08:38 PM,FREE,BUSY
09/28/25,12:07 PM,03:07 PM,Astros at Angels,Angel Stadium - Anaheim,"Local TV: FanDuel Sports Network West- KCOP 13 ----- Local Radio: KLAA 830- KTMZ 1220",09/28/25,09/28/25,03:07 PM,06:07 PM,FALSE,TRUE,09/28/25,11:07 AM,02:07 PM,FREE,BUSY
03/26/26,,,Angels at Astros - Time TBD,Daikin Park - Houston,"",03/26/26,03/26/26,,,FALSE,TRUE,03/26/26,,,FREE,BUSY
03/27/26,,,Angels at Astros - Time TBD,Daikin Park - Houston,"",03/27/26,03/27/26,,,FALSE,TRUE,03/27/26,,,FREE,BUSY
03/28/26,,,Angels at Astros - Time TBD,Daikin Park - Houston,"",03/28/26,03/28/26,,,FALSE,TRUE,03/28/26,,,FREE,BUSY
03/29/26,,,Angels at Astros - Time TBD,Daikin Park - Houston,"",03/29/26,03/29/26,,,FALSE,TRUE,03/29/26,,,FREE,BUSY
03/30/26,,,Angels at Cubs - Time TBD,Wrigley Field - Chicago,"",03/30/26,03/30/26,,,FALSE,TRUE,03/30/26,,,FREE,BUSY
03/31/26,,,Angels at Cubs - Time TBD,Wrigley Field - Chicago,"",03/31/26,03/31/26,,,FALSE,TRUE,03/31/26,,,FREE,BUSY
04/01/26,,,Angels at Cubs - Time TBD,Wrigley Field - Chicago,"",04/01/26,04/01/26,,,FALSE,TRUE,04/01/26,,,FREE,BUSY
04/03/26,,,Mariners at Angels - Time TBD,Angel Stadium - Anaheim,"",04/03/26,04/03/26,,,FALSE,TRUE,04/03/26,,,FREE,BUSY
04/04/26,,,Mariners at Angels - Time TBD,Angel Stadium - Anaheim,"",04/04/26,04/04/26,,,FALSE,TRUE,04/04/26,,,FREE,BUSY
04/05/26,,,Mariners at Angels - Time TBD,Angel Stadium - Anaheim,"",04/05/26,04/05/26,,,FALSE,TRUE,04/05/26,,,FREE,BUSY
04/06/26,,,Braves at Angels - Time TBD,Angel Stadium - Anaheim,"",04/06/26,04/06/26,,,FALSE,TRUE,04/06/26,,,FREE,BUSY
04/07/26,,,Braves at Angels - Time TBD,Angel Stadium - Anaheim,"",04/07/26,04/07/26,,,FALSE,TRUE,04/07/26,,,FREE,BUSY
04/08/26,,,Braves at Angels - Time TBD,Angel Stadium - Anaheim,"",04/08/26,04/08/26,,,FALSE,TRUE,04/08/26,,,FREE,BUSY
04/10/26,,,Angels at Reds - Time TBD,Great American Ball Park - Cincinnati,"",04/10/26,04/10/26,,,FALSE,TRUE,04/10/26,,,FREE,BUSY
04/11/26,,,Angels at Reds - Time TBD,Great American Ball Park - Cincinnati,"",04/11/26,04/11/26,,,FALSE,TRUE,04/11/26,,,FREE,BUSY
04/12/26,,,Angels at Reds - Time TBD,Great American Ball Park - Cincinnati,"",04/12/26,04/12/26,,,FALSE,TRUE,04/12/26,,,FREE,BUSY
04/13/26,,,Angels at Yankees - Time TBD,Yankee Stadium - Bronx,"",04/13/26,04/13/26,,,FALSE,TRUE,04/13/26,,,FREE,BUSY
04/14/26,,,Angels at Yankees - Time TBD,Yankee Stadium - Bronx,"",04/14/26,04/14/26,,,FALSE,TRUE,04/14/26,,,FREE,BUSY
04/15/26,,,Angels at Yankees - Time TBD,Yankee Stadium - Bronx,"",04/15/26,04/15/26,,,FALSE,TRUE,04/15/26,,,FREE,BUSY
04/16/26,,,Angels at Yankees - Time TBD,Yankee Stadium - Bronx,"",04/16/26,04/16/26,,,FALSE,TRUE,04/16/26,,,FREE,BUSY
04/17/26,,,Padres at Angels - Time TBD,Angel Stadium - Anaheim,"",04/17/26,04/17/26,,,FALSE,TRUE,04/17/26,,,FREE,BUSY
04/18/26,,,Padres at Angels - Time TBD,Angel Stadium - Anaheim,"",04/18/26,04/18/26,,,FALSE,TRUE,04/18/26,,,FREE,BUSY
04/19/26,,,Padres at Angels - Time TBD,Angel Stadium - Anaheim,"",04/19/26,04/19/26,,,FALSE,TRUE,04/19/26,,,FREE,BUSY
04/20/26,,,Blue Jays at Angels - Time TBD,Angel Stadium - Anaheim,"",04/20/26,04/20/26,,,FALSE,TRUE,04/20/26,,,FREE,BUSY
04/21/26,,,Blue Jays at Angels - Time TBD,Angel Stadium - Anaheim,"",04/21/26,04/21/26,,,FALSE,TRUE,04/21/26,,,FREE,BUSY
04/22/26,,,Blue Jays at Angels - Time TBD,Angel Stadium - Anaheim,"",04/22/26,04/22/26,,,FALSE,TRUE,04/22/26,,,FREE,BUSY
04/24/26,,,Angels at Royals - Time TBD,Kauffman Stadium - Kansas City,"",04/24/26,04/24/26,,,FALSE,TRUE,04/24/26,,,FREE,BUSY
04/25/26,,,Angels at Royals - Time TBD,Kauffman Stadium - Kansas City,"",04/25/26,04/25/26,,,FALSE,TRUE,04/25/26,,,FREE,BUSY
04/26/26,,,Angels at Royals - Time TBD,Kauffman Stadium - Kansas City,"",04/26/26,04/26/26,,,FALSE,TRUE,04/26/26,,,FREE,BUSY
04/27/26,,,Angels at White Sox - Time TBD,Rate Field - Chicago,"",04/27/26,04/27/26,,,FALSE,TRUE,04/27/26,,,FREE,BUSY
04/28/26,,,Angels at White Sox - Time TBD,Rate Field - Chicago,"",04/28/26,04/28/26,,,FALSE,TRUE,04/28/26,,,FREE,BUSY
04/29/26,,,Angels at White Sox - Time TBD,Rate Field - Chicago,"",04/29/26,04/29/26,,,FALSE,TRUE,04/29/26,,,FREE,BUSY
05/01/26,,,Mets at Angels - Time TBD,Angel Stadium - Anaheim,"",05/01/26,05/01/26,,,FALSE,TRUE,05/01/26,,,FREE,BUSY
05/02/26,,,Mets at Angels - Time TBD,Angel Stadium - Anaheim,"",05/02/26,05/02/26,,,FALSE,TRUE,05/02/26,,,FREE,BUSY
05/03/26,,,Mets at Angels - Time TBD,Angel Stadium - Anaheim,"",05/03/26,05/03/26,,,FALSE,TRUE,05/03/26,,,FREE,BUSY
05/04/26,,,White Sox at Angels - Time TBD,Angel Stadium - Anaheim,"",05/04/26,05/04/26,,,FALSE,TRUE,05/04/26,,,FREE,BUSY
05/05/26,,,White Sox at Angels - Time TBD,Angel Stadium - Anaheim,"",05/05/26,05/05/26,,,FALSE,TRUE,05/05/26,,,FREE,BUSY
05/06/26,,,White Sox at Angels - Time TBD,Angel Stadium - Anaheim,"",05/06/26,05/06/26,,,FALSE,TRUE,05/06/26,,,FREE,BUSY
05/08/26,,,Angels at Blue Jays - Time TBD,Rogers Centre - Toronto,"",05/08/26,05/08/26,,,FALSE,TRUE,05/08/26,,,FREE,BUSY
05/09/26,,,Angels at Blue Jays - Time TBD,Rogers Centre - Toronto,"",05/09/26,05/09/26,,,FALSE,TRUE,05/09/26,,,FREE,BUSY
05/10/26,,,Angels at Blue Jays - Time TBD,Rogers Centre - Toronto,"",05/10/26,05/10/26,,,FALSE,TRUE,05/10/26,,,FREE,BUSY
05/11/26,,,Angels at Guardians - Time TBD,Progressive Field - Cleveland,"",05/11/26,05/11/26,,,FALSE,TRUE,05/11/26,,,FREE,BUSY
05/12/26,,,Angels at Guardians - Time TBD,Progressive Field - Cleveland,"",05/12/26,05/12/26,,,FALSE,TRUE,05/12/26,,,FREE,BUSY
05/13/26,,,Angels at Guardians - Time TBD,Progressive Field - Cleveland,"",05/13/26,05/13/26,,,FALSE,TRUE,05/13/26,,,FREE,BUSY
05/15/26,,,Dodgers at Angels - Time TBD,Angel Stadium - Anaheim,"",05/15/26,05/15/26,,,FALSE,TRUE,05/15/26,,,FREE,BUSY
05/16/26,,,Dodgers at Angels - Time TBD,Angel Stadium - Anaheim,"",05/16/26,05/16/26,,,FALSE,TRUE,05/16/26,,,FREE,BUSY
05/17/26,,,Dodgers at Angels - Time TBD,Angel Stadium - Anaheim,"",05/17/26,05/17/26,,,FALSE,TRUE,05/17/26,,,FREE,BUSY
05/18/26,,,Athletics at Angels - Time TBD,Angel Stadium - Anaheim,"",05/18/26,05/18/26,,,FALSE,TRUE,05/18/26,,,FREE,BUSY
05/19/26,,,Athletics at Angels - Time TBD,Angel Stadium - Anaheim,"",05/19/26,05/19/26,,,FALSE,TRUE,05/19/26,,,FREE,BUSY
05/20/26,,,Athletics at Angels - Time TBD,Angel Stadium - Anaheim,"",05/20/26,05/20/26,,,FALSE,TRUE,05/20/26,,,FREE,BUSY
05/21/26,,,Athletics at Angels - Time TBD,Angel Stadium - Anaheim,"",05/21/26,05/21/26,,,FALSE,TRUE,05/21/26,,,FREE,BUSY
05/22/26,,,Rangers at Angels - Time TBD,Angel Stadium - Anaheim,"",05/22/26,05/22/26,,,FALSE,TRUE,05/22/26,,,FREE,BUSY
05/23/26,,,Rangers at Angels - Time TBD,Angel Stadium - Anaheim,"",05/23/26,05/23/26,,,FALSE,TRUE,05/23/26,,,FREE,BUSY
05/24/26,,,Rangers at Angels - Time TBD,Angel Stadium - Anaheim,"",05/24/26,05/24/26,,,FALSE,TRUE,05/24/26,,,FREE,BUSY
05/26/26,,,Angels at Tigers - Time TBD,Comerica Park - Detroit,"",05/26/26,05/26/26,,,FALSE,TRUE,05/26/26,,,FREE,BUSY
05/27/26,,,Angels at Tigers - Time TBD,Comerica Park - Detroit,"",05/27/26,05/27/26,,,FALSE,TRUE,05/27/26,,,FREE,BUSY
05/28/26,,,Angels at Tigers - Time TBD,Comerica Park - Detroit,"",05/28/26,05/28/26,,,FALSE,TRUE,05/28/26,,,FREE,BUSY
05/29/26,,,Angels at Rays - Time TBD,George M. Steinbrenner Field - Tampa,"",05/29/26,05/29/26,,,FALSE,TRUE,05/29/26,,,FREE,BUSY
05/30/26,,,Angels at Rays - Time TBD,George M. Steinbrenner Field - Tampa,"",05/30/26,05/30/26,,,FALSE,TRUE,05/30/26,,,FREE,BUSY
05/31/26,,,Angels at Rays - Time TBD,George M. Steinbrenner Field - Tampa,"",05/31/26,05/31/26,,,FALSE,TRUE,05/31/26,,,FREE,BUSY
06/01/26,,,Rockies at Angels - Time TBD,Angel Stadium - Anaheim,"",06/01/26,06/01/26,,,FALSE,TRUE,06/01/26,,,FREE,BUSY
06/02/26,,,Rockies at Angels - Time TBD,Angel Stadium - Anaheim,"",06/02/26,06/02/26,,,FALSE,TRUE,06/02/26,,,FREE,BUSY
06/03/26,,,Rockies at Angels - Time TBD,Angel Stadium - Anaheim,"",06/03/26,06/03/26,,,FALSE,TRUE,06/03/26,,,FREE,BUSY
06/05/26,,,Angels at Dodgers - Time TBD,Dodger Stadium - Los Angeles,"",06/05/26,06/05/26,,,FALSE,TRUE,06/05/26,,,FREE,BUSY
06/06/26,,,Angels at Dodgers - Time TBD,Dodger Stadium - Los Angeles,"",06/06/26,06/06/26,,,FALSE,TRUE,06/06/26,,,FREE,BUSY
06/07/26,,,Angels at Dodgers - Time TBD,Dodger Stadium - Los Angeles,"",06/07/26,06/07/26,,,FALSE,TRUE,06/07/26,,,FREE,BUSY
06/08/26,,,Astros at Angels - Time TBD,Angel Stadium - Anaheim,"",06/08/26,06/08/26,,,FALSE,TRUE,06/08/26,,,FREE,BUSY
06/09/26,,,Astros at Angels - Time TBD,Angel Stadium - Anaheim,"",06/09/26,06/09/26,,,FALSE,TRUE,06/09/26,,,FREE,BUSY
06/10/26,,,Astros at Angels - Time TBD,Angel Stadium - Anaheim,"",06/10/26,06/10/26,,,FALSE,TRUE,06/10/26,,,FREE,BUSY
06/12/26,,,Rays at Angels - Time TBD,Angel Stadium - Anaheim,"",06/12/26,06/12/26,,,FALSE,TRUE,06/12/26,,,FREE,BUSY
06/13/26,,,Rays at Angels - Time TBD,Angel Stadium - Anaheim,"",06/13/26,06/13/26,,,FALSE,TRUE,06/13/26,,,FREE,BUSY
06/14/26,,,Rays at Angels - Time TBD,Angel Stadium - Anaheim,"",06/14/26,06/14/26,,,FALSE,TRUE,06/14/26,,,FREE,BUSY
06/15/26,,,Angels at D-backs - Time TBD,Chase Field - Phoenix,"",06/15/26,06/15/26,,,FALSE,TRUE,06/15/26,,,FREE,BUSY
06/16/26,,,Angels at D-backs - Time TBD,Chase Field - Phoenix,"",06/16/26,06/16/26,,,FALSE,TRUE,06/16/26,,,FREE,BUSY
06/17/26,,,Angels at D-backs - Time TBD,Chase Field - Phoenix,"",06/17/26,06/17/26,,,FALSE,TRUE,06/17/26,,,FREE,BUSY
06/18/26,,,Angels at Athletics - Time TBD,Sutter Health Park - Sacramento,"",06/18/26,06/18/26,,,FALSE,TRUE,06/18/26,,,FREE,BUSY
06/19/26,,,Angels at Athletics - Time TBD,Sutter Health Park - Sacramento,"",06/19/26,06/19/26,,,FALSE,TRUE,06/19/26,,,FREE,BUSY
06/20/26,,,Angels at Athletics - Time TBD,Sutter Health Park - Sacramento,"",06/20/26,06/20/26,,,FALSE,TRUE,06/20/26,,,FREE,BUSY
06/21/26,,,Angels at Athletics - Time TBD,Sutter Health Park - Sacramento,"",06/21/26,06/21/26,,,FALSE,TRUE,06/21/26,,,FREE,BUSY
06/22/26,,,Orioles at Angels - Time TBD,Angel Stadium - Anaheim,"",06/22/26,06/22/26,,,FALSE,TRUE,06/22/26,,,FREE,BUSY
06/23/26,,,Orioles at Angels - Time TBD,Angel Stadium - Anaheim,"",06/23/26,06/23/26,,,FALSE,TRUE,06/23/26,,,FREE,BUSY
06/24/26,,,Orioles at Angels - Time TBD,Angel Stadium - Anaheim,"",06/24/26,06/24/26,,,FALSE,TRUE,06/24/26,,,FREE,BUSY
06/26/26,,,Athletics at Angels - Time TBD,Angel Stadium - Anaheim,"",06/26/26,06/26/26,,,FALSE,TRUE,06/26/26,,,FREE,BUSY
06/27/26,,,Athletics at Angels - Time TBD,Angel Stadium - Anaheim,"",06/27/26,06/27/26,,,FALSE,TRUE,06/27/26,,,FREE,BUSY
06/28/26,,,Athletics at Angels - Time TBD,Angel Stadium - Anaheim,"",06/28/26,06/28/26,,,FALSE,TRUE,06/28/26,,,FREE,BUSY
06/29/26,,,Angels at Mariners - Time TBD,T-Mobile Park - Seattle,"",06/29/26,06/29/26,,,FALSE,TRUE,06/29/26,,,FREE,BUSY
06/30/26,,,Angels at Mariners - Time TBD,T-Mobile Park - Seattle,"",06/30/26,06/30/26,,,FALSE,TRUE,06/30/26,,,FREE,BUSY
07/02/26,,,Angels at Mariners - Time TBD,T-Mobile Park - Seattle,"",07/02/26,07/02/26,,,FALSE,TRUE,07/02/26,,,FREE,BUSY
07/03/26,,,Red Sox at Angels - Time TBD,Angel Stadium - Anaheim,"",07/03/26,07/03/26,,,FALSE,TRUE,07/03/26,,,FREE,BUSY
07/04/26,,,Red Sox at Angels - Time TBD,Angel Stadium - Anaheim,"",07/04/26,07/04/26,,,FALSE,TRUE,07/04/26,,,FREE,BUSY
07/05/26,,,Red Sox at Angels - Time TBD,Angel Stadium - Anaheim,"",07/05/26,07/05/26,,,FALSE,TRUE,07/05/26,,,FREE,BUSY
07/07/26,,,Angels at Rangers - Time TBD,Globe Life Field - Arlington,"",07/07/26,07/07/26,,,FALSE,TRUE,07/07/26,,,FREE,BUSY
07/08/26,,,Angels at Rangers - Time TBD,Globe Life Field - Arlington,"",07/08/26,07/08/26,,,FALSE,TRUE,07/08/26,,,FREE,BUSY
07/09/26,,,Angels at Rangers - Time TBD,Globe Life Field - Arlington,"",07/09/26,07/09/26,,,FALSE,TRUE,07/09/26,,,FREE,BUSY
07/10/26,,,Angels at Twins - Time TBD,Target Field - Minneapolis,"",07/10/26,07/10/26,,,FALSE,TRUE,07/10/26,,,FREE,BUSY
07/11/26,,,Angels at Twins - Time TBD,Target Field - Minneapolis,"",07/11/26,07/11/26,,,FALSE,TRUE,07/11/26,,,FREE,BUSY
07/12/26,,,Angels at Twins - Time TBD,Target Field - Minneapolis,"",07/12/26,07/12/26,,,FALSE,TRUE,07/12/26,,,FREE,BUSY
07/17/26,,,Tigers at Angels - Time TBD,Angel Stadium - Anaheim,"",07/17/26,07/17/26,,,FALSE,TRUE,07/17/26,,,FREE,BUSY
07/18/26,,,Tigers at Angels - Time TBD,Angel Stadium - Anaheim,"",07/18/26,07/18/26,,,FALSE,TRUE,07/18/26,,,FREE,BUSY
07/19/26,,,Tigers at Angels - Time TBD,Angel Stadium - Anaheim,"",07/19/26,07/19/26,,,FALSE,TRUE,07/19/26,,,FREE,BUSY
07/20/26,,,Cardinals at Angels - Time TBD,Angel Stadium - Anaheim,"",07/20/26,07/20/26,,,FALSE,TRUE,07/20/26,,,FREE,BUSY
07/21/26,,,Cardinals at Angels - Time TBD,Angel Stadium - Anaheim,"",07/21/26,07/21/26,,,FALSE,TRUE,07/21/26,,,FREE,BUSY
07/22/26,,,Cardinals at Angels - Time TBD,Angel Stadium - Anaheim,"",07/22/26,07/22/26,,,FALSE,TRUE,07/22/26,,,FREE,BUSY
07/24/26,,,Angels at Giants - Time TBD,Oracle Park - San Francisco,"",07/24/26,07/24/26,,,FALSE,TRUE,07/24/26,,,FREE,BUSY
07/25/26,,,Angels at Giants - Time TBD,Oracle Park - San Francisco,"",07/25/26,07/25/26,,,FALSE,TRUE,07/25/26,,,FREE,BUSY
07/26/26,,,Angels at Giants - Time TBD,Oracle Park - San Francisco,"",07/26/26,07/26/26,,,FALSE,TRUE,07/26/26,,,FREE,BUSY
07/27/26,,,Astros at Angels - Time TBD,Angel Stadium - Anaheim,"",07/27/26,07/27/26,,,FALSE,TRUE,07/27/26,,,FREE,BUSY
07/28/26,,,Astros at Angels - Time TBD,Angel Stadium - Anaheim,"",07/28/26,07/28/26,,,FALSE,TRUE,07/28/26,,,FREE,BUSY
07/29/26,,,Astros at Angels - Time TBD,Angel Stadium - Anaheim,"",07/29/26,07/29/26,,,FALSE,TRUE,07/29/26,,,FREE,BUSY
07/31/26,,,Brewers at Angels - Time TBD,Angel Stadium - Anaheim,"",07/31/26,07/31/26,,,FALSE,TRUE,07/31/26,,,FREE,BUSY
08/01/26,,,Brewers at Angels - Time TBD,Angel Stadium - Anaheim,"",08/01/26,08/01/26,,,FALSE,TRUE,08/01/26,,,FREE,BUSY
08/02/26,,,Brewers at Angels - Time TBD,Angel Stadium - Anaheim,"",08/02/26,08/02/26,,,FALSE,TRUE,08/02/26,,,FREE,BUSY
08/04/26,,,Angels at Orioles - Time TBD,Oriole Park at Camden Yards - Baltimore,"",08/04/26,08/04/26,,,FALSE,TRUE,08/04/26,,,FREE,BUSY
08/05/26,,,Angels at Orioles - Time TBD,Oriole Park at Camden Yards - Baltimore,"",08/05/26,08/05/26,,,FALSE,TRUE,08/05/26,,,FREE,BUSY
08/06/26,,,Angels at Orioles - Time TBD,Oriole Park at Camden Yards - Baltimore,"",08/06/26,08/06/26,,,FALSE,TRUE,08/06/26,,,FREE,BUSY
08/07/26,,,Angels at Marlins - Time TBD,loanDepot park - Miami,"",08/07/26,08/07/26,,,FALSE,TRUE,08/07/26,,,FREE,BUSY
08/08/26,,,Angels at Marlins - Time TBD,loanDepot park - Miami,"",08/08/26,08/08/26,,,FALSE,TRUE,08/08/26,,,FREE,BUSY
08/09/26,,,Angels at Marlins - Time TBD,loanDepot park - Miami,"",08/09/26,08/09/26,,,FALSE,TRUE,08/09/26,,,FREE,BUSY
08/10/26,,,Rangers at Angels - Time TBD,Angel Stadium - Anaheim,"",08/10/26,08/10/26,,,FALSE,TRUE,08/10/26,,,FREE,BUSY
08/11/26,,,Rangers at Angels - Time TBD,Angel Stadium - Anaheim,"",08/11/26,08/11/26,,,FALSE,TRUE,08/11/26,,,FREE,BUSY
08/12/26,,,Rangers at Angels - Time TBD,Angel Stadium - Anaheim,"",08/12/26,08/12/26,,,FALSE,TRUE,08/12/26,,,FREE,BUSY
08/13/26,,,Rangers at Angels - Time TBD,Angel Stadium - Anaheim,"",08/13/26,08/13/26,,,FALSE,TRUE,08/13/26,,,FREE,BUSY
08/14/26,,,Royals at Angels - Time TBD,Angel Stadium - Anaheim,"",08/14/26,08/14/26,,,FALSE,TRUE,08/14/26,,,FREE,BUSY
08/15/26,,,Royals at Angels - Time TBD,Angel Stadium - Anaheim,"",08/15/26,08/15/26,,,FALSE,TRUE,08/15/26,,,FREE,BUSY
08/16/26,,,Royals at Angels - Time TBD,Angel Stadium - Anaheim,"",08/16/26,08/16/26,,,FALSE,TRUE,08/16/26,,,FREE,BUSY
08/18/26,,,Angels at Astros - Time TBD,Daikin Park - Houston,"",08/18/26,08/18/26,,,FALSE,TRUE,08/18/26,,,FREE,BUSY
08/19/26,,,Angels at Astros - Time TBD,Daikin Park - Houston,"",08/19/26,08/19/26,,,FALSE,TRUE,08/19/26,,,FREE,BUSY
08/20/26,,,Angels at Astros - Time TBD,Daikin Park - Houston,"",08/20/26,08/20/26,,,FALSE,TRUE,08/20/26,,,FREE,BUSY
08/21/26,,,Angels at Rangers - Time TBD,Globe Life Field - Arlington,"",08/21/26,08/21/26,,,FALSE,TRUE,08/21/26,,,FREE,BUSY
08/22/26,,,Angels at Rangers - Time TBD,Globe Life Field - Arlington,"",08/22/26,08/22/26,,,FALSE,TRUE,08/22/26,,,FREE,BUSY
08/23/26,,,Angels at Rangers - Time TBD,Globe Life Field - Arlington,"",08/23/26,08/23/26,,,FALSE,TRUE,08/23/26,,,FREE,BUSY
08/24/26,,,Guardians at Angels - Time TBD,Angel Stadium - Anaheim,"",08/24/26,08/24/26,,,FALSE,TRUE,08/24/26,,,FREE,BUSY
08/25/26,,,Guardians at Angels - Time TBD,Angel Stadium - Anaheim,"",08/25/26,08/25/26,,,FALSE,TRUE,08/25/26,,,FREE,BUSY
08/26/26,,,Guardians at Angels - Time TBD,Angel Stadium - Anaheim,"",08/26/26,08/26/26,,,FALSE,TRUE,08/26/26,,,FREE,BUSY
08/28/26,,,Phillies at Angels - Time TBD,Angel Stadium - Anaheim,"",08/28/26,08/28/26,,,FALSE,TRUE,08/28/26,,,FREE,BUSY
08/29/26,,,Phillies at Angels - Time TBD,Angel Stadium - Anaheim,"",08/29/26,08/29/26,,,FALSE,TRUE,08/29/26,,,FREE,BUSY
08/30/26,,,Phillies at Angels - Time TBD,Angel Stadium - Anaheim,"",08/30/26,08/30/26,,,FALSE,TRUE,08/30/26,,,FREE,BUSY
08/31/26,,,Yankees at Angels - Time TBD,Angel Stadium - Anaheim,"",08/31/26,08/31/26,,,FALSE,TRUE,08/31/26,,,FREE,BUSY
09/01/26,,,Yankees at Angels - Time TBD,Angel Stadium - Anaheim,"",09/01/26,09/01/26,,,FALSE,TRUE,09/01/26,,,FREE,BUSY
09/02/26,,,Yankees at Angels - Time TBD,Angel Stadium - Anaheim,"",09/02/26,09/02/26,,,FALSE,TRUE,09/02/26,,,FREE,BUSY
09/04/26,,,Angels at Pirates - Time TBD,PNC Park - Pittsburgh,"",09/04/26,09/04/26,,,FALSE,TRUE,09/04/26,,,FREE,BUSY
09/05/26,,,Angels at Pirates - Time TBD,PNC Park - Pittsburgh,"",09/05/26,09/05/26,,,FALSE,TRUE,09/05/26,,,FREE,BUSY
09/06/26,,,Angels at Pirates - Time TBD,PNC Park - Pittsburgh,"",09/06/26,09/06/26,,,FALSE,TRUE,09/06/26,,,FREE,BUSY
09/07/26,,,Angels at Red Sox - Time TBD,Fenway Park - Boston,"",09/07/26,09/07/26,,,FALSE,TRUE,09/07/26,,,FREE,BUSY
09/08/26,,,Angels at Red Sox - Time TBD,Fenway Park - Boston,"",09/08/26,09/08/26,,,FALSE,TRUE,09/08/26,,,FREE,BUSY
09/09/26,,,Angels at Red Sox - Time TBD,Fenway Park - Boston,"",09/09/26,09/09/26,,,FALSE,TRUE,09/09/26,,,FREE,BUSY
09/11/26,,,Angels at Nationals - Time TBD,Nationals Park - Washington,"",09/11/26,09/11/26,,,FALSE,TRUE,09/11/26,,,FREE,BUSY
09/12/26,,,Angels at Nationals - Time TBD,Nationals Park - Washington,"",09/12/26,09/12/26,,,FALSE,TRUE,09/12/26,,,FREE,BUSY
09/13/26,,,Angels at Nationals - Time TBD,Nationals Park - Washington,"",09/13/26,09/13/26,,,FALSE,TRUE,09/13/26,,,FREE,BUSY
09/14/26,,,Mariners at Angels - Time TBD,Angel Stadium - Anaheim,"",09/14/26,09/14/26,,,FALSE,TRUE,09/14/26,,,FREE,BUSY
09/15/26,,,Mariners at Angels - Time TBD,Angel Stadium - Anaheim,"",09/15/26,09/15/26,,,FALSE,TRUE,09/15/26,,,FREE,BUSY
09/16/26,,,Mariners at Angels - Time TBD,Angel Stadium - Anaheim,"",09/16/26,09/16/26,,,FALSE,TRUE,09/16/26,,,FREE,BUSY
09/17/26,,,Twins at Angels - Time TBD,Angel Stadium - Anaheim,"",09/17/26,09/17/26,,,FALSE,TRUE,09/17/26,,,FREE,BUSY
09/18/26,,,Twins at Angels - Time TBD,Angel Stadium - Anaheim,"",09/18/26,09/18/26,,,FALSE,TRUE,09/18/26,,,FREE,BUSY
09/19/26,,,Twins at Angels - Time TBD,Angel Stadium - Anaheim,"",09/19/26,09/19/26,,,FALSE,TRUE,09/19/26,,,FREE,BUSY
09/20/26,,,Twins at Angels - Time TBD,Angel Stadium - Anaheim,"",09/20/26,09/20/26,,,FALSE,TRUE,09/20/26,,,FREE,BUSY
09/22/26,,,Angels at Athletics - Time TBD,Sutter Health Park - Sacramento,"",09/22/26,09/22/26,,,FALSE,TRUE,09/22/26,,,FREE,BUSY
09/23/26,,,Angels at Athletics - Time TBD,Sutter Health Park - Sacramento,"",09/23/26,09/23/26,,,FALSE,TRUE,09/23/26,,,FREE,BUSY
09/24/26,,,Angels at Mariners - Time TBD,T-Mobile Park - Seattle,"",09/24/26,09/24/26,,,FALSE,TRUE,09/24/26,,,FREE,BUSY
09/25/26,,,Angels at Mariners - Time TBD,T-Mobile Park - Seattle,"",09/25/26,09/25/26,,,FALSE,TRUE,09/25/26,,,FREE,BUSY
09/26/26,,,Angels at Mariners - Time TBD,T-Mobile Park - Seattle,"",09/26/26,09/26/26,,,FALSE,TRUE,09/26/26,,,FREE,BUSY
09/27/26,,,Angels at Mariners - Time TBD,T-Mobile Park - Seattle,"",09/27/26,09/27/26,,,FALSE,TRUE,09/27/26,,,FREE,BUSY
